SetPalette
00 00 00 00 00 00 00 00 00 00 00 00 00 00 00 00 00 00 00 00 00 00 00 00 00 00 00 00 00 00 00 00 00 00 00 00 00 00 00 00 00 00 00 00 00 00 00 00 00 00 00 00 00 00 00 00 00 00 00 00 00 00 00 00 
00 00 00 00 00 00 00 00 00 00 00 00 00 00 00 00 00 00 00 00 00 00 00 00 00 00 00 00 00 00 00 00 00 00 00 00 00 00 00 00 00 00 00 00 00 00 00 00 00 00 00 00 00 00 00 00 00 00 00 00 00 00 00 00 
00 00 00 00 00 00 00 00 00 00 00 00 00 00 00 00 00 00 00 00 00 00 00 00 00 00 00 00 00 00 00 00 00 00 00 00 00 00 00 00 00 00 00 00 00 00 00 00 00 00 00 00 00 00 00 00 00 00 00 00 00 00 00 00 
SetPalette
00 00 00 00 00 00 00 00 00 00 00 00 00 00 00 00 00 00 00 00 00 00 00 00 00 00 00 00 00 00 00 00 00 00 00 00 00 00 00 00 00 00 00 00 00 00 00 00 00 00 00 00 00 00 00 00 00 00 00 00 00 00 00 00 
00 00 00 00 00 00 00 00 00 00 00 00 00 00 00 00 00 00 00 00 00 00 00 00 00 00 00 00 00 00 00 00 00 00 00 00 00 00 00 00 00 00 00 00 00 00 00 00 00 00 00 00 00 00 00 00 00 00 00 00 00 00 00 00 
00 00 00 00 00 00 00 00 00 00 00 00 00 00 00 00 00 00 00 00 00 00 00 00 00 00 00 00 00 00 00 00 00 00 00 00 00 00 00 00 00 00 00 00 00 00 00 00 00 00 00 00 00 00 00 00 00 00 00 00 00 00 00 00 
SetPalette
00 00 00 00 00 00 00 00 00 00 00 00 00 00 00 00 00 00 00 00 00 00 00 00 00 00 00 00 00 00 00 00 00 00 00 00 00 00 00 00 00 00 00 00 00 00 00 00 00 00 00 00 00 00 00 00 00 00 00 00 00 00 00 00 
00 00 00 00 00 00 00 00 00 00 00 00 00 00 00 00 00 00 00 00 00 00 00 00 00 00 00 00 00 00 00 00 00 00 00 00 00 00 00 00 00 00 00 00 00 00 00 00 00 00 00 00 00 00 00 00 00 00 00 00 00 00 00 00 
00 00 00 00 00 00 00 00 00 00 00 00 00 00 00 00 00 00 00 00 00 00 00 00 00 00 00 00 00 00 00 00 00 00 00 00 00 00 00 00 00 00 00 00 00 00 00 00 00 00 00 00 00 00 00 00 00 00 00 00 00 00 00 00 
SetPalette
00 00 00 00 00 00 00 00 00 00 00 00 00 00 00 00 00 00 00 00 00 00 00 00 00 00 00 00 00 00 00 00 00 00 00 00 00 00 00 00 00 00 00 00 00 00 00 00 00 00 00 00 00 00 00 00 00 00 00 00 00 00 00 00 
00 00 00 00 00 00 00 00 00 00 00 00 00 00 00 00 00 00 00 00 00 00 00 00 00 00 00 00 00 00 00 00 00 00 00 00 00 00 00 00 00 00 00 00 00 00 00 00 00 00 00 00 00 00 00 00 00 00 00 00 00 00 00 00 
00 00 00 00 00 00 00 00 00 00 00 00 00 00 00 00 00 00 00 00 00 00 00 00 00 00 00 00 00 00 00 00 00 00 00 00 00 00 00 00 00 00 00 00 00 00 00 00 00 00 00 00 00 00 00 00 00 00 00 00 00 00 00 00 
SetPalette
00 00 00 00 00 00 00 00 00 00 00 00 00 00 00 00 00 00 00 00 00 00 00 00 00 00 00 00 00 00 00 00 00 00 00 00 00 00 00 00 00 00 00 00 00 00 00 00 00 00 00 00 00 00 00 00 00 00 00 00 00 00 00 00 
00 00 00 00 00 00 00 00 00 00 00 00 00 00 00 00 00 00 00 00 00 00 00 00 00 00 00 00 00 00 00 00 00 00 00 00 00 00 00 00 00 00 00 00 00 00 00 00 00 00 00 00 00 00 00 00 00 00 00 00 00 00 00 00 
00 00 00 00 00 00 00 00 00 00 00 00 00 00 00 00 00 00 00 00 00 00 00 00 00 00 00 00 00 00 00 00 00 00 00 00 00 00 00 00 00 00 00 00 00 00 00 00 00 00 00 00 00 00 00 00 00 00 00 00 00 00 00 00 
SetPalette
00 00 00 00 00 00 00 00 00 00 00 00 00 00 00 00 00 00 00 00 00 00 00 00 00 00 00 00 00 00 00 00 00 00 00 00 00 00 00 00 00 00 00 00 00 00 00 00 00 00 00 00 00 00 00 00 00 00 00 00 00 00 00 00 
00 00 00 00 00 00 00 00 00 00 00 00 00 00 00 00 00 00 00 00 00 00 00 00 00 00 00 00 00 00 00 00 00 00 00 00 00 00 00 00 00 00 00 00 00 00 00 00 00 00 00 00 00 00 00 00 00 00 00 00 00 00 00 00 
00 00 00 00 00 00 00 00 00 00 00 00 00 00 00 00 00 00 00 00 00 00 00 00 00 00 00 00 00 00 00 00 00 00 00 00 00 00 00 00 00 00 00 00 00 00 00 00 00 00 00 00 00 00 00 00 00 00 00 00 00 00 00 00 
SetPalette
00 00 00 00 00 00 00 00 00 00 00 00 00 00 00 00 00 00 00 00 00 00 00 00 00 00 00 00 00 00 00 00 00 00 00 00 00 00 00 00 00 00 00 00 00 00 00 00 00 00 00 00 00 00 00 00 00 00 00 00 00 00 00 00 
00 00 00 00 00 00 00 00 00 00 00 00 00 00 00 00 00 00 00 00 00 00 00 00 00 00 00 00 00 00 00 00 00 00 00 00 00 00 00 00 00 00 00 00 00 00 00 00 00 00 00 00 00 00 00 00 00 00 00 00 00 00 00 00 
00 00 00 00 00 00 00 00 00 00 00 00 00 00 00 00 00 00 00 00 00 00 00 00 00 00 00 00 00 00 00 00 00 00 00 00 00 00 00 00 00 00 00 00 00 00 00 00 00 00 00 00 00 00 00 00 00 00 00 00 00 00 00 00 
SetPalette
00 00 00 00 00 00 00 00 00 00 00 00 00 00 00 00 00 00 00 00 00 00 00 00 00 00 00 00 00 00 00 00 00 00 00 00 00 00 00 00 00 00 00 00 00 00 00 00 00 00 00 00 00 00 00 00 00 00 00 00 00 00 00 00 
00 00 00 00 00 00 00 00 00 00 00 00 00 00 00 00 00 00 00 00 00 00 00 00 00 00 00 00 00 00 00 00 00 00 00 00 00 00 00 00 00 00 00 00 00 00 00 00 00 00 00 00 00 00 00 00 00 00 00 00 00 00 00 00 
00 00 00 00 00 00 00 00 00 00 00 00 00 00 00 00 00 00 00 00 00 00 00 00 00 00 00 00 00 00 00 00 00 00 00 00 00 00 00 00 00 00 00 00 00 00 00 00 00 00 00 00 00 00 00 00 00 00 00 00 00 00 00 00 
SetPalette
00 00 00 00 00 00 00 00 00 00 00 00 00 00 00 00 00 00 00 00 00 00 00 00 00 00 00 00 00 00 00 00 00 00 00 00 00 00 00 00 00 00 00 00 00 00 00 00 00 00 00 00 00 00 00 00 00 00 00 00 00 00 00 00 
00 00 00 00 00 00 00 00 00 00 00 00 00 00 00 00 00 00 00 00 00 00 00 00 00 00 00 00 00 00 00 00 00 00 00 00 00 00 00 00 00 00 00 00 00 00 00 00 00 00 00 00 00 00 00 00 00 00 00 00 00 00 00 00 
00 00 00 00 00 00 00 00 00 00 00 00 00 00 00 00 00 00 00 00 00 00 00 00 00 00 00 00 00 00 00 00 00 00 00 00 00 00 00 00 00 00 00 00 00 00 00 00 00 00 00 00 00 00 00 00 00 00 00 00 00 00 00 00 
SetPalette
00 00 00 00 00 00 00 00 00 00 00 00 00 00 00 00 00 00 00 00 00 00 00 00 00 00 00 00 00 00 00 00 00 00 00 00 00 00 00 00 00 00 00 00 00 00 00 00 00 00 00 00 00 00 00 00 00 00 00 00 00 00 00 00 
00 00 00 00 00 00 00 00 00 00 00 00 00 00 00 00 00 00 00 00 00 00 00 00 00 00 00 00 00 00 00 00 00 00 00 00 00 00 00 00 00 00 00 00 00 00 00 00 00 00 00 00 00 00 00 00 00 00 00 00 00 00 00 00 
00 00 00 00 00 00 00 00 00 00 00 00 00 00 00 00 00 00 00 00 00 00 00 00 00 00 00 00 00 00 00 00 00 00 00 00 00 00 00 00 00 00 00 00 00 00 00 00 00 00 00 00 00 00 00 00 00 00 00 00 00 00 00 00 
SetPalette
00 00 00 00 00 00 00 00 00 00 00 00 00 00 00 00 00 00 00 00 00 00 00 00 00 00 00 00 00 00 00 00 00 00 00 00 00 00 00 00 00 00 00 00 00 00 00 00 00 00 00 00 00 00 00 00 00 00 00 00 00 00 00 00 
00 00 00 00 00 00 00 00 00 00 00 00 00 00 00 00 00 00 00 00 00 00 00 00 00 00 00 00 00 00 00 00 00 00 00 00 00 00 00 00 00 00 00 00 00 00 00 00 00 00 00 00 00 00 00 00 00 00 00 00 00 00 00 00 
00 00 00 00 00 00 00 00 00 00 00 00 00 00 00 00 00 00 00 00 00 00 00 00 00 00 00 00 00 00 00 00 00 00 00 00 00 00 00 00 00 00 00 00 00 00 00 00 00 00 00 00 00 00 00 00 00 00 00 00 00 00 00 00 
SetPalette
00 00 00 00 00 00 00 00 00 00 00 00 00 00 00 00 00 00 00 00 00 00 00 00 00 00 00 00 00 00 00 00 00 00 00 00 00 00 00 00 00 00 00 00 00 00 00 00 00 00 00 00 00 00 00 00 00 00 00 00 00 00 00 00 
00 00 00 00 00 00 00 00 00 00 00 00 00 00 00 00 00 00 00 00 00 00 00 00 00 00 00 00 00 00 00 00 00 00 00 00 00 00 00 00 00 00 00 00 00 00 00 00 00 00 00 00 00 00 00 00 00 00 00 00 00 00 00 00 
00 00 00 00 00 00 00 00 00 00 00 00 00 00 00 00 00 00 00 00 00 00 00 00 00 00 00 00 00 00 00 00 00 00 00 00 00 00 00 00 00 00 00 00 00 00 00 00 00 00 00 00 00 00 00 00 00 00 00 00 00 00 00 00 
SetPalette
00 00 00 00 00 00 00 00 00 00 00 00 00 00 00 00 00 00 00 00 00 00 00 00 00 00 00 00 00 00 00 00 00 00 00 00 00 00 00 00 00 00 00 00 00 00 00 00 00 00 00 00 00 00 00 00 00 00 00 00 00 00 00 00 
00 00 00 00 00 00 00 00 00 00 00 00 00 00 00 00 00 00 00 00 00 00 00 00 00 00 00 00 00 00 00 00 00 00 00 00 00 00 00 00 00 00 00 00 00 00 00 00 00 00 00 00 00 00 00 00 00 00 00 00 00 00 00 00 
00 00 00 00 00 00 00 00 00 00 00 00 00 00 00 00 00 00 00 00 00 00 00 00 00 00 00 00 00 00 00 00 00 00 00 00 00 00 00 00 00 00 00 00 00 00 00 00 00 00 00 00 00 00 00 00 00 00 00 00 00 00 00 00 
SetPalette
00 00 00 00 00 00 00 00 00 00 00 00 00 00 00 00 00 00 00 00 00 00 00 00 00 00 00 00 00 00 00 00 00 00 00 00 00 00 00 00 00 00 00 00 00 00 00 00 00 00 00 00 00 00 00 00 00 00 00 00 00 00 00 00 
00 00 00 00 00 00 00 00 00 00 00 00 00 00 00 00 00 00 00 00 00 00 00 00 00 00 00 00 00 00 00 00 00 00 00 00 00 00 00 00 00 00 00 00 00 00 00 00 00 00 00 00 00 00 00 00 00 00 00 00 00 00 00 00 
00 00 00 00 00 00 00 00 00 00 00 00 00 00 00 00 00 00 00 00 00 00 00 00 00 00 00 00 00 00 00 00 00 00 00 00 00 00 00 00 00 00 00 00 00 00 00 00 00 00 00 00 00 00 00 00 00 00 00 00 00 00 00 00 
SetPalette
00 00 00 00 00 00 00 00 00 00 00 00 00 00 00 00 00 00 00 00 00 00 00 00 00 00 00 00 00 00 00 00 00 00 00 00 00 00 00 00 00 00 00 00 00 00 00 00 00 00 00 00 00 00 00 00 00 00 00 00 00 00 00 00 
00 00 00 00 00 00 00 00 00 00 00 00 00 00 00 00 00 00 00 00 00 00 00 00 00 00 00 00 00 00 00 00 00 00 00 00 00 00 00 00 00 00 00 00 00 00 00 00 00 00 00 00 00 00 00 00 00 00 00 00 00 00 00 00 
00 00 00 00 00 00 00 00 00 00 00 00 00 00 00 00 00 00 00 00 00 00 00 00 00 00 00 00 00 00 00 00 00 00 00 00 00 00 00 00 00 00 00 00 00 00 00 00 00 00 00 00 00 00 00 00 00 00 00 00 00 00 00 00 
SetPalette
00 00 00 00 00 00 00 00 00 00 00 00 00 00 00 00 00 00 00 00 00 00 00 00 00 00 00 00 00 00 00 00 00 00 00 00 00 00 00 00 00 00 00 00 00 00 00 00 00 00 00 00 00 00 00 00 00 00 00 00 00 00 00 00 
00 00 00 00 00 00 00 00 00 00 00 00 00 00 00 00 00 00 00 00 00 00 00 00 00 00 00 00 00 00 00 00 00 00 00 00 00 00 00 00 00 00 00 00 00 00 00 00 00 00 00 00 00 00 00 00 00 00 00 00 00 00 00 00 
00 00 00 00 00 00 00 00 00 00 00 00 00 00 00 00 00 00 00 00 00 00 00 00 00 00 00 00 00 00 00 00 00 00 00 00 00 00 00 00 00 00 00 00 00 00 00 00 00 00 00 00 00 00 00 00 00 00 00 00 00 00 00 00 
SetPalette
00 00 00 00 00 00 00 00 00 00 00 00 00 00 00 00 00 00 00 00 00 00 00 00 00 00 00 00 00 00 00 00 00 00 00 00 00 00 00 00 00 00 00 00 00 00 00 00 00 00 00 00 00 00 00 00 00 00 00 00 00 00 00 00 
00 00 00 00 00 00 00 00 00 00 00 00 00 00 00 00 00 00 00 00 00 00 00 00 00 00 00 00 00 00 00 00 00 00 00 00 00 00 00 00 00 00 00 00 00 00 00 00 00 00 00 00 00 00 00 00 00 00 00 00 00 00 00 00 
00 00 00 00 00 00 00 00 00 00 00 00 00 00 00 00 00 00 00 00 00 00 00 00 00 00 00 00 00 00 00 00 00 00 00 00 00 00 00 00 00 00 00 00 00 00 00 00 00 00 00 00 00 00 00 00 00 00 00 00 00 00 00 00 
SetPalette
00 00 00 00 00 00 00 00 00 00 00 00 00 00 00 00 00 00 00 00 00 00 00 00 00 00 00 00 00 00 00 00 00 00 00 00 00 00 00 00 00 00 00 00 00 00 00 00 00 00 00 00 00 00 00 00 00 00 00 00 00 00 00 00 
00 00 00 00 00 00 00 00 00 00 00 00 00 00 00 00 00 00 00 00 00 00 00 00 00 00 00 00 00 00 00 00 00 00 00 00 00 00 00 00 00 00 00 00 00 00 00 00 00 00 00 00 00 00 00 00 00 00 00 00 00 00 00 00 
00 00 00 00 00 00 00 00 00 00 00 00 00 00 00 00 00 00 00 00 00 00 00 00 00 00 00 00 00 00 00 00 00 00 00 00 00 00 00 00 00 00 00 00 00 00 00 00 00 00 00 00 00 00 00 00 00 00 00 00 00 00 00 00 
SetPalette
00 00 00 00 00 00 00 00 00 00 00 00 00 00 00 00 00 00 00 00 00 00 00 00 00 00 00 00 00 00 00 00 00 00 00 00 00 00 00 00 00 00 00 00 00 00 00 00 00 00 00 00 00 00 00 00 00 00 00 00 00 00 00 00 
00 00 00 00 00 00 00 00 00 00 00 00 00 00 00 00 00 00 00 00 00 00 00 00 00 00 00 00 00 00 00 00 00 00 00 00 00 00 00 00 00 00 00 00 00 00 00 00 00 00 00 00 00 00 00 00 00 00 00 00 00 00 00 00 
00 00 00 00 00 00 00 00 00 00 00 00 00 00 00 00 00 00 00 00 00 00 00 00 00 00 00 00 00 00 00 00 00 00 00 00 00 00 00 00 00 00 00 00 00 00 00 00 00 00 00 00 00 00 00 00 00 00 00 00 00 00 00 00 
SetPalette
00 00 00 00 00 00 00 00 00 00 00 00 00 00 00 00 00 00 00 00 00 00 00 00 00 00 00 00 00 00 00 00 00 00 00 00 00 00 00 00 00 00 00 00 00 00 00 00 00 00 00 00 00 00 00 00 00 00 00 00 00 00 00 00 
00 00 00 00 00 00 00 00 00 00 00 00 00 00 00 00 00 00 00 00 00 00 00 00 00 00 00 00 00 00 00 00 00 00 00 00 00 00 00 00 00 00 00 00 00 00 00 00 00 00 00 00 00 00 00 00 00 00 00 00 00 00 00 00 
00 00 00 00 00 00 00 00 00 00 00 00 00 00 00 00 00 00 00 00 00 00 00 00 00 00 00 00 00 00 00 00 00 00 00 00 00 00 00 00 00 00 00 00 00 00 00 00 00 00 00 00 00 00 00 00 00 00 00 00 00 00 00 00 
SetPalette
00 00 00 00 00 00 00 00 00 00 00 00 00 00 00 00 00 00 00 00 00 00 00 00 00 00 00 00 00 00 00 00 00 00 00 00 00 00 00 00 00 00 00 00 00 00 00 00 00 00 00 00 00 00 00 00 00 00 00 00 00 00 00 00 
00 00 00 00 00 00 00 00 00 00 00 00 00 00 00 00 00 00 00 00 00 00 00 00 00 00 00 00 00 00 00 00 00 00 00 00 00 00 00 00 00 00 00 00 00 00 00 00 00 00 00 00 00 00 00 00 00 00 00 00 00 00 00 00 
00 00 00 00 00 00 00 00 00 00 00 00 00 00 00 00 00 00 00 00 00 00 00 00 00 00 00 00 00 00 00 00 00 00 00 00 00 00 00 00 00 00 00 00 00 00 00 00 00 00 00 00 00 00 00 00 00 00 00 00 00 00 00 00 
SetPalette
00 00 00 00 00 00 00 00 00 00 00 00 00 00 00 00 00 00 00 00 00 00 00 00 00 00 00 00 00 00 00 00 00 00 00 00 00 00 00 00 00 00 00 00 00 00 00 00 00 00 00 00 00 00 00 00 00 00 00 00 00 00 00 00 
00 00 00 00 00 00 00 00 00 00 00 00 00 00 00 00 00 00 00 00 00 00 00 00 00 00 00 00 00 00 00 00 00 00 00 00 00 00 00 00 00 00 00 00 00 00 00 00 00 00 00 00 00 00 00 00 00 00 00 00 00 00 00 00 
00 00 00 00 00 00 00 00 00 00 00 00 00 00 00 00 00 00 00 00 00 00 00 00 00 00 00 00 00 00 00 00 00 00 00 00 00 00 00 00 00 00 00 00 00 00 00 00 00 00 00 00 00 00 00 00 00 00 00 00 00 00 00 00 
SetPalette
00 00 00 00 00 00 00 00 00 00 00 00 00 00 00 00 00 00 00 00 00 00 00 00 00 00 00 00 00 00 00 00 00 00 00 00 00 00 00 00 00 00 00 00 00 00 00 00 00 00 00 00 00 00 00 00 00 00 00 00 00 00 00 00 
00 00 00 00 00 00 00 00 00 00 00 00 00 00 00 00 00 00 00 00 00 00 00 00 00 00 00 00 00 00 00 00 00 00 00 00 00 00 00 00 00 00 00 00 00 00 00 00 00 00 00 00 00 00 00 00 00 00 00 00 00 00 00 00 
00 00 00 00 00 00 00 00 00 00 00 00 00 00 00 00 00 00 00 00 00 00 00 00 00 00 00 00 00 00 00 00 00 00 00 00 00 00 00 00 00 00 00 00 00 00 00 00 00 00 00 00 00 00 00 00 00 00 00 00 00 00 00 00 
SetPalette
00 00 00 00 00 00 00 00 00 00 00 00 00 00 00 00 00 00 00 00 00 00 00 00 00 00 00 00 00 00 00 00 00 00 00 00 00 00 00 00 00 00 00 00 00 00 00 00 00 00 00 00 00 00 00 00 00 00 00 00 00 00 00 00 
00 00 00 00 00 00 00 00 00 00 00 00 00 00 00 00 00 00 00 00 00 00 00 00 00 00 00 00 00 00 00 00 00 00 00 00 00 00 00 00 00 00 00 00 00 00 00 00 00 00 00 00 00 00 00 00 00 00 00 00 00 00 00 00 
00 00 00 00 00 00 00 00 00 00 00 00 00 00 00 00 00 00 00 00 00 00 00 00 00 00 00 00 00 00 00 00 00 00 00 00 00 00 00 00 00 00 00 00 00 00 00 00 00 00 00 00 00 00 00 00 00 00 00 00 00 00 00 00 
SetPalette
00 00 00 00 00 00 00 00 00 00 00 00 00 00 00 00 00 00 00 00 00 00 00 00 00 00 00 00 00 00 00 00 00 00 00 00 00 00 00 00 00 00 00 00 00 00 00 00 00 00 00 00 00 00 00 00 00 00 00 00 00 00 00 00 
00 00 00 00 00 00 00 00 00 00 00 00 00 00 00 00 00 00 00 00 00 00 00 00 00 00 00 00 00 00 00 00 00 00 00 00 00 00 00 00 00 00 00 00 00 00 00 00 00 00 00 00 00 00 00 00 00 00 00 00 00 00 00 00 
00 00 00 00 00 00 00 00 00 00 00 00 00 00 00 00 00 00 00 00 00 00 00 00 00 00 00 00 00 00 00 00 00 00 00 00 00 00 00 00 00 00 00 00 00 00 00 00 00 00 00 00 00 00 00 00 00 00 00 00 00 00 00 00 
SetPalette
00 00 00 00 00 00 00 00 00 00 00 00 00 00 00 00 00 00 00 00 00 00 00 00 00 00 00 00 00 00 00 00 00 00 00 00 00 00 00 00 00 00 00 00 00 00 00 00 00 00 00 00 00 00 00 00 00 00 00 00 00 00 00 00 
00 00 00 00 00 00 00 00 00 00 00 00 00 00 00 00 00 00 00 00 00 00 00 00 00 00 00 00 00 00 00 00 00 00 00 00 00 00 00 00 00 00 00 00 00 00 00 00 00 00 00 00 00 00 00 00 00 00 00 00 00 00 00 00 
00 00 00 00 00 00 00 00 00 00 00 00 00 00 00 00 00 00 00 00 00 00 00 00 00 00 00 00 00 00 00 00 00 00 00 00 00 00 00 00 00 00 00 00 00 00 00 00 00 00 00 00 00 00 00 00 00 00 00 00 00 00 00 00 
SetPalette
00 00 00 00 00 00 00 00 00 00 00 00 00 00 00 00 00 00 00 00 00 00 00 00 00 00 00 00 00 00 00 00 00 00 00 00 00 00 00 00 00 00 00 00 00 00 00 00 00 00 00 00 00 00 00 00 00 00 00 00 00 00 00 00 
00 00 00 00 00 00 00 00 00 00 00 00 00 00 00 00 00 00 00 00 00 00 00 00 00 00 00 00 00 00 00 00 00 00 00 00 00 00 00 00 00 00 00 00 00 00 00 00 00 00 00 00 00 00 00 00 00 00 00 00 00 00 00 00 
00 00 00 00 00 00 00 00 00 00 00 00 00 00 00 00 00 00 00 00 00 00 00 00 00 00 00 00 00 00 00 00 00 00 00 00 00 00 00 00 00 00 00 00 00 00 00 00 00 00 00 00 00 00 00 00 00 00 00 00 00 00 00 00 
SetPalette
00 00 00 00 00 00 00 00 00 00 00 00 00 00 00 00 00 00 00 00 00 00 00 00 00 00 00 00 00 00 00 00 00 00 00 00 00 00 00 00 00 00 00 00 00 00 00 00 00 00 00 00 00 00 00 00 00 00 00 00 00 00 00 00 
00 00 00 00 00 00 00 00 00 00 00 00 00 00 00 00 00 00 00 00 00 00 00 00 00 00 00 00 00 00 00 00 00 00 00 00 00 00 00 00 00 00 00 00 00 00 00 00 00 00 00 00 00 00 00 00 00 00 00 00 00 00 00 00 
00 00 00 00 00 00 00 00 00 00 00 00 00 00 00 00 00 00 00 00 00 00 00 00 00 00 00 00 00 00 00 00 00 00 00 00 00 00 00 00 00 00 00 00 00 00 00 00 00 00 00 00 00 00 00 00 00 00 00 00 00 00 00 00 
SetPalette
00 00 00 00 00 00 00 00 00 00 00 00 00 00 00 00 00 00 00 00 00 00 00 00 00 00 00 00 00 00 00 00 00 00 00 00 00 00 00 00 00 00 00 00 00 00 00 00 00 00 00 00 00 00 00 00 00 00 00 00 00 00 00 00 
00 00 00 00 00 00 00 00 00 00 00 00 00 00 00 00 00 00 00 00 00 00 00 00 00 00 00 00 00 00 00 00 00 00 00 00 00 00 00 00 00 00 00 00 00 00 00 00 00 00 00 00 00 00 00 00 00 00 00 00 00 00 00 00 
00 00 00 00 00 00 00 00 00 00 00 00 00 00 00 00 00 00 00 00 00 00 00 00 00 00 00 00 00 00 00 00 00 00 00 00 00 00 00 00 00 00 00 00 00 00 00 00 00 00 00 00 00 00 00 00 00 00 00 00 00 00 00 00 
SetPalette
00 00 00 00 00 00 00 00 00 00 00 00 00 00 00 00 00 00 00 00 00 00 00 00 00 00 00 00 00 00 00 00 00 00 00 00 00 00 00 00 00 00 00 00 00 00 00 00 00 00 00 00 00 00 00 00 00 00 00 00 00 00 00 00 
00 00 00 00 00 00 00 00 00 00 00 00 00 00 00 00 00 00 00 00 00 00 00 00 00 00 00 00 00 00 00 00 00 00 00 00 00 00 00 00 00 00 00 00 00 00 00 00 00 00 00 00 00 00 00 00 00 00 00 00 00 00 00 00 
00 00 00 00 00 00 00 00 00 00 00 00 00 00 00 00 00 00 00 00 00 00 00 00 00 00 00 00 00 00 00 00 00 00 00 00 00 00 00 00 00 00 00 00 00 00 00 00 00 00 00 00 00 00 00 00 00 00 00 00 00 00 00 00 
SetPalette
00 00 00 00 00 00 00 00 00 00 00 00 00 00 00 00 00 00 00 00 00 00 00 00 00 00 00 00 00 00 00 00 00 00 00 00 00 00 00 00 00 00 00 00 00 00 00 00 00 00 00 00 00 00 00 00 00 00 00 00 00 00 00 00 
00 00 00 00 00 00 00 00 00 00 00 00 00 00 00 00 00 00 00 00 00 00 00 00 00 00 00 00 00 00 00 00 00 00 00 00 00 00 00 00 00 00 00 00 00 00 00 00 00 00 00 00 00 00 00 00 00 00 00 00 00 00 00 00 
00 00 00 00 00 00 00 00 00 00 00 00 00 00 00 00 00 00 00 00 00 00 00 00 00 00 00 00 00 00 00 00 00 00 00 00 00 00 00 00 00 00 00 00 00 00 00 00 00 00 00 00 00 00 00 00 00 00 00 00 00 00 00 00 
SetPalette
00 00 00 00 00 00 00 00 00 00 00 00 00 00 00 00 00 00 00 00 00 00 00 00 00 00 00 00 00 00 00 00 00 00 00 00 00 00 00 00 00 00 00 00 00 00 00 00 00 00 00 00 00 00 00 00 00 00 00 00 00 00 00 00 
00 00 00 00 00 00 00 00 00 00 00 00 00 00 00 00 00 00 00 00 00 00 00 00 00 00 00 00 00 00 00 00 00 00 00 00 00 00 00 00 00 00 00 00 00 00 00 00 00 00 00 00 00 00 00 00 00 00 00 00 00 00 00 00 
00 00 00 00 00 00 00 00 00 00 00 00 00 00 00 00 00 00 00 00 00 00 00 00 00 00 00 00 00 00 00 00 00 00 00 00 00 00 00 00 00 00 00 00 00 00 00 00 00 00 00 00 00 00 00 00 00 00 00 00 00 00 00 00 
SetPalette
00 00 00 00 00 00 00 00 00 00 00 00 00 00 00 00 00 00 00 00 00 00 00 00 00 00 00 00 00 00 00 00 00 00 00 00 00 00 00 00 00 00 00 00 00 00 00 00 00 00 00 00 00 00 00 00 00 00 00 00 00 00 00 00 
00 00 00 00 00 00 00 00 00 00 00 00 00 00 00 00 00 00 00 00 00 00 00 00 00 00 00 00 00 00 00 00 00 00 00 00 00 00 00 00 00 00 00 00 00 00 00 00 00 00 00 00 00 00 00 00 00 00 00 00 00 00 00 00 
00 00 00 00 00 00 00 00 00 00 00 00 00 00 00 00 00 00 00 00 00 00 00 00 00 00 00 00 00 00 00 00 00 00 00 00 00 00 00 00 00 00 00 00 00 00 00 00 00 00 00 00 00 00 00 00 00 00 00 00 00 00 00 00 
SetPalette
00 00 00 00 00 00 00 00 00 00 00 00 00 00 00 00 00 00 00 00 00 00 00 00 00 00 00 00 00 00 00 00 00 00 00 00 00 00 00 00 00 00 00 00 00 00 00 00 00 00 00 00 00 00 00 00 00 00 00 00 00 00 00 00 
00 00 00 00 00 00 00 00 00 00 00 00 00 00 00 00 00 00 00 00 00 00 00 00 00 00 00 00 00 00 00 00 00 00 00 00 00 00 00 00 00 00 00 00 00 00 00 00 00 00 00 00 00 00 00 00 00 00 00 00 00 00 00 00 
00 00 00 00 00 00 00 00 00 00 00 00 00 00 00 00 00 00 00 00 00 00 00 00 00 00 00 00 00 00 00 00 00 00 00 00 00 00 00 00 00 00 00 00 00 00 00 00 00 00 00 00 00 00 00 00 00 00 00 00 00 00 00 00 
SetPalette
00 00 00 00 00 00 00 00 00 00 00 00 00 00 00 00 00 00 00 00 00 00 00 00 00 00 00 00 00 00 00 00 00 00 00 00 00 00 00 00 00 00 00 00 00 00 00 00 00 00 00 00 00 00 00 00 00 00 00 00 00 00 00 00 
00 00 00 00 00 00 00 00 00 00 00 00 00 00 00 00 00 00 00 00 00 00 00 00 00 00 00 00 00 00 00 00 00 00 00 00 00 00 00 00 00 00 00 00 00 00 00 00 00 00 00 00 00 00 00 00 00 00 00 00 00 00 00 00 
00 00 00 00 00 00 00 00 00 00 00 00 00 00 00 00 00 00 00 00 00 00 00 00 00 00 00 00 00 00 00 00 00 00 00 00 00 00 00 00 00 00 00 00 00 00 00 00 00 00 00 00 00 00 00 00 00 00 00 00 00 00 00 00 
SetPalette
00 00 00 00 00 00 00 00 00 00 00 00 00 00 00 00 00 00 00 00 00 00 00 00 00 00 00 00 00 00 00 00 00 00 00 00 00 00 00 00 00 00 00 00 00 00 00 00 00 00 00 00 00 00 00 00 00 00 00 00 00 00 00 00 
00 00 00 00 00 00 00 00 00 00 00 00 00 00 00 00 00 00 00 00 00 00 00 00 00 00 00 00 00 00 00 00 00 00 00 00 00 00 00 00 00 00 00 00 00 00 00 00 00 00 00 00 00 00 00 00 00 00 00 00 00 00 00 00 
00 00 00 00 00 00 00 00 00 00 00 00 00 00 00 00 00 00 00 00 00 00 00 00 00 00 00 00 00 00 00 00 00 00 00 00 00 00 00 00 00 00 00 00 00 00 00 00 00 00 00 00 00 00 00 00 00 00 00 00 00 00 00 00 
MBChangePalette gain(0.000000 0.000000 0.000000), offset(0.000000 0.000000 0.000000), sat(1.000000)
SetPalette
00 04 04 04 00 00 04 00 04 00 00 00 00 00 04 00 00 00 04 00 00 00 04 00 00 00 00 00 00 00 04 00 00 04 00 00 00 00 00 00 00 00 04 00 00 00 00 04 00 04 00 00 00 00 00 04 00 00 00 00 00 00 00 00 
00 00 00 00 00 00 00 04 04 04 00 00 00 00 04 00 00 00 04 00 04 00 04 00 00 00 00 00 00 00 04 00 00 04 00 00 04 00 00 00 00 00 04 00 00 00 00 04 00 04 00 00 00 00 00 04 00 00 00 00 00 00 00 00 
00 04 04 04 04 04 04 04 04 04 04 00 00 00 04 00 00 00 00 00 00 00 04 00 00 00 00 00 00 00 00 00 00 04 00 00 00 00 00 00 00 00 04 00 00 00 00 00 00 04 00 00 00 00 00 04 00 00 00 00 00 00 00 00 
MBChangePalette gain(0.032258 0.032258 0.032258), offset(0.000000 0.000000 0.000000), sat(1.000000)
SetPalette
00 08 0C 0C 04 00 08 04 08 00 04 00 04 00 08 00 04 04 08 00 04 04 08 00 04 04 00 00 04 04 08 04 04 08 04 04 04 00 04 00 00 00 08 04 00 00 04 08 00 08 04 00 00 00 00 08 04 04 00 04 04 00 00 00 
00 04 04 04 04 04 04 08 08 08 00 00 04 00 08 00 04 04 08 00 08 04 08 00 04 04 00 00 04 04 08 04 04 08 04 04 08 00 04 00 00 00 08 04 00 00 04 08 04 08 04 00 00 00 00 08 04 04 00 04 04 00 00 00 
00 08 08 08 08 08 08 08 08 08 08 00 04 00 08 00 04 04 04 00 04 04 08 00 04 04 00 00 04 04 04 04 04 08 04 04 04 00 04 00 00 00 08 04 00 00 04 04 00 08 04 00 00 00 00 08 04 00 00 04 04 00 00 00 
MBChangePalette gain(0.064516 0.064516 0.064516), offset(0.000000 0.000000 0.000000), sat(1.000000)
SetPalette
00 0C 10 14 08 04 0C 08 0C 00 08 00 08 00 0C 00 08 08 0C 00 08 08 0C 00 08 08 00 00 08 08 0C 08 08 0C 08 04 08 00 08 00 00 04 0C 04 00 04 04 0C 04 0C 04 04 04 00 00 0C 08 04 04 08 04 00 04 00 
00 04 04 04 08 08 08 0C 0C 10 04 00 08 00 0C 00 08 08 0C 00 0C 08 0C 04 08 08 04 00 08 08 0C 08 08 0C 08 08 0C 00 08 00 00 04 0C 04 04 04 04 0C 04 0C 04 04 04 00 04 0C 08 04 04 08 04 00 04 00 
00 10 10 10 10 10 10 10 10 10 10 00 08 00 0C 00 08 08 08 00 08 08 0C 00 08 08 00 00 08 08 08 08 08 0C 04 04 08 00 08 00 00 00 0C 04 00 04 04 08 04 0C 04 04 04 00 00 0C 08 04 04 04 04 00 04 00 
MBChangePalette gain(0.096774 0.096774 0.096774), offset(0.000000 0.000000 0.000000), sat(1.000000)
SetPalette
00 10 18 1C 08 04 14 0C 10 00 0C 00 0C 00 10 04 0C 0C 10 00 0C 0C 10 04 0C 0C 04 00 0C 0C 10 08 0C 10 08 08 0C 00 0C 00 00 04 10 08 04 04 08 10 04 10 08 04 04 00 04 10 0C 08 04 08 08 00 04 00 
00 08 08 08 0C 0C 0C 10 14 14 04 00 0C 04 10 04 0C 0C 10 00 10 0C 10 04 0C 0C 04 04 0C 0C 10 0C 0C 10 08 08 10 00 0C 04 00 04 10 08 04 04 08 10 08 10 08 04 04 00 04 10 0C 08 04 0C 08 00 04 04 
00 14 14 14 14 14 14 14 14 14 14 00 0C 00 10 00 0C 0C 0C 00 0C 0C 10 04 0C 0C 04 00 0C 08 0C 08 0C 10 08 08 0C 00 08 00 00 04 10 08 04 04 08 0C 04 10 08 04 04 00 04 10 0C 04 04 08 08 00 04 00 
MBChangePalette gain(0.129032 0.129032 0.129032), offset(0.000000 0.000000 0.000000), sat(1.000000)
SetPalette
00 14 1C 24 0C 04 18 0C 14 00 0C 00 10 00 14 04 10 10 14 00 10 10 14 04 0C 10 04 04 10 0C 14 0C 10 14 0C 0C 10 00 0C 00 00 04 14 08 04 08 08 14 08 14 0C 04 04 00 04 14 10 08 08 0C 08 00 08 00 
00 0C 0C 0C 0C 10 10 14 18 1C 08 00 10 04 14 04 10 10 14 00 14 10 14 04 10 10 04 04 10 0C 14 0C 10 14 0C 0C 14 00 10 04 00 04 14 0C 08 08 08 14 08 14 0C 04 08 00 04 14 10 08 08 0C 08 04 08 04 
00 1C 1C 1C 1C 1C 1C 1C 1C 1C 1C 00 10 00 14 04 10 0C 10 00 10 10 14 04 0C 10 04 04 0C 0C 10 0C 10 14 0C 0C 10 00 0C 00 00 04 14 08 04 04 08 10 08 14 08 04 04 00 04 14 10 08 08 0C 08 00 08 00 
MBChangePalette gain(0.161290 0.161290 0.161290), offset(0.000000 0.000000 0.000000), sat(1.000000)
SetPalette
00 1C 24 2C 10 08 1C 10 1C 00 10 00 14 04 18 04 14 10 18 00 14 14 18 04 10 14 04 04 14 10 18 10 14 18 10 0C 14 00 10 04 00 08 18 0C 04 08 0C 18 08 18 0C 08 08 00 04 18 14 0C 08 10 0C 04 08 00 
00 0C 0C 0C 10 14 14 18 1C 20 08 00 14 04 18 04 14 14 18 04 18 14 18 08 10 14 08 04 14 10 18 10 14 18 10 10 18 00 10 04 00 08 18 0C 08 08 0C 18 0C 18 0C 08 08 00 08 1C 14 0C 08 10 0C 04 08 04 
00 20 20 20 20 20 20 20 20 20 20 00 10 04 18 04 14 10 14 00 14 10 18 04 10 14 04 04 10 10 14 10 14 18 0C 0C 14 00 10 00 00 04 18 0C 04 08 0C 14 08 18 0C 08 08 00 04 18 14 08 08 0C 0C 04 08 00 
MBChangePalette gain(0.193548 0.193548 0.193548), offset(0.000000 0.000000 0.000000), sat(1.000000)
SetPalette
00 20 28 34 10 08 20 14 20 00 14 00 18 04 1C 04 18 14 1C 04 18 14 1C 04 14 18 04 04 14 14 1C 14 18 1C 10 10 18 00 14 04 00 08 1C 10 08 08 0C 1C 0C 1C 10 08 08 00 08 20 18 0C 0C 10 0C 04 0C 04 
00 10 10 10 14 18 18 1C 20 28 0C 00 18 04 1C 08 18 14 1C 04 1C 18 1C 08 14 18 08 08 18 14 1C 14 18 1C 14 10 1C 00 14 04 00 08 1C 10 08 0C 0C 1C 0C 20 10 08 08 04 08 20 18 0C 0C 14 10 04 0C 04 
00 28 28 28 28 28 28 28 28 28 28 00 14 04 1C 04 18 14 18 00 18 14 1C 04 14 18 04 04 14 10 18 10 14 1C 10 10 18 00 14 04 00 08 1C 0C 04 08 0C 18 0C 1C 10 08 08 00 08 1C 14 0C 08 10 0C 04 0C 04 
MBChangePalette gain(0.225806 0.225806 0.225806), offset(0.000000 0.000000 0.000000), sat(1.000000)
SetPalette
00 24 30 3C 14 0C 28 18 24 00 18 00 1C 04 20 08 1C 18 20 04 1C 18 20 08 18 1C 08 04 18 18 20 14 1C 20 14 14 1C 00 18 04 00 08 20 10 08 0C 10 20 0C 24 14 0C 0C 04 08 24 1C 10 0C 14 10 04 0C 04 
00 14 14 14 18 1C 1C 20 28 2C 0C 00 1C 08 20 08 1C 18 20 04 20 1C 20 08 18 1C 0C 08 1C 18 20 18 1C 24 14 14 20 04 18 08 00 0C 24 14 0C 0C 10 20 10 24 14 0C 0C 04 08 24 1C 10 0C 18 10 04 0C 08 
00 2C 2C 2C 2C 2C 2C 2C 2C 2C 2C 00 18 04 20 04 1C 18 1C 04 1C 18 20 08 18 1C 08 04 18 14 1C 14 18 20 14 14 1C 00 14 04 00 08 20 10 08 0C 10 1C 0C 20 10 08 0C 04 08 24 18 0C 0C 14 10 04 0C 04 
MBChangePalette gain(0.258065 0.258065 0.258065), offset(0.000000 0.000000 0.000000), sat(1.000000)
SetPalette
00 28 38 44 18 0C 2C 18 28 00 18 00 1C 04 24 08 20 1C 24 04 20 1C 24 08 1C 20 08 04 1C 18 24 18 20 24 18 14 20 00 18 04 00 0C 24 14 08 0C 10 24 10 28 14 0C 0C 04 08 28 20 10 0C 18 14 04 0C 04 
00 14 14 14 18 1C 20 24 2C 30 0C 00 20 08 24 08 20 1C 24 04 24 1C 24 0C 1C 20 0C 08 1C 1C 24 18 20 28 18 18 24 04 1C 08 00 0C 28 14 0C 0C 14 24 10 28 14 0C 0C 04 0C 28 20 10 0C 18 14 04 10 08 
00 30 30 30 30 30 30 30 30 30 30 00 1C 04 24 04 1C 18 20 04 20 1C 24 08 18 1C 08 04 1C 18 20 18 1C 24 14 14 20 00 18 04 00 08 24 14 08 0C 10 20 0C 24 14 0C 0C 04 08 28 1C 10 0C 14 10 04 0C 04 
MBChangePalette gain(0.290323 0.290323 0.290323), offset(0.000000 0.000000 0.000000), sat(1.000000)
SetPalette
00 2C 3C 4C 18 0C 30 1C 2C 00 1C 00 20 04 28 08 24 20 28 04 24 20 28 08 1C 24 08 08 20 1C 28 1C 24 28 18 18 24 00 1C 04 00 0C 28 14 0C 10 14 28 10 2C 18 0C 0C 04 0C 2C 24 14 10 18 14 04 10 04 
00 18 18 18 1C 20 24 28 30 38 10 00 24 08 28 0C 24 20 28 04 28 20 28 0C 20 24 0C 0C 20 1C 28 1C 24 2C 1C 18 28 04 20 08 00 0C 2C 18 10 10 14 28 14 2C 18 0C 10 04 0C 2C 24 14 10 1C 14 08 10 08 
00 38 38 38 38 38 38 38 38 38 38 00 20 04 28 08 20 1C 24 04 24 20 28 08 1C 20 08 08 1C 18 24 18 20 28 18 18 24 00 1C 04 00 0C 28 14 08 0C 14 24 10 28 14 0C 0C 04 0C 2C 20 10 10 18 14 04 10 04 
MBChangePalette gain(0.322581 0.322581 0.322581), offset(0.000000 0.000000 0.000000), sat(1.000000)
SetPalette
00 34 44 54 1C 10 34 20 34 00 20 00 24 08 2C 08 28 20 2C 04 28 24 2C 08 20 24 0C 08 24 20 2C 1C 24 30 1C 1C 28 04 20 08 00 0C 30 18 0C 10 14 2C 14 30 18 10 10 04 0C 30 28 14 10 1C 18 08 10 04 
00 18 18 18 20 24 28 2C 34 3C 10 00 24 0C 30 0C 28 24 2C 08 2C 24 2C 0C 20 28 10 0C 24 20 2C 20 28 30 1C 1C 2C 04 20 08 04 10 30 18 10 10 18 2C 14 30 1C 10 10 04 0C 34 28 14 10 20 18 08 14 08 
00 3C 3C 3C 3C 3C 3C 3C 3C 3C 3C 00 20 08 2C 08 24 20 28 04 28 20 2C 08 20 24 08 08 20 1C 28 1C 24 2C 1C 18 24 04 1C 04 00 0C 2C 18 0C 10 14 28 10 2C 18 0C 10 04 0C 30 24 14 10 1C 14 08 10 04 
MBChangePalette gain(0.354839 0.354839 0.354839), offset(0.000000 0.000000 0.000000), sat(1.000000)
SetPalette
00 38 48 5C 20 10 3C 24 38 00 24 00 28 08 30 0C 2C 24 30 04 2C 28 30 0C 24 28 0C 08 28 24 30 20 28 34 20 1C 2C 04 24 08 00 10 34 1C 0C 10 18 30 14 34 1C 10 10 04 0C 34 2C 18 14 20 18 08 14 04 
00 1C 1C 1C 24 28 2C 30 3C 44 14 00 28 0C 34 0C 2C 28 30 08 30 28 30 10 24 2C 10 0C 28 24 30 24 2C 34 20 20 30 04 24 0C 04 10 34 1C 10 14 18 30 18 34 1C 10 10 04 10 38 2C 18 14 24 1C 08 14 0C 
00 44 44 44 44 44 44 44 44 44 44 00 24 08 30 08 28 24 2C 04 2C 24 30 0C 24 28 0C 08 24 20 2C 20 28 30 1C 1C 28 04 20 04 00 0C 30 18 0C 10 18 2C 14 30 1C 10 10 04 0C 34 28 14 10 1C 18 08 14 04 
MBChangePalette gain(0.387097 0.387097 0.387097), offset(0.000000 0.000000 0.000000), sat(1.000000)
SetPalette
00 3C 50 64 20 10 40 24 3C 00 24 00 2C 08 34 0C 30 28 34 08 30 28 34 0C 28 2C 0C 08 28 24 34 24 2C 38 20 20 30 04 24 08 00 10 38 1C 10 14 18 34 18 38 20 10 10 04 10 3C 30 18 14 20 1C 08 14 08 
00 20 20 20 24 2C 30 34 40 48 14 00 2C 0C 38 10 30 28 34 08 34 2C 34 10 28 30 10 10 2C 28 34 24 30 38 24 20 34 04 28 0C 04 10 38 20 14 14 1C 34 18 3C 20 10 14 08 10 3C 30 18 14 24 1C 08 18 0C 
00 48 48 48 48 48 48 48 48 48 48 00 28 08 34 08 2C 24 30 04 30 28 34 0C 24 2C 0C 08 28 20 30 20 28 34 20 20 2C 04 24 08 00 10 34 1C 0C 10 18 30 14 34 1C 10 10 04 10 38 28 18 14 20 18 08 14 08 
MBChangePalette gain(0.419355 0.419355 0.419355), offset(0.000000 0.000000 0.000000), sat(1.000000)
SetPalette
00 40 54 6C 24 14 44 28 40 00 28 00 30 08 38 0C 34 2C 38 08 34 2C 38 0C 28 30 0C 0C 2C 28 38 28 30 3C 24 24 34 04 28 08 00 10 3C 20 10 14 1C 38 18 3C 20 14 14 04 10 40 34 1C 18 24 1C 08 18 08 
00 20 20 20 28 30 34 38 44 50 18 00 30 0C 3C 10 34 2C 38 08 38 30 38 10 2C 34 14 10 30 28 38 28 34 3C 28 24 38 04 2C 0C 04 14 3C 20 14 18 1C 38 1C 40 24 14 14 08 10 40 34 1C 18 28 20 0C 18 0C 
00 50 50 50 50 50 50 50 50 50 50 00 2C 08 38 0C 30 28 34 04 34 2C 38 0C 28 30 0C 0C 28 24 34 24 2C 38 24 20 30 04 28 08 00 10 38 1C 0C 14 1C 34 18 38 20 10 14 04 10 3C 2C 18 14 24 1C 08 18 08 
MBChangePalette gain(0.451613 0.451613 0.451613), offset(0.000000 0.000000 0.000000), sat(1.000000)
SetPalette
00 44 5C 74 28 14 48 2C 44 00 2C 00 34 08 3C 0C 38 30 3C 08 38 30 3C 0C 2C 34 10 0C 30 2C 3C 28 34 40 28 24 38 04 2C 08 00 14 40 20 10 18 1C 3C 1C 40 24 14 14 04 10 44 38 1C 18 28 20 08 18 08 
00 24 24 24 2C 34 38 3C 48 54 18 00 34 10 40 10 38 30 3C 08 3C 34 3C 14 30 38 14 10 34 2C 3C 2C 38 40 28 28 3C 04 30 0C 04 14 40 24 18 18 20 3C 1C 44 24 14 18 08 14 44 38 1C 18 2C 20 0C 1C 0C 
00 54 54 54 54 54 54 54 54 54 54 00 30 08 3C 0C 34 2C 38 04 38 30 3C 0C 2C 34 0C 0C 2C 28 38 28 30 3C 24 24 34 04 28 08 00 10 3C 20 10 14 1C 38 18 3C 20 14 14 04 10 40 30 1C 18 24 1C 08 18 08 
MBChangePalette gain(0.483871 0.483871 0.483871), offset(0.000000 0.000000 0.000000), sat(1.000000)
SetPalette
00 4C 64 7C 2C 18 50 30 4C 00 30 00 38 0C 44 10 3C 34 40 08 3C 34 40 10 30 38 10 0C 34 30 40 2C 38 44 2C 28 3C 04 30 0C 04 14 44 24 14 18 20 44 1C 48 28 18 18 08 14 48 3C 20 1C 2C 24 0C 1C 08 
00 28 28 28 30 38 3C 44 50 5C 1C 00 38 10 44 14 3C 34 40 0C 40 38 44 14 34 3C 18 14 38 30 44 30 3C 48 2C 2C 40 08 34 10 04 18 48 28 18 1C 24 44 20 48 28 18 18 08 14 4C 3C 20 1C 30 24 0C 1C 10 
00 5C 5C 5C 5C 5C 5C 5C 5C 5C 5C 00 34 0C 40 0C 38 30 3C 08 3C 34 40 10 30 38 10 0C 30 2C 3C 2C 34 44 28 28 38 04 2C 08 04 14 40 24 10 18 20 3C 1C 44 24 14 18 08 14 48 34 1C 18 28 20 0C 1C 08 
MBChangePalette gain(0.516129 0.516129 0.516129), offset(0.000000 0.000000 0.000000), sat(1.000000)
SetPalette
00 50 68 80 2C 18 54 30 50 00 30 00 38 0C 48 10 3C 34 44 08 40 38 44 10 34 3C 10 0C 38 30 44 30 3C 48 2C 2C 40 04 30 0C 04 14 48 28 14 18 24 48 1C 4C 28 18 18 08 14 4C 3C 20 1C 2C 24 0C 1C 08 
00 28 28 28 30 38 3C 48 54 60 1C 00 3C 10 48 14 40 38 44 0C 44 38 48 14 34 3C 18 14 38 34 48 30 3C 4C 30 2C 44 08 34 10 04 18 4C 28 18 1C 24 48 20 4C 2C 18 18 08 14 50 3C 20 1C 30 28 0C 1C 10 
00 60 60 60 60 60 60 60 60 60 60 00 34 0C 44 0C 38 30 3C 08 3C 34 44 10 30 38 10 0C 34 2C 40 2C 38 48 2C 28 3C 04 30 08 04 14 44 24 10 18 20 40 1C 48 28 14 18 08 14 4C 38 1C 18 2C 24 0C 1C 08 
MBChangePalette gain(0.548387 0.548387 0.548387), offset(0.000000 0.000000 0.000000), sat(1.000000)
SetPalette
00 54 70 88 30 18 58 34 54 00 34 00 3C 0C 4C 10 40 38 48 08 44 3C 48 10 38 40 14 0C 3C 34 48 30 40 4C 30 2C 44 04 34 0C 04 18 4C 28 14 1C 24 4C 20 50 2C 18 18 08 14 50 40 24 1C 30 28 0C 1C 08 
00 2C 2C 2C 34 3C 40 4C 58 64 1C 00 40 14 4C 14 44 3C 48 0C 48 3C 4C 18 38 40 18 14 3C 38 4C 34 40 50 30 30 48 08 38 10 04 18 50 2C 1C 1C 28 4C 24 50 2C 18 1C 08 18 54 40 24 1C 34 28 0C 20 10 
00 64 64 64 64 64 64 64 64 64 64 00 38 0C 48 0C 3C 34 40 08 40 38 48 10 34 3C 10 0C 38 30 44 30 3C 4C 2C 2C 40 04 30 08 04 14 48 28 14 18 24 44 1C 4C 28 18 18 08 14 50 3C 20 1C 2C 24 0C 1C 08 
MBChangePalette gain(0.580645 0.580645 0.580645), offset(0.000000 0.000000 0.000000), sat(1.000000)
SetPalette
00 58 74 90 34 1C 5C 38 58 00 38 00 40 0C 50 10 44 3C 4C 08 48 40 4C 10 38 44 14 10 40 38 4C 34 44 50 34 30 48 04 38 0C 04 18 50 2C 14 1C 28 50 20 54 2C 1C 1C 08 14 54 44 24 20 34 28 0C 20 08 
00 2C 2C 2C 38 40 44 50 5C 6C 20 00 44 14 50 14 48 40 4C 0C 4C 40 50 18 3C 44 1C 14 40 38 50 38 44 54 34 34 4C 08 3C 10 04 1C 54 2C 1C 20 28 50 24 54 30 1C 1C 08 18 58 44 24 20 38 2C 10 20 10 
00 6C 6C 6C 6C 6C 6C 6C 6C 6C 6C 00 3C 0C 4C 10 40 38 44 08 44 3C 4C 10 38 40 10 10 38 34 48 34 40 50 30 2C 44 04 34 08 04 14 4C 28 14 1C 24 48 20 50 2C 18 1C 08 14 54 40 20 1C 30 28 0C 20 08 
MBChangePalette gain(0.612903 0.612903 0.612903), offset(0.000000 0.000000 0.000000), sat(1.000000)
SetPalette
00 5C 7C 98 34 1C 64 3C 5C 00 3C 00 44 0C 54 14 48 40 50 0C 4C 40 50 14 3C 48 14 10 40 3C 50 38 48 54 34 34 4C 04 3C 0C 04 18 54 2C 18 20 28 54 24 58 30 1C 1C 08 18 5C 48 28 20 34 2C 0C 20 0C 
00 30 30 30 3C 44 48 54 64 70 20 00 48 14 54 18 4C 40 50 0C 50 44 54 18 40 48 1C 18 44 3C 54 3C 48 58 38 34 50 08 40 14 04 1C 58 30 20 20 2C 54 28 5C 34 1C 20 0C 18 5C 48 28 20 3C 2C 10 24 14 
00 70 70 70 70 70 70 70 70 70 70 00 40 0C 50 10 44 3C 48 08 48 40 50 14 3C 44 14 10 3C 34 4C 34 40 54 34 30 48 04 38 0C 04 18 50 2C 14 1C 28 4C 20 54 2C 18 1C 08 18 58 40 24 20 34 28 0C 20 0C 
MBChangePalette gain(0.645161 0.645161 0.645161), offset(0.000000 0.000000 0.000000), sat(1.000000)
SetPalette
00 60 80 A0 38 1C 68 3C 60 00 3C 00 48 0C 58 14 4C 44 54 0C 50 44 54 14 40 4C 14 10 44 3C 54 3C 4C 58 38 34 50 04 3C 0C 04 1C 58 30 18 20 2C 58 24 5C 34 1C 1C 08 18 60 4C 28 24 38 2C 0C 24 0C 
00 34 34 34 3C 48 4C 58 68 78 24 00 4C 14 58 18 50 44 54 0C 54 48 58 1C 44 4C 1C 18 48 40 58 3C 4C 5C 3C 38 54 08 44 14 04 1C 5C 34 20 24 2C 58 28 60 34 1C 20 0C 1C 60 4C 28 24 3C 30 10 24 14 
00 78 78 78 78 78 78 78 78 78 78 00 44 0C 54 10 48 3C 4C 08 4C 44 54 14 3C 48 14 10 40 38 50 38 44 58 34 34 4C 04 3C 0C 04 18 54 2C 14 1C 28 50 24 58 30 1C 1C 08 18 5C 44 24 20 34 2C 0C 24 0C 
MBChangePalette gain(0.677419 0.677419 0.677419), offset(0.000000 0.000000 0.000000), sat(1.000000)
SetPalette
00 68 88 A8 3C 20 6C 40 68 00 40 00 4C 10 5C 14 50 44 58 0C 54 48 58 14 44 4C 18 10 48 40 58 3C 4C 60 3C 38 54 08 40 10 04 1C 60 34 18 20 2C 5C 28 60 34 20 20 08 18 64 50 2C 24 3C 30 10 24 0C 
00 34 34 34 40 4C 50 5C 6C 7C 24 00 4C 18 60 18 54 48 58 10 58 4C 5C 1C 44 50 20 18 4C 44 5C 40 50 60 3C 3C 58 08 44 14 08 20 60 34 20 24 30 5C 2C 64 38 20 20 0C 1C 68 50 2C 24 40 34 10 28 14 
00 7C 7C 7C 7C 7C 7C 7C 7C 7C 7C 00 44 10 58 10 4C 40 50 08 50 44 58 14 40 4C 14 10 44 3C 54 3C 48 5C 38 34 4C 08 3C 0C 04 18 58 30 18 20 2C 54 24 5C 34 1C 20 08 18 60 48 28 20 38 2C 10 24 0C 
MBChangePalette gain(0.709677 0.709677 0.709677), offset(0.000000 0.000000 0.000000), sat(1.000000)
SetPalette
00 6C 8C B0 3C 20 70 44 6C 00 44 00 50 10 60 14 54 48 5C 0C 58 4C 5C 14 44 50 18 14 4C 44 5C 40 50 64 3C 3C 58 08 44 10 04 1C 64 34 1C 24 30 60 28 64 38 20 20 08 1C 68 54 2C 28 3C 30 10 28 0C 
00 38 38 38 44 50 54 60 70 84 28 00 50 18 64 1C 58 4C 5C 10 5C 50 60 1C 48 54 20 1C 50 44 60 44 54 64 40 3C 5C 08 48 14 08 20 64 38 24 28 30 60 2C 68 3C 20 24 0C 1C 6C 54 2C 28 44 34 14 28 14 
00 84 84 84 84 84 84 84 84 84 84 00 48 10 5C 14 50 44 54 08 54 48 5C 14 44 50 14 14 44 3C 58 3C 4C 60 3C 38 50 08 40 0C 04 1C 5C 30 18 20 2C 58 28 60 34 1C 20 08 1C 64 4C 28 24 3C 30 10 28 0C 
MBChangePalette gain(0.741935 0.741935 0.741935), offset(0.000000 0.000000 0.000000), sat(1.000000)
SetPalette
00 70 94 B8 40 24 78 48 70 00 48 00 54 10 64 18 58 4C 60 0C 5C 50 60 18 48 54 18 14 50 48 60 44 54 68 40 3C 5C 08 48 10 04 20 68 38 1C 24 30 64 2C 6C 3C 24 24 0C 1C 6C 58 30 28 40 34 10 28 0C 
00 3C 3C 3C 48 54 58 64 78 88 28 00 54 18 68 1C 5C 50 60 10 60 54 64 20 4C 58 24 1C 54 48 64 48 58 6C 44 40 60 0C 4C 18 08 24 6C 3C 24 28 34 64 30 6C 3C 24 24 0C 20 70 58 30 28 48 38 14 2C 18 
00 88 88 88 88 88 88 88 88 88 88 00 4C 10 60 14 54 48 58 0C 58 4C 60 18 48 54 18 14 48 40 5C 40 50 64 3C 3C 54 08 44 0C 04 1C 60 34 18 24 30 5C 28 64 38 20 24 0C 1C 6C 50 2C 24 3C 30 10 28 0C 
MBChangePalette gain(0.774194 0.774194 0.774194), offset(0.000000 0.000000 0.000000), sat(1.000000)
SetPalette
00 74 9C C0 44 24 7C 48 74 00 48 00 54 10 68 18 5C 50 64 0C 60 54 64 18 4C 58 1C 14 54 48 64 44 58 6C 44 40 60 08 48 10 04 20 6C 38 1C 28 34 68 2C 70 3C 24 24 0C 1C 70 5C 30 28 44 38 10 28 0C 
00 3C 3C 3C 48 54 5C 68 7C 8C 28 00 58 1C 6C 1C 60 54 64 10 64 54 68 20 50 5C 24 1C 54 4C 68 48 5C 70 44 44 64 0C 50 18 08 24 70 3C 28 28 38 68 30 70 40 24 28 0C 20 74 5C 30 28 48 38 14 2C 18 
00 8C 8C 8C 8C 8C 8C 8C 8C 8C 8C 00 50 10 64 14 54 48 5C 0C 5C 50 64 18 48 54 18 14 4C 44 60 44 54 68 40 3C 58 08 44 0C 04 1C 64 38 1C 24 30 60 28 68 38 20 24 0C 1C 70 54 2C 28 40 34 10 28 0C 
MBChangePalette gain(0.806452 0.806452 0.806452), offset(0.000000 0.000000 0.000000), sat(1.000000)
SetPalette
00 78 A0 C8 44 24 80 4C 78 00 4C 00 58 10 6C 18 60 54 68 10 64 54 68 18 50 5C 1C 14 54 4C 68 48 5C 70 44 44 64 08 4C 10 04 20 70 3C 20 28 34 6C 30 74 40 24 24 0C 20 78 60 34 2C 44 38 10 2C 10 
00 40 40 40 4C 58 60 6C 80 94 2C 00 5C 1C 70 20 64 54 68 10 68 58 6C 20 54 60 24 20 58 50 6C 4C 60 74 48 44 68 0C 54 18 08 24 74 40 28 2C 38 6C 34 78 44 24 28 10 20 78 60 34 2C 4C 3C 14 30 18 
00 94 94 94 94 94 94 94 94 94 94 00 54 10 68 14 58 4C 60 0C 60 54 68 18 4C 58 18 14 50 44 64 44 54 6C 44 40 5C 08 48 10 04 20 68 38 1C 24 34 64 2C 6C 3C 20 24 0C 20 74 54 30 28 44 34 10 2C 10 
MBChangePalette gain(0.838710 0.838710 0.838710), offset(0.000000 0.000000 0.000000), sat(1.000000)
SetPalette
00 80 A8 D0 48 28 84 50 80 00 50 00 5C 14 70 18 64 54 6C 10 68 58 6C 18 54 60 1C 14 58 50 6C 4C 60 74 48 44 68 08 50 14 04 24 74 40 20 28 38 70 30 78 40 28 28 0C 20 7C 64 34 2C 48 3C 14 2C 10 
00 40 40 40 50 5C 64 70 84 98 2C 00 60 1C 74 20 68 58 6C 14 6C 5C 70 24 54 64 28 20 5C 54 70 50 64 78 4C 48 6C 0C 54 18 08 28 78 40 28 2C 3C 70 34 7C 44 28 28 10 24 80 64 34 2C 50 40 14 30 18 
00 98 98 98 98 98 98 98 98 98 98 00 54 14 6C 14 5C 50 64 0C 64 54 6C 18 50 5C 18 14 54 48 68 48 58 70 44 40 60 08 4C 10 04 20 6C 3C 1C 28 34 68 2C 70 40 24 28 0C 20 78 58 30 28 44 38 14 2C 10 
MBChangePalette gain(0.870968 0.870968 0.870968), offset(0.000000 0.000000 0.000000), sat(1.000000)
SetPalette
00 84 AC D8 4C 28 8C 54 84 00 54 00 60 14 74 1C 68 58 70 10 6C 5C 70 1C 54 64 1C 18 5C 54 70 50 64 78 4C 48 6C 08 54 14 04 24 78 40 20 2C 38 74 34 7C 44 28 28 0C 20 80 68 38 30 4C 3C 14 30 10 
00 44 44 44 54 60 68 74 8C A0 30 00 64 1C 78 20 6C 5C 70 14 70 60 74 24 58 68 28 20 60 54 74 54 68 7C 50 4C 70 0C 58 1C 08 28 7C 44 2C 30 3C 74 38 80 48 28 2C 10 24 84 68 38 30 54 40 18 34 1C 
00 A0 A0 A0 A0 A0 A0 A0 A0 A0 A0 00 58 14 70 18 60 54 68 0C 68 58 70 1C 54 60 1C 18 54 4C 6C 4C 5C 74 48 44 64 08 50 10 04 20 70 3C 1C 28 38 6C 30 74 40 24 28 0C 20 7C 5C 34 2C 48 38 14 30 10 
MBChangePalette gain(0.903226 0.903226 0.903226), offset(0.000000 0.000000 0.000000), sat(1.000000)
SetPalette
00 88 B4 E0 4C 28 90 54 88 00 54 00 64 14 78 1C 6C 5C 74 10 70 60 74 1C 58 68 20 18 60 54 74 50 68 7C 4C 4C 70 08 54 14 04 24 7C 44 24 2C 3C 78 34 80 48 28 28 0C 24 84 6C 38 30 4C 40 14 30 10 
00 48 48 48 54 64 6C 78 90 A4 30 00 68 20 7C 24 70 60 74 14 74 64 78 24 5C 6C 28 24 64 58 78 54 6C 80 50 4C 74 0C 5C 1C 08 28 80 48 2C 30 40 78 38 84 4C 28 2C 10 24 88 6C 38 30 54 44 18 34 1C 
00 A4 A4 A4 A4 A4 A4 A4 A4 A4 A4 00 5C 14 74 18 64 54 6C 0C 6C 5C 74 1C 54 64 1C 18 58 4C 70 4C 60 78 4C 48 68 08 50 10 04 24 74 40 20 28 38 70 30 78 44 24 28 0C 24 80 60 34 2C 4C 3C 14 30 10 
MBChangePalette gain(0.935484 0.935484 0.935484), offset(0.000000 0.000000 0.000000), sat(1.000000)
SetPalette
00 8C B8 E8 50 2C 94 58 8C 00 58 00 68 14 7C 1C 70 60 78 10 74 64 78 1C 5C 6C 20 18 64 58 78 54 6C 80 50 4C 74 08 58 14 04 28 80 44 24 30 3C 7C 38 84 48 2C 2C 0C 24 88 70 3C 34 50 40 14 34 10 
00 48 48 48 58 68 70 7C 94 AC 34 00 6C 20 80 24 74 64 78 14 78 68 7C 28 60 70 2C 24 68 5C 7C 58 70 84 54 50 78 0C 60 1C 08 2C 84 48 30 34 40 7C 3C 88 4C 2C 30 10 28 8C 70 3C 34 58 44 18 38 1C 
00 AC AC AC AC AC AC AC AC AC AC 00 60 14 78 18 68 58 70 0C 70 60 78 1C 58 68 1C 18 5C 50 74 50 64 7C 4C 48 6C 08 54 10 04 24 78 40 20 2C 3C 74 34 7C 44 28 2C 0C 24 84 64 38 30 4C 3C 14 34 10 
MBChangePalette gain(0.967742 0.967742 0.967742), offset(0.000000 0.000000 0.000000), sat(1.000000)
SetPalette
00 90 C0 F0 54 2C 98 5C 90 00 5C 00 6C 14 80 1C 74 64 7C 10 78 68 7C 1C 60 70 20 18 68 5C 7C 58 70 84 54 50 78 08 5C 14 04 28 84 48 24 30 40 80 38 88 4C 2C 2C 0C 24 8C 74 3C 34 54 44 14 34 10 
00 4C 4C 4C 5C 6C 74 80 98 B0 34 00 70 20 84 24 78 68 7C 14 7C 6C 80 28 64 74 2C 24 6C 60 80 5C 74 88 58 54 7C 0C 64 1C 08 2C 88 4C 30 34 44 80 3C 8C 50 2C 30 10 28 90 74 3C 34 5C 48 18 38 1C 
00 B0 B0 B0 B0 B0 B0 B0 B0 B0 B0 00 64 14 7C 18 6C 5C 74 0C 74 64 7C 1C 5C 6C 1C 18 60 54 78 54 68 80 50 4C 70 08 58 10 04 24 7C 44 20 2C 3C 78 34 80 48 28 2C 0C 24 88 68 38 30 50 40 14 34 10 
MBChangePalette gain(1.000000 1.000000 1.000000), offset(0.000000 0.000000 0.000000), sat(1.000000)
SetPalette
00 90 C0 F0 54 2C 98 5C 90 00 5C 00 6C 14 80 1C 74 64 7C 10 78 68 7C 1C 60 70 20 18 68 5C 7C 58 70 84 54 50 78 08 5C 14 04 28 84 48 24 30 40 80 38 88 4C 2C 2C 0C 24 8C 74 3C 34 54 44 14 34 10 
00 4C 4C 4C 5C 6C 74 80 98 B0 34 00 70 20 84 24 78 68 7C 14 7C 6C 80 28 64 74 2C 24 6C 60 80 5C 74 88 58 54 7C 0C 64 1C 08 2C 88 4C 30 34 44 80 3C 8C 50 2C 30 10 28 90 74 3C 34 5C 48 18 38 1C 
00 B0 B0 B0 B0 B0 B0 B0 B0 B0 B0 00 64 14 7C 18 6C 5C 74 0C 74 64 7C 1C 5C 6C 1C 18 60 54 78 54 68 80 50 4C 70 08 58 10 04 24 7C 44 20 2C 3C 78 34 80 48 28 2C 0C 24 88 68 38 30 50 40 14 34 10 
MBChangePalette gain(1.000000 1.000000 1.000000), offset(0.000000 0.000000 0.000000), sat(1.000000)
SetPalette
00 88 B4 E4 50 2C 90 58 88 00 58 00 68 14 78 1C 70 60 78 10 74 64 78 1C 5C 6C 20 18 64 58 78 54 6C 7C 50 4C 74 08 58 14 04 28 7C 44 24 30 3C 78 38 80 48 2C 2C 0C 24 84 70 3C 34 50 40 14 34 10 
00 48 48 48 58 68 70 78 90 A8 34 00 6C 20 7C 24 74 64 78 14 78 68 78 28 60 70 2C 24 68 5C 78 58 70 80 54 50 78 0C 60 1C 08 2C 80 48 30 34 40 78 3C 84 4C 2C 30 10 28 88 70 3C 34 58 44 18 38 1C 
00 A8 A8 A8 A8 A8 A8 A8 A8 A8 A8 00 60 14 78 18 68 58 70 0C 70 60 78 1C 58 68 1C 18 5C 50 74 50 64 78 4C 48 6C 08 54 10 04 24 78 40 20 2C 3C 74 34 78 44 28 2C 0C 24 80 64 38 30 4C 3C 14 34 10 
MBChangePalette gain(0.933333 0.933333 0.933333), offset(0.000000 0.000000 0.000000), sat(1.000000)
SetPalette
00 80 A8 D4 4C 28 88 54 80 00 54 00 60 14 70 1C 68 58 70 10 6C 5C 70 1C 54 64 1C 18 5C 54 70 50 64 74 4C 48 6C 08 54 14 04 24 74 40 20 2C 38 70 34 78 44 28 28 0C 20 7C 68 38 30 4C 3C 14 30 10 
00 44 44 44 54 60 68 70 88 9C 30 00 64 1C 74 20 6C 5C 70 14 70 60 70 24 58 68 28 20 60 54 70 54 68 78 50 4C 70 0C 58 1C 08 28 78 44 2C 30 3C 70 38 7C 48 28 2C 10 24 80 68 38 30 54 40 18 34 1C 
00 9C 9C 9C 9C 9C 9C 9C 9C 9C 9C 00 58 14 70 18 60 54 68 0C 68 58 70 1C 54 60 1C 18 54 4C 6C 4C 5C 70 48 44 64 08 50 10 04 20 70 3C 1C 28 38 6C 30 70 40 24 28 0C 20 78 5C 34 2C 48 38 14 30 10 
MBChangePalette gain(0.866667 0.866667 0.866667), offset(0.000000 0.000000 0.000000), sat(1.000000)
SetPalette
00 78 9C C4 48 24 7C 4C 78 00 4C 00 58 14 68 18 60 54 68 10 64 58 68 18 50 5C 1C 14 58 4C 68 48 5C 6C 48 44 64 08 4C 14 04 24 6C 3C 20 28 34 68 30 70 40 24 24 0C 20 74 60 34 2C 48 38 14 2C 10 
00 40 40 40 4C 58 60 68 7C 90 2C 00 5C 1C 6C 20 64 58 68 14 68 58 68 24 54 60 24 20 58 50 68 4C 60 70 48 48 68 0C 54 18 08 24 70 40 28 2C 38 68 34 74 44 24 28 10 24 78 60 34 2C 4C 3C 14 30 18 
00 90 90 90 90 90 90 90 90 90 90 00 54 14 68 14 58 4C 60 0C 60 54 68 18 4C 58 18 14 50 48 64 48 58 68 44 40 5C 08 48 10 04 20 68 38 1C 24 34 64 2C 68 3C 24 24 0C 20 70 58 30 28 44 34 14 2C 10 
MBChangePalette gain(0.800000 0.800000 0.800000), offset(0.000000 0.000000 0.000000), sat(1.000000)
SetPalette
00 6C 90 B4 40 24 74 48 6C 00 48 00 54 10 60 18 58 4C 60 0C 5C 50 60 18 48 54 18 14 50 48 60 44 54 64 40 3C 5C 08 48 10 04 20 64 38 1C 24 30 60 2C 68 3C 24 24 0C 1C 6C 58 30 28 40 34 10 28 0C 
00 3C 3C 3C 48 54 58 60 74 84 28 00 54 18 64 1C 5C 50 60 10 60 54 60 20 4C 58 24 1C 54 48 60 48 58 68 44 40 60 0C 4C 18 08 24 68 3C 24 28 34 60 30 6C 3C 24 24 0C 20 6C 58 30 28 48 38 14 2C 18 
00 84 84 84 84 84 84 84 84 84 84 00 4C 10 60 14 54 48 58 0C 58 4C 60 18 48 54 18 14 48 40 5C 40 50 60 3C 3C 54 08 44 0C 04 1C 60 34 18 24 30 5C 28 60 38 20 24 0C 1C 68 50 2C 24 3C 30 10 28 0C 
MBChangePalette gain(0.733333 0.733333 0.733333), offset(0.000000 0.000000 0.000000), sat(1.000000)
SetPalette
00 64 84 A8 3C 20 6C 40 64 00 40 00 4C 10 58 14 50 48 58 0C 54 48 58 14 44 50 18 14 48 40 58 40 50 5C 3C 38 54 08 40 10 04 1C 5C 34 1C 24 2C 58 28 60 38 20 20 0C 1C 64 50 2C 24 3C 30 10 24 0C 
00 38 38 38 40 4C 50 58 6C 7C 24 00 50 18 5C 1C 54 48 58 10 58 4C 58 1C 48 50 20 1C 4C 44 58 40 50 60 40 3C 58 0C 48 14 08 20 60 38 24 24 30 58 2C 64 38 20 24 0C 1C 64 50 2C 24 40 34 14 28 14 
00 7C 7C 7C 7C 7C 7C 7C 7C 7C 7C 00 48 10 58 14 4C 40 50 0C 50 48 58 14 40 4C 14 14 44 3C 54 3C 48 58 38 38 50 08 40 0C 04 1C 58 30 18 20 2C 54 24 58 34 1C 20 0C 1C 60 48 28 24 38 2C 10 24 0C 
MBChangePalette gain(0.666667 0.666667 0.666667), offset(0.000000 0.000000 0.000000), sat(1.000000)
SetPalette
00 5C 78 98 38 1C 60 3C 5C 00 3C 00 44 10 50 14 4C 40 50 0C 4C 44 50 14 3C 48 14 10 44 3C 50 38 48 54 38 34 4C 08 3C 10 04 1C 54 30 18 20 28 50 24 58 30 1C 1C 08 18 58 4C 28 24 38 2C 10 24 0C 
00 30 30 30 3C 44 4C 50 60 70 24 00 48 14 54 18 4C 44 50 10 50 44 50 1C 40 4C 1C 18 44 3C 50 3C 4C 58 38 38 50 08 40 14 08 1C 58 30 20 24 2C 50 28 58 34 1C 20 0C 1C 5C 4C 28 24 3C 30 10 24 14 
00 70 70 70 70 70 70 70 70 70 70 00 40 10 50 10 44 3C 4C 08 4C 40 50 14 3C 44 14 10 3C 38 4C 38 44 50 34 30 48 08 38 0C 04 18 50 2C 14 1C 28 4C 24 50 30 1C 1C 08 18 58 44 24 20 34 28 10 24 0C 
MBChangePalette gain(0.600000 0.600000 0.600000), offset(0.000000 0.000000 0.000000), sat(1.000000)
SetPalette
00 54 6C 88 30 1C 58 34 54 00 34 00 40 0C 48 10 44 3C 48 0C 44 3C 48 10 38 40 14 10 3C 34 48 34 40 4C 30 30 44 08 34 0C 04 18 4C 2C 18 1C 24 48 20 50 2C 1C 1C 08 18 50 44 24 20 30 28 0C 20 0C 
00 2C 2C 2C 34 40 44 48 58 64 20 00 40 14 4C 18 44 3C 48 0C 48 40 48 18 3C 44 1C 18 40 38 48 34 44 50 34 30 48 08 3C 10 08 1C 50 2C 1C 20 28 48 24 50 30 1C 1C 0C 18 54 44 24 20 34 2C 10 20 10 
00 64 64 64 64 64 64 64 64 64 64 00 3C 0C 48 10 40 34 44 08 44 3C 48 10 34 40 10 10 38 30 44 30 3C 48 30 2C 40 08 34 0C 04 18 48 28 14 1C 24 44 20 48 2C 18 1C 08 18 50 3C 20 1C 30 24 0C 20 0C 
MBChangePalette gain(0.533333 0.533333 0.533333), offset(0.000000 0.000000 0.000000), sat(1.000000)
SetPalette
00 48 60 78 2C 18 4C 30 48 00 30 00 38 0C 40 10 3C 34 40 08 3C 34 40 10 30 38 10 0C 34 30 40 2C 38 44 2C 28 3C 04 30 0C 04 14 44 24 14 18 20 40 1C 44 28 18 18 08 14 48 3C 20 1C 2C 24 0C 1C 08 
00 28 28 28 30 38 3C 40 4C 58 1C 00 38 10 44 14 3C 34 40 0C 40 38 40 14 34 3C 18 14 38 30 40 30 3C 44 2C 2C 40 08 34 10 04 18 44 28 18 1C 24 40 20 48 28 18 18 08 14 48 3C 20 1C 30 24 0C 1C 10 
00 58 58 58 58 58 58 58 58 58 58 00 34 0C 40 0C 38 30 3C 08 3C 34 40 10 30 38 10 0C 30 2C 3C 2C 34 40 28 28 38 04 2C 08 04 14 40 24 10 18 20 3C 1C 40 24 14 18 08 14 44 34 1C 18 28 20 0C 1C 08 
MBChangePalette gain(0.466667 0.466667 0.466667), offset(0.000000 0.000000 0.000000), sat(1.000000)
SetPalette
00 40 54 6C 28 14 44 2C 40 00 2C 00 30 0C 38 10 34 2C 38 08 38 30 38 10 2C 34 10 0C 30 2C 38 28 34 3C 28 24 38 04 2C 0C 04 14 3C 20 10 18 1C 38 1C 3C 24 14 14 08 10 40 34 1C 18 28 20 0C 18 08 
00 24 24 24 2C 30 34 38 44 50 18 00 34 10 3C 10 38 30 38 0C 38 30 38 14 2C 34 14 10 30 2C 38 2C 34 3C 28 28 38 08 2C 10 04 14 3C 24 18 18 20 38 1C 40 24 14 18 08 14 40 34 1C 18 2C 20 0C 1C 10 
00 50 50 50 50 50 50 50 50 50 50 00 2C 0C 38 0C 30 2C 34 08 34 2C 38 10 2C 30 10 0C 2C 28 38 28 30 38 24 24 34 04 28 08 04 10 38 20 10 14 1C 38 18 38 20 14 14 08 10 3C 30 1C 18 24 1C 0C 18 08 
MBChangePalette gain(0.400000 0.400000 0.400000), offset(0.000000 0.000000 0.000000), sat(1.000000)
SetPalette
00 38 48 5C 20 14 3C 24 38 00 24 00 2C 08 30 0C 2C 28 30 08 30 28 30 0C 24 2C 0C 0C 28 24 30 24 2C 34 20 20 30 04 24 08 04 10 34 1C 10 14 18 30 18 34 20 14 14 08 10 38 2C 18 14 20 1C 08 14 08 
00 20 20 20 24 2C 2C 30 3C 44 14 00 2C 0C 34 10 30 28 30 08 30 2C 30 10 28 2C 14 10 2C 24 30 24 2C 34 24 20 30 08 28 0C 04 14 34 20 14 14 1C 30 18 38 20 14 14 08 10 38 2C 18 14 24 1C 0C 18 0C 
00 44 44 44 44 44 44 44 44 44 44 00 28 08 30 0C 2C 24 2C 08 2C 28 30 0C 24 2C 0C 0C 24 20 30 20 28 30 20 20 2C 04 24 08 04 10 30 1C 0C 14 18 30 14 30 1C 10 14 08 10 34 28 18 14 20 18 08 14 08 
MBChangePalette gain(0.333333 0.333333 0.333333), offset(0.000000 0.000000 0.000000), sat(1.000000)
SetPalette
00 30 3C 4C 1C 10 30 20 30 00 20 00 24 08 28 0C 28 20 28 08 28 24 28 0C 20 24 0C 08 24 20 28 1C 24 2C 1C 1C 28 04 20 08 04 10 2C 18 0C 10 14 28 14 2C 18 10 10 04 0C 2C 28 14 14 1C 18 08 14 08 
00 18 18 18 20 24 28 28 30 38 14 00 24 0C 2C 0C 28 24 28 08 28 24 28 10 20 28 10 0C 24 20 28 20 28 2C 1C 1C 28 04 20 0C 04 10 2C 18 10 14 18 28 14 2C 1C 10 10 08 10 30 28 14 14 20 18 08 14 0C 
00 38 38 38 38 38 38 38 38 38 38 00 20 08 28 08 24 20 28 04 28 20 28 0C 20 24 0C 08 20 1C 28 1C 24 28 1C 18 24 04 1C 08 04 0C 28 18 0C 10 14 28 14 28 18 10 10 04 0C 2C 24 14 10 1C 14 08 14 08 
MBChangePalette gain(0.266667 0.266667 0.266667), offset(0.000000 0.000000 0.000000), sat(1.000000)
SetPalette
00 24 30 3C 18 0C 28 18 24 00 18 00 1C 08 20 08 20 1C 20 04 20 1C 20 08 18 1C 08 08 1C 18 20 18 1C 24 18 14 20 04 18 08 04 0C 24 14 0C 0C 10 20 10 24 14 0C 0C 04 0C 24 20 10 10 18 14 08 10 04 
00 14 14 14 18 1C 20 20 28 2C 10 00 1C 08 24 0C 20 1C 20 08 20 1C 20 0C 1C 20 0C 0C 1C 18 20 18 20 24 18 18 20 04 1C 08 04 0C 24 14 0C 10 14 20 10 24 14 0C 0C 04 0C 24 20 10 10 18 14 08 10 08 
00 2C 2C 2C 2C 2C 2C 2C 2C 2C 2C 00 1C 08 20 08 1C 18 20 04 20 1C 20 08 18 1C 08 08 18 18 20 18 1C 20 14 14 1C 04 18 04 04 0C 20 14 08 0C 10 20 10 20 14 0C 0C 04 0C 24 1C 10 0C 14 10 08 10 04 
MBChangePalette gain(0.200000 0.200000 0.200000), offset(0.000000 0.000000 0.000000), sat(1.000000)
SetPalette
00 1C 24 30 10 0C 20 14 1C 00 14 00 18 04 18 08 18 14 18 04 18 14 18 08 14 18 08 08 14 14 18 14 18 1C 10 10 18 04 14 04 04 08 1C 10 08 0C 0C 18 0C 1C 10 0C 0C 04 08 1C 18 0C 0C 10 10 04 0C 04 
00 10 10 10 14 18 18 18 20 24 0C 00 18 08 1C 08 18 14 18 04 18 18 18 08 14 18 0C 08 18 14 18 14 18 1C 14 10 18 04 14 08 04 0C 1C 10 0C 0C 10 18 0C 1C 10 0C 0C 04 08 1C 18 0C 0C 14 10 08 0C 08 
00 24 24 24 24 24 24 24 24 24 24 00 14 04 18 08 18 14 18 04 18 14 18 08 14 18 08 08 14 10 18 10 14 18 10 10 18 04 14 04 04 08 18 10 08 0C 0C 18 0C 18 10 08 0C 04 08 1C 14 0C 0C 10 0C 04 0C 04 
MBChangePalette gain(0.133333 0.133333 0.133333), offset(0.000000 0.000000 0.000000), sat(1.000000)
SetPalette
00 14 18 20 0C 08 14 0C 14 00 0C 00 10 04 10 04 10 10 10 04 10 10 10 04 0C 10 04 04 10 0C 10 0C 10 14 0C 0C 10 04 0C 04 04 08 14 0C 08 08 08 10 08 14 0C 08 08 04 08 14 10 08 08 0C 0C 04 08 04 
00 0C 0C 0C 0C 10 10 10 14 18 08 00 10 04 14 08 10 10 10 04 10 10 10 08 10 10 08 08 10 0C 10 0C 10 14 0C 0C 10 04 10 04 04 08 14 0C 08 08 0C 10 08 14 0C 08 08 04 08 14 10 08 08 0C 0C 04 08 04 
00 18 18 18 18 18 18 18 18 18 18 00 10 04 10 04 10 0C 10 04 10 10 10 04 0C 10 04 04 0C 0C 10 0C 10 10 0C 0C 10 04 0C 04 04 08 10 0C 04 08 08 10 08 10 0C 08 08 04 08 14 10 08 08 0C 08 04 08 04 
MBChangePalette gain(0.066667 0.066667 0.066667), offset(0.000000 0.000000 0.000000), sat(1.000000)
SetPalette
00 0C 0C 10 08 04 0C 08 0C 00 08 00 08 04 08 04 08 08 08 04 08 08 08 04 08 08 04 04 08 08 08 08 08 0C 08 08 08 04 08 04 04 04 0C 08 04 04 04 08 04 0C 08 04 04 04 04 0C 08 04 04 08 08 04 04 04 
00 08 08 08 08 08 08 08 0C 0C 04 00 08 04 0C 04 08 08 08 04 08 08 08 04 08 08 04 04 08 08 08 08 08 0C 08 08 08 04 08 04 04 04 0C 08 04 04 08 08 04 0C 08 04 04 04 04 0C 08 04 04 08 08 04 04 04 
00 0C 0C 0C 0C 0C 0C 0C 0C 0C 0C 00 08 04 08 04 08 08 08 04 08 08 08 04 08 08 04 04 08 08 08 08 08 08 08 08 08 04 08 04 04 04 08 08 04 04 04 08 04 08 08 04 04 04 04 0C 08 04 04 08 04 04 04 04 
MBChangePalette gain(0.000000 0.000000 0.000000), offset(0.000000 0.000000 0.000000), sat(1.000000)
SetPalette
00 40 48 4C 5C 14 38 78 40 34 C0 C8 BC 60 64 68 A0 A4 C0 A8 B4 70 A8 34 68 9C 44 74 6C CC B4 B0 D0 5C A0 3C 58 60 74 50 40 54 74 58 38 78 64 98 58 70 78 B0 80 5C 84 AC 74 48 70 50 48 54 B8 48 
00 40 5C 50 60 10 2C 54 2C 40 C0 C8 BC 58 5C 60 74 78 BC 7C B4 64 78 28 5C 70 40 68 60 CC 84 80 D0 58 70 38 50 74 90 48 3C 4C 98 4C 34 6C 78 6C 50 64 98 78 74 70 78 80 94 44 88 34 34 50 88 44 
00 3C 68 50 5C 04 10 34 1C 44 D4 D4 D0 3C 40 40 48 48 D0 50 D0 44 4C 08 3C 44 24 44 48 D8 58 54 D8 34 44 24 38 80 9C 30 28 38 B0 38 24 4C 80 40 30 48 A8 4C 50 7C 54 50 A8 28 9C 10 0C 30 5C 30 
SetPalette
00 FC D0 44 CC D0 F8 9C 58 F0 28 FC 08 08 14 10 18 08 1C 20 10 18 04 08 10 FC 20 28 FC FC 20 28 18 FC FC 24 30 30 FC 4C FC 38 18 4C 3C FC FC 38 28 28 30 10 38 30 FC 28 38 40 FC 84 6C FC 54 FC 
00 C4 D0 48 98 CC 68 74 44 D0 30 FC 08 04 10 0C 14 08 18 1C 04 0C 08 04 10 FC 14 20 FC FC 0C 1C 18 FC FC 20 1C 24 FC 20 FC 1C 08 24 28 FC FC 14 10 14 28 0C 30 14 FC 28 24 1C FC 30 30 7C 3C FC 
00 94 A0 60 6C 80 2C 68 5C C0 3C FC 08 04 10 0C 10 04 18 18 04 08 04 08 0C 94 10 20 84 C4 08 18 14 E4 78 20 18 20 A0 18 A8 18 04 20 28 B0 B8 10 08 10 2C 10 30 10 D0 28 20 18 D8 28 2C 54 34 60 
SetPalette
00 FC D0 44 CC D0 F8 9C 58 F0 28 FC 08 08 14 10 18 08 1C 20 10 18 04 08 10 FC 20 28 FC FC 20 28 18 FC FC 24 30 30 FC 4C FC 38 18 4C 3C FC FC 38 28 28 30 10 38 30 FC 28 38 40 FC 84 6C FC 54 FC 
00 C4 D0 48 98 CC 68 74 44 D0 30 FC 08 04 10 0C 14 08 18 1C 04 0C 08 04 10 FC 14 20 FC FC 0C 1C 18 FC FC 20 1C 24 FC 20 FC 1C 08 24 28 FC FC 14 10 14 28 0C 30 14 FC 28 24 1C FC 30 30 7C 3C FC 
00 94 A0 60 6C 80 2C 68 5C C0 3C FC 08 04 10 0C 10 04 18 18 04 08 04 08 0C 94 10 20 84 C4 08 18 14 E4 78 20 18 20 A0 18 A8 18 04 20 28 B0 B8 10 08 10 2C 10 30 10 D0 28 20 18 D8 28 2C 54 34 60 
MBChangePalette gain(1.000000 1.000000 1.000000), offset(0.000000 0.000000 0.000000), sat(1.000000)
SetPalette
00 F0 C4 40 C0 C4 EC 94 54 E4 28 F0 08 08 14 10 18 08 1C 20 10 18 04 08 10 F0 20 28 F0 F0 20 28 18 F0 F0 24 30 30 F0 48 F0 38 18 48 3C F0 F0 38 28 28 30 10 38 30 F0 28 38 3C F0 7C 68 F0 50 F0 
00 B8 C4 44 90 C0 64 70 40 C4 30 F0 08 04 10 0C 14 08 18 1C 04 0C 08 04 10 F0 14 20 F0 F0 0C 1C 18 F0 F0 20 1C 24 F0 20 F0 1C 08 24 28 F0 F0 14 10 14 28 0C 30 14 F0 28 24 1C F0 30 30 78 3C F0 
00 8C 98 5C 68 78 2C 64 58 B4 3C F0 08 04 10 0C 10 04 18 18 04 08 04 08 0C 8C 10 20 7C B8 08 18 14 D8 74 20 18 20 98 18 A0 18 04 20 28 A8 B0 10 08 10 2C 10 30 10 C4 28 20 18 CC 28 2C 50 34 5C 
MBChangePalette gain(0.933333 0.933333 0.933333), offset(0.000000 0.000000 0.000000), sat(1.000000)
SetPalette
00 E0 B8 3C B4 B8 DC 8C 50 D4 24 E0 08 08 14 10 18 08 1C 1C 10 18 04 08 10 E0 1C 24 E0 E0 1C 24 18 E0 E0 20 2C 2C E0 44 E0 34 18 44 38 E0 E0 34 24 24 2C 10 34 2C E0 24 34 38 E0 74 60 E0 4C E0 
00 AC B8 40 88 B4 5C 68 3C B8 2C E0 08 04 10 0C 14 08 18 1C 04 0C 08 04 10 E0 14 1C E0 E0 0C 1C 18 E0 E0 1C 1C 20 E0 1C E0 1C 08 20 24 E0 E0 14 10 14 24 0C 2C 14 E0 24 20 1C E0 2C 2C 70 38 E0 
00 84 8C 54 60 70 28 5C 54 A8 38 E0 08 04 10 0C 10 04 18 18 04 08 04 08 0C 84 10 1C 74 AC 08 18 14 C8 6C 1C 18 1C 8C 18 94 18 04 1C 24 9C A4 10 08 10 28 10 2C 10 B8 24 1C 18 C0 24 28 4C 30 54 
MBChangePalette gain(0.866667 0.866667 0.866667), offset(0.000000 0.000000 0.000000), sat(1.000000)
SetPalette
00 D0 AC 38 A8 AC CC 80 48 C4 24 D0 08 08 14 10 14 08 18 1C 10 14 04 08 10 D0 1C 24 D0 D0 1C 24 14 D0 D0 20 28 28 D0 40 D0 30 14 40 34 D0 D0 30 24 24 28 10 30 28 D0 24 30 34 D0 6C 58 D0 48 D0 
00 A0 AC 3C 7C A8 58 60 38 AC 28 D0 08 04 10 0C 14 08 14 18 04 0C 08 04 10 D0 14 1C D0 D0 0C 18 14 D0 D0 1C 18 20 D0 1C D0 18 08 20 24 D0 D0 14 10 14 24 0C 28 14 D0 24 20 18 D0 28 28 68 34 D0 
00 7C 84 50 58 68 24 58 4C 9C 34 D0 08 04 10 0C 10 04 14 14 04 08 04 08 0C 7C 10 1C 6C A0 08 14 14 BC 64 1C 14 1C 84 14 8C 14 04 1C 24 90 98 10 08 10 24 10 28 10 AC 24 1C 14 B0 24 24 48 2C 50 
MBChangePalette gain(0.800000 0.800000 0.800000), offset(0.000000 0.000000 0.000000), sat(1.000000)
SetPalette
00 C0 9C 34 9C 9C BC 78 44 B4 20 C0 08 08 10 0C 14 08 18 18 0C 14 04 08 0C C0 18 20 C0 C0 18 20 14 C0 C0 1C 24 24 C0 3C C0 2C 14 3C 30 C0 C0 2C 20 20 24 0C 2C 24 C0 20 2C 30 C0 64 54 C0 40 C0 
00 94 9C 38 74 9C 50 58 34 9C 24 C0 08 04 0C 0C 10 08 14 18 04 0C 08 04 0C C0 10 18 C0 C0 0C 18 14 C0 C0 18 18 1C C0 18 C0 18 08 1C 20 C0 C0 10 0C 10 20 0C 24 10 C0 20 1C 18 C0 24 24 60 30 C0 
00 70 78 48 54 60 24 50 48 90 30 C0 08 04 0C 0C 0C 04 14 14 04 08 04 08 0C 70 0C 18 64 94 08 14 10 AC 5C 18 14 18 78 14 80 14 04 18 20 84 8C 0C 08 0C 24 0C 24 0C 9C 20 18 14 A4 20 24 40 28 48 
MBChangePalette gain(0.733333 0.733333 0.733333), offset(0.000000 0.000000 0.000000), sat(1.000000)
SetPalette
00 B0 90 30 90 90 AC 6C 40 A8 1C B0 08 08 10 0C 14 08 14 18 0C 14 04 08 0C B0 18 1C B0 B0 18 1C 14 B0 B0 1C 24 24 B0 38 B0 28 14 38 2C B0 B0 28 1C 1C 24 0C 28 24 B0 1C 28 2C B0 5C 4C B0 3C B0 
00 88 90 34 6C 90 48 50 30 90 24 B0 08 04 0C 0C 10 08 14 14 04 0C 08 04 0C B0 10 18 B0 B0 0C 14 14 B0 B0 18 14 1C B0 18 B0 14 08 1C 1C B0 B0 10 0C 10 1C 0C 24 10 B0 1C 1C 14 B0 24 24 58 2C B0 
00 68 70 44 4C 58 20 48 40 84 2C B0 08 04 0C 0C 0C 04 14 14 04 08 04 08 0C 68 0C 18 5C 88 08 14 10 A0 54 18 14 18 70 14 74 14 04 18 1C 7C 80 0C 08 0C 20 0C 24 0C 90 1C 18 14 98 1C 20 3C 24 44 
MBChangePalette gain(0.666667 0.666667 0.666667), offset(0.000000 0.000000 0.000000), sat(1.000000)
SetPalette
00 A0 84 2C 80 84 9C 64 38 98 1C A0 08 08 10 0C 10 08 14 14 0C 10 04 08 0C A0 14 1C A0 A0 14 1C 10 A0 A0 18 20 20 A0 30 A0 24 10 30 28 A0 A0 24 1C 1C 20 0C 24 20 A0 1C 24 28 A0 54 44 A0 38 A0 
00 7C 84 30 60 80 44 4C 2C 84 20 A0 08 04 0C 08 10 08 10 14 04 08 08 04 0C A0 10 14 A0 A0 08 14 10 A0 A0 14 14 18 A0 14 A0 14 08 18 1C A0 A0 10 0C 10 1C 08 20 10 A0 1C 18 14 A0 20 20 50 28 A0 
00 60 64 3C 44 50 1C 44 3C 78 28 A0 08 04 0C 08 0C 04 10 10 04 08 04 08 08 60 0C 14 54 7C 08 10 10 90 4C 14 10 14 64 10 6C 10 04 14 1C 70 74 0C 08 0C 1C 0C 20 0C 84 1C 14 10 88 1C 1C 38 24 3C 
MBChangePalette gain(0.600000 0.600000 0.600000), offset(0.000000 0.000000 0.000000), sat(1.000000)
SetPalette
00 90 78 28 74 78 8C 58 34 88 18 90 08 08 0C 0C 10 08 10 14 0C 10 04 08 0C 90 14 18 90 90 14 18 10 90 90 18 1C 1C 90 2C 90 20 10 2C 24 90 90 20 18 18 1C 0C 20 1C 90 18 20 24 90 4C 40 90 30 90 
00 70 78 2C 58 74 3C 44 28 78 1C 90 08 04 0C 08 0C 08 10 10 04 08 08 04 0C 90 0C 14 90 90 08 10 10 90 90 14 10 18 90 14 90 10 08 18 18 90 90 0C 0C 0C 18 08 1C 0C 90 18 18 10 90 1C 1C 48 24 90 
00 54 5C 38 40 48 1C 3C 34 6C 24 90 08 04 0C 08 0C 04 10 10 04 08 04 08 08 54 0C 14 4C 70 08 10 0C 84 44 14 10 14 5C 10 60 10 04 14 18 64 68 0C 08 0C 1C 0C 1C 0C 78 18 14 10 7C 18 1C 30 20 38 
MBChangePalette gain(0.533333 0.533333 0.533333), offset(0.000000 0.000000 0.000000), sat(1.000000)
SetPalette
00 80 68 24 68 68 7C 50 2C 78 14 80 04 04 0C 08 0C 04 10 10 08 0C 04 04 08 80 10 14 80 80 10 14 0C 80 80 14 18 18 80 28 80 1C 0C 28 20 80 80 1C 14 14 18 08 1C 18 80 14 1C 20 80 44 38 80 2C 80 
00 64 68 24 4C 68 34 3C 24 68 18 80 04 04 08 08 0C 04 0C 10 04 08 04 04 08 80 0C 10 80 80 08 10 0C 80 80 10 10 14 80 10 80 10 04 14 14 80 80 0C 08 0C 14 08 18 0C 80 14 14 10 80 18 18 40 20 80 
00 4C 50 30 38 40 18 34 30 60 20 80 04 04 08 08 08 04 0C 0C 04 04 04 04 08 4C 08 10 44 64 04 0C 0C 74 3C 10 0C 10 50 0C 54 0C 04 10 14 58 5C 08 04 08 18 08 18 08 68 14 10 0C 6C 14 18 2C 1C 30 
MBChangePalette gain(0.466667 0.466667 0.466667), offset(0.000000 0.000000 0.000000), sat(1.000000)
SetPalette
00 70 5C 20 5C 5C 70 48 28 6C 14 70 04 04 0C 08 0C 04 10 10 08 0C 04 04 08 70 10 14 70 70 10 14 0C 70 70 10 18 18 70 24 70 1C 0C 24 1C 70 70 1C 14 14 18 08 1C 18 70 14 1C 1C 70 3C 30 70 28 70 
00 58 5C 20 44 5C 30 34 20 5C 18 70 04 04 08 08 0C 04 0C 10 04 08 04 04 08 70 0C 10 70 70 08 10 0C 70 70 10 10 10 70 10 70 10 04 10 14 70 70 0C 08 0C 14 08 18 0C 70 14 10 10 70 18 18 38 1C 70 
00 44 48 2C 30 38 14 30 2C 54 1C 70 04 04 08 08 08 04 0C 0C 04 04 04 04 08 44 08 10 3C 58 04 0C 0C 64 38 10 0C 10 48 0C 4C 0C 04 10 14 50 54 08 04 08 14 08 18 08 5C 14 10 0C 60 14 14 28 18 2C 
MBChangePalette gain(0.400000 0.400000 0.400000), offset(0.000000 0.000000 0.000000), sat(1.000000)
SetPalette
00 60 50 1C 50 50 60 3C 24 5C 10 60 04 04 08 08 0C 04 0C 0C 08 0C 04 04 08 60 0C 10 60 60 0C 10 0C 60 60 10 14 14 60 20 60 18 0C 20 18 60 60 18 10 10 14 08 18 14 60 10 18 18 60 34 2C 60 20 60 
00 4C 50 1C 3C 50 28 2C 1C 50 14 60 04 04 08 08 08 04 0C 0C 04 08 04 04 08 60 08 0C 60 60 08 0C 0C 60 60 0C 0C 10 60 0C 60 0C 04 10 10 60 60 08 08 08 10 08 14 08 60 10 10 0C 60 14 14 30 18 60 
00 38 3C 24 2C 30 14 28 24 48 18 60 04 04 08 08 08 04 0C 0C 04 04 04 04 08 38 08 0C 34 4C 04 0C 08 58 30 0C 0C 0C 3C 0C 40 0C 04 0C 10 44 48 08 04 08 14 08 14 08 50 10 0C 0C 54 10 14 20 14 24 
MBChangePalette gain(0.333333 0.333333 0.333333), offset(0.000000 0.000000 0.000000), sat(1.000000)
SetPalette
00 50 44 18 40 44 50 34 1C 4C 10 50 04 04 08 08 08 04 0C 0C 08 08 04 04 08 50 0C 10 50 50 0C 10 08 50 50 0C 10 10 50 18 50 14 08 18 14 50 50 14 10 10 10 08 14 10 50 10 14 14 50 2C 24 50 1C 50 
00 40 44 18 30 40 24 28 18 44 10 50 04 04 08 04 08 04 08 0C 04 04 04 04 08 50 08 0C 50 50 04 0C 08 50 50 0C 0C 0C 50 0C 50 0C 04 0C 10 50 50 08 08 08 10 04 10 08 50 10 0C 0C 50 10 10 28 14 50 
00 30 34 20 24 28 10 24 20 3C 14 50 04 04 08 04 08 04 08 08 04 04 04 04 04 30 08 0C 2C 40 04 08 08 48 28 0C 08 0C 34 08 38 08 04 0C 10 38 3C 08 04 08 10 08 10 08 44 10 0C 08 44 10 10 1C 14 20 
MBChangePalette gain(0.266667 0.266667 0.266667), offset(0.000000 0.000000 0.000000), sat(1.000000)
SetPalette
00 40 34 14 34 34 40 28 18 3C 0C 40 04 04 08 04 08 04 08 08 04 08 04 04 04 40 08 0C 40 40 08 0C 08 40 40 0C 0C 0C 40 14 40 10 08 14 10 40 40 10 0C 0C 0C 04 10 0C 40 0C 10 10 40 24 1C 40 18 40 
00 34 34 14 28 34 1C 20 14 34 0C 40 04 04 04 04 08 04 08 08 04 04 04 04 04 40 08 08 40 40 04 08 08 40 40 08 08 0C 40 08 40 08 04 0C 0C 40 40 08 04 08 0C 04 0C 08 40 0C 0C 08 40 0C 0C 20 10 40 
00 28 28 18 1C 20 0C 1C 18 30 10 40 04 04 04 04 04 04 08 08 04 04 04 04 04 28 04 08 24 34 04 08 08 3C 20 08 08 08 28 08 2C 08 04 08 0C 2C 30 04 04 04 0C 04 0C 04 34 0C 08 08 38 0C 0C 18 10 18 
MBChangePalette gain(0.200000 0.200000 0.200000), offset(0.000000 0.000000 0.000000), sat(1.000000)
SetPalette
00 30 28 10 28 28 30 20 14 30 08 30 04 04 04 04 08 04 08 08 04 08 04 04 04 30 08 08 30 30 08 08 08 30 30 08 0C 0C 30 10 30 0C 08 10 0C 30 30 0C 08 08 0C 04 0C 0C 30 08 0C 0C 30 1C 18 30 10 30 
00 28 28 10 20 28 14 18 10 28 0C 30 04 04 04 04 04 04 08 08 04 04 04 04 04 30 04 08 30 30 04 08 08 30 30 08 08 08 30 08 30 08 04 08 08 30 30 04 04 04 08 04 0C 04 30 08 08 08 30 0C 0C 18 0C 30 
00 1C 20 14 18 18 0C 14 14 24 0C 30 04 04 04 04 04 04 08 08 04 04 04 04 04 1C 04 08 1C 28 04 08 04 2C 18 08 08 08 20 08 20 08 04 08 08 24 24 04 04 04 0C 04 0C 04 28 08 08 08 2C 08 0C 10 0C 14 
MBChangePalette gain(0.133333 0.133333 0.133333), offset(0.000000 0.000000 0.000000), sat(1.000000)
SetPalette
00 20 1C 0C 1C 1C 20 14 0C 20 08 20 04 04 04 04 04 04 04 04 04 04 04 04 04 20 04 08 20 20 04 08 04 20 20 08 08 08 20 0C 20 08 04 0C 08 20 20 08 08 08 08 04 08 08 20 08 08 08 20 14 10 20 0C 20 
00 1C 1C 0C 14 1C 10 10 0C 1C 08 20 04 04 04 04 04 04 04 04 04 04 04 04 04 20 04 04 20 20 04 04 04 20 20 04 04 08 20 04 20 04 04 08 08 20 20 04 04 04 08 04 08 04 20 08 08 04 20 08 08 10 08 20 
00 14 14 0C 10 10 08 10 0C 18 08 20 04 04 04 04 04 04 04 04 04 04 04 04 04 14 04 04 14 1C 04 04 04 20 10 04 04 04 14 04 18 04 04 04 08 18 18 04 04 04 08 04 08 04 1C 08 04 04 1C 08 08 0C 08 0C 
MBChangePalette gain(0.066667 0.066667 0.066667), offset(0.000000 0.000000 0.000000), sat(1.000000)
SetPalette
00 10 10 08 10 10 10 0C 08 10 04 10 04 04 04 04 04 04 04 04 04 04 04 04 04 10 04 04 10 10 04 04 04 10 10 04 04 04 10 08 10 04 04 08 04 10 10 04 04 04 04 04 04 04 10 04 04 04 10 0C 08 10 08 10 
00 10 10 08 0C 10 08 08 08 10 04 10 04 04 04 04 04 04 04 04 04 04 04 04 04 10 04 04 10 10 04 04 04 10 10 04 04 04 10 04 10 04 04 04 04 10 10 04 04 04 04 04 04 04 10 04 04 04 10 04 04 08 04 10 
00 0C 0C 08 08 08 04 08 08 0C 04 10 04 04 04 04 04 04 04 04 04 04 04 04 04 0C 04 04 0C 10 04 04 04 10 08 04 04 04 0C 04 0C 04 04 04 04 0C 0C 04 04 04 04 04 04 04 10 04 04 04 10 04 04 08 04 08 
MBChangePalette gain(0.000000 0.000000 0.000000), offset(0.000000 0.000000 0.000000), sat(1.000000)
SetPalette
00 10 10 08 10 10 10 0C 08 10 04 10 04 04 04 04 04 04 04 04 04 04 04 04 04 10 04 04 10 10 04 04 04 10 10 04 04 04 10 08 10 04 04 08 04 10 10 04 04 04 04 04 04 04 10 04 04 04 10 0C 08 10 08 10 
00 10 10 08 0C 10 08 08 08 10 04 10 04 04 04 04 04 04 04 04 04 04 04 04 04 10 04 04 10 10 04 04 04 10 10 04 04 04 10 04 10 04 04 04 04 10 10 04 04 04 04 04 04 04 10 04 04 04 10 04 04 08 04 10 
00 0C 0C 08 08 08 04 08 08 0C 04 10 04 04 04 04 04 04 04 04 04 04 04 04 04 0C 04 04 0C 10 04 04 04 10 08 04 04 04 0C 04 0C 04 04 04 04 0C 0C 04 04 04 04 04 04 04 10 04 04 04 10 04 04 08 04 08 
SetPalette
00 10 10 08 10 10 10 0C 08 10 04 10 04 04 04 04 04 04 04 04 04 04 04 04 04 10 04 04 10 10 04 04 04 10 10 04 04 04 10 08 10 04 04 08 04 10 10 04 04 04 04 04 04 04 10 04 04 04 10 0C 08 10 08 10 
00 10 10 08 0C 10 08 08 08 10 04 10 04 04 04 04 04 04 04 04 04 04 04 04 04 10 04 04 10 10 04 04 04 10 10 04 04 04 10 04 10 04 04 04 04 10 10 04 04 04 04 04 04 04 10 04 04 04 10 04 04 08 04 10 
00 0C 0C 08 08 08 04 08 08 0C 04 10 04 04 04 04 04 04 04 04 04 04 04 04 04 0C 04 04 0C 10 04 04 04 10 08 04 04 04 0C 04 0C 04 04 04 04 0C 0C 04 04 04 04 04 04 04 10 04 04 04 10 04 04 08 04 08 
SetPalette
00 10 10 08 10 10 10 0C 08 10 04 10 04 04 04 04 04 04 04 04 04 04 04 04 04 10 04 04 10 10 04 04 04 10 10 04 04 04 10 08 10 04 04 08 04 10 10 04 04 04 04 04 04 04 10 04 04 04 10 0C 08 10 08 10 
00 10 10 08 0C 10 08 08 08 10 04 10 04 04 04 04 04 04 04 04 04 04 04 04 04 10 04 04 10 10 04 04 04 10 10 04 04 04 10 04 10 04 04 04 04 10 10 04 04 04 04 04 04 04 10 04 04 04 10 04 04 08 04 10 
00 0C 0C 08 08 08 04 08 08 0C 04 10 04 04 04 04 04 04 04 04 04 04 04 04 04 0C 04 04 0C 10 04 04 04 10 08 04 04 04 0C 04 0C 04 04 04 04 0C 0C 04 04 04 04 04 04 04 10 04 04 04 10 04 04 08 04 08 
SetPalette
00 10 10 08 10 10 10 0C 08 10 04 10 04 04 04 04 04 04 04 04 04 04 04 04 04 10 04 04 10 10 04 04 04 10 10 04 04 04 10 08 10 04 04 08 04 10 10 04 04 04 04 04 04 04 10 04 04 04 10 0C 08 10 08 10 
00 10 10 08 0C 10 08 08 08 10 04 10 04 04 04 04 04 04 04 04 04 04 04 04 04 10 04 04 10 10 04 04 04 10 10 04 04 04 10 04 10 04 04 04 04 10 10 04 04 04 04 04 04 04 10 04 04 04 10 04 04 08 04 10 
00 0C 0C 08 08 08 04 08 08 0C 04 10 04 04 04 04 04 04 04 04 04 04 04 04 04 0C 04 04 0C 10 04 04 04 10 08 04 04 04 0C 04 0C 04 04 04 04 0C 0C 04 04 04 04 04 04 04 10 04 04 04 10 04 04 08 04 08 
SetPalette
00 0C 0C 08 0C 0C 0C 0C 08 0C 04 0C 04 04 04 04 04 04 04 04 04 04 04 04 04 0C 04 04 0C 0C 04 04 04 0C 0C 04 04 04 0C 08 0C 04 04 08 04 0C 0C 04 04 04 04 04 04 04 0C 04 04 04 0C 0C 08 0C 08 0C 
00 0C 0C 08 0C 0C 08 08 08 0C 04 0C 04 04 04 04 04 04 04 04 04 04 04 04 04 0C 04 04 0C 0C 04 04 04 0C 0C 04 04 04 0C 04 0C 04 04 04 04 0C 0C 04 04 04 04 04 04 04 0C 04 04 04 0C 04 04 08 04 0C 
00 0C 0C 08 08 08 04 08 08 0C 04 0C 04 04 04 04 04 04 04 04 04 04 04 04 04 0C 04 04 0C 0C 04 04 04 0C 08 04 04 04 0C 04 0C 04 04 04 04 0C 0C 04 04 04 04 04 04 04 0C 04 04 04 0C 04 04 08 04 08 
SetPalette
00 0C 0C 08 0C 0C 0C 0C 08 0C 04 0C 04 04 04 04 04 04 04 04 04 04 04 04 04 0C 04 04 0C 0C 04 04 04 0C 0C 04 04 04 0C 08 0C 04 04 08 04 0C 0C 04 04 04 04 04 04 04 0C 04 04 04 0C 0C 08 0C 08 0C 
00 0C 0C 08 0C 0C 08 08 08 0C 04 0C 04 04 04 04 04 04 04 04 04 04 04 04 04 0C 04 04 0C 0C 04 04 04 0C 0C 04 04 04 0C 04 0C 04 04 04 04 0C 0C 04 04 04 04 04 04 04 0C 04 04 04 0C 04 04 08 04 0C 
00 0C 0C 08 08 08 04 08 08 0C 04 0C 04 04 04 04 04 04 04 04 04 04 04 04 04 0C 04 04 0C 0C 04 04 04 0C 08 04 04 04 0C 04 0C 04 04 04 04 0C 0C 04 04 04 04 04 04 04 0C 04 04 04 0C 04 04 08 04 08 
SetPalette
00 0C 0C 08 0C 0C 0C 08 08 0C 04 0C 04 04 04 04 04 04 04 04 04 04 04 04 04 0C 04 04 0C 0C 04 04 04 0C 0C 04 04 04 0C 08 0C 04 04 08 04 0C 0C 04 04 04 04 04 04 04 0C 04 04 04 0C 08 08 0C 08 0C 
00 0C 0C 08 08 0C 08 08 08 0C 04 0C 04 04 04 04 04 04 04 04 04 04 04 04 04 0C 04 04 0C 0C 04 04 04 0C 0C 04 04 04 0C 04 0C 04 04 04 04 0C 0C 04 04 04 04 04 04 04 0C 04 04 04 0C 04 04 08 04 0C 
00 08 08 08 08 08 04 08 08 08 04 0C 04 04 04 04 04 04 04 04 04 04 04 04 04 08 04 04 08 0C 04 04 04 0C 08 04 04 04 08 04 08 04 04 04 04 08 08 04 04 04 04 04 04 04 0C 04 04 04 0C 04 04 08 04 08 
SetPalette
00 0C 0C 08 0C 0C 0C 08 08 0C 04 0C 04 04 04 04 04 04 04 04 04 04 04 04 04 0C 04 04 0C 0C 04 04 04 0C 0C 04 04 04 0C 08 0C 04 04 08 04 0C 0C 04 04 04 04 04 04 04 0C 04 04 04 0C 08 08 0C 08 0C 
00 0C 0C 08 08 0C 08 08 08 0C 04 0C 04 04 04 04 04 04 04 04 04 04 04 04 04 0C 04 04 0C 0C 04 04 04 0C 0C 04 04 04 0C 04 0C 04 04 04 04 0C 0C 04 04 04 04 04 04 04 0C 04 04 04 0C 04 04 08 04 0C 
00 08 08 08 08 08 04 08 08 08 04 0C 04 04 04 04 04 04 04 04 04 04 04 04 04 08 04 04 08 0C 04 04 04 0C 08 04 04 04 08 04 08 04 04 04 04 08 08 04 04 04 04 04 04 04 0C 04 04 04 0C 04 04 08 04 08 
SetPalette
00 08 08 04 08 08 08 08 04 08 04 08 04 04 04 04 04 04 04 04 04 04 04 04 04 08 04 04 08 08 04 04 04 08 08 04 04 04 08 04 08 04 04 04 04 08 08 04 04 04 04 04 04 04 08 04 04 04 08 08 04 08 04 08 
00 08 08 04 08 08 04 04 04 08 04 08 04 04 04 04 04 04 04 04 04 04 04 04 04 08 04 04 08 08 04 04 04 08 08 04 04 04 08 04 08 04 04 04 04 08 08 04 04 04 04 04 04 04 08 04 04 04 08 04 04 04 04 08 
00 08 08 04 04 04 04 04 04 08 04 08 04 04 04 04 04 04 04 04 04 04 04 04 04 08 04 04 08 08 04 04 04 08 04 04 04 04 08 04 08 04 04 04 04 08 08 04 04 04 04 04 04 04 08 04 04 04 08 04 04 04 04 04 
SetPalette
00 08 08 04 08 08 08 08 04 08 04 08 04 04 04 04 04 04 04 04 04 04 04 04 04 08 04 04 08 08 04 04 04 08 08 04 04 04 08 04 08 04 04 04 04 08 08 04 04 04 04 04 04 04 08 04 04 04 08 08 04 08 04 08 
00 08 08 04 08 08 04 04 04 08 04 08 04 04 04 04 04 04 04 04 04 04 04 04 04 08 04 04 08 08 04 04 04 08 08 04 04 04 08 04 08 04 04 04 04 08 08 04 04 04 04 04 04 04 08 04 04 04 08 04 04 04 04 08 
00 08 08 04 04 04 04 04 04 08 04 08 04 04 04 04 04 04 04 04 04 04 04 04 04 08 04 04 08 08 04 04 04 08 04 04 04 04 08 04 08 04 04 04 04 08 08 04 04 04 04 04 04 04 08 04 04 04 08 04 04 04 04 04 
SetPalette
00 08 08 04 08 08 08 08 04 08 04 08 04 04 04 04 04 04 04 04 04 04 04 04 04 08 04 04 08 08 04 04 04 08 08 04 04 04 08 04 08 04 04 04 04 08 08 04 04 04 04 04 04 04 08 04 04 04 08 08 04 08 04 08 
00 08 08 04 08 08 04 04 04 08 04 08 04 04 04 04 04 04 04 04 04 04 04 04 04 08 04 04 08 08 04 04 04 08 08 04 04 04 08 04 08 04 04 04 04 08 08 04 04 04 04 04 04 04 08 04 04 04 08 04 04 04 04 08 
00 08 08 04 04 04 04 04 04 08 04 08 04 04 04 04 04 04 04 04 04 04 04 04 04 08 04 04 08 08 04 04 04 08 04 04 04 04 08 04 08 04 04 04 04 08 08 04 04 04 04 04 04 04 08 04 04 04 08 04 04 04 04 04 
SetPalette
00 08 08 04 08 08 08 04 04 08 04 08 04 04 04 04 04 04 04 04 04 04 04 04 04 08 04 04 08 08 04 04 04 08 08 04 04 04 08 04 08 04 04 04 04 08 08 04 04 04 04 04 04 04 08 04 04 04 08 04 04 08 04 08 
00 08 08 04 04 08 04 04 04 08 04 08 04 04 04 04 04 04 04 04 04 04 04 04 04 08 04 04 08 08 04 04 04 08 08 04 04 04 08 04 08 04 04 04 04 08 08 04 04 04 04 04 04 04 08 04 04 04 08 04 04 04 04 08 
00 04 04 04 04 04 04 04 04 04 04 08 04 04 04 04 04 04 04 04 04 04 04 04 04 04 04 04 04 08 04 04 04 08 04 04 04 04 04 04 04 04 04 04 04 04 04 04 04 04 04 04 04 04 08 04 04 04 08 04 04 04 04 04 
SetPalette
00 04 04 04 04 04 04 04 04 04 04 04 04 04 04 04 04 04 04 04 04 04 04 04 04 04 04 04 04 04 04 04 04 04 04 04 04 04 04 04 04 04 04 04 04 04 04 04 04 04 04 04 04 04 04 04 04 04 04 04 04 04 04 04 
00 04 04 04 04 04 04 04 04 04 04 04 04 04 04 04 04 04 04 04 04 04 04 04 04 04 04 04 04 04 04 04 04 04 04 04 04 04 04 04 04 04 04 04 04 04 04 04 04 04 04 04 04 04 04 04 04 04 04 04 04 04 04 04 
00 04 04 04 04 04 04 04 04 04 04 04 04 04 04 04 04 04 04 04 04 04 04 04 04 04 04 04 04 04 04 04 04 04 04 04 04 04 04 04 04 04 04 04 04 04 04 04 04 04 04 04 04 04 04 04 04 04 04 04 04 04 04 04 
SetPalette
00 04 04 04 04 04 04 04 04 04 04 04 04 04 04 04 04 04 04 04 04 04 04 04 04 04 04 04 04 04 04 04 04 04 04 04 04 04 04 04 04 04 04 04 04 04 04 04 04 04 04 04 04 04 04 04 04 04 04 04 04 04 04 04 
00 04 04 04 04 04 04 04 04 04 04 04 04 04 04 04 04 04 04 04 04 04 04 04 04 04 04 04 04 04 04 04 04 04 04 04 04 04 04 04 04 04 04 04 04 04 04 04 04 04 04 04 04 04 04 04 04 04 04 04 04 04 04 04 
00 04 04 04 04 04 04 04 04 04 04 04 04 04 04 04 04 04 04 04 04 04 04 04 04 04 04 04 04 04 04 04 04 04 04 04 04 04 04 04 04 04 04 04 04 04 04 04 04 04 04 04 04 04 04 04 04 04 04 04 04 04 04 04 
SetPalette
00 04 04 04 04 04 04 04 04 04 04 04 04 04 04 04 04 04 04 04 04 04 04 04 04 04 04 04 04 04 04 04 04 04 04 04 04 04 04 04 04 04 04 04 04 04 04 04 04 04 04 04 04 04 04 04 04 04 04 04 04 04 04 04 
00 04 04 04 04 04 04 04 04 04 04 04 04 04 04 04 04 04 04 04 04 04 04 04 04 04 04 04 04 04 04 04 04 04 04 04 04 04 04 04 04 04 04 04 04 04 04 04 04 04 04 04 04 04 04 04 04 04 04 04 04 04 04 04 
00 04 04 04 04 04 04 04 04 04 04 04 04 04 04 04 04 04 04 04 04 04 04 04 04 04 04 04 04 04 04 04 04 04 04 04 04 04 04 04 04 04 04 04 04 04 04 04 04 04 04 04 04 04 04 04 04 04 04 04 04 04 04 04 
SetPalette
00 04 04 04 04 04 04 04 04 04 04 04 04 04 04 04 04 04 04 04 04 04 04 04 04 04 04 04 04 04 04 04 04 04 04 04 04 04 04 04 04 04 04 04 04 04 04 04 04 04 04 04 04 04 04 04 04 04 04 04 04 04 04 04 
00 04 04 04 04 04 04 04 04 04 04 04 04 04 04 04 04 04 04 04 04 04 04 04 04 04 04 04 04 04 04 04 04 04 04 04 04 04 04 04 04 04 04 04 04 04 04 04 04 04 04 04 04 04 04 04 04 04 04 04 04 04 04 04 
00 04 04 04 04 04 04 04 04 04 04 04 04 04 04 04 04 04 04 04 04 04 04 04 04 04 04 04 04 04 04 04 04 04 04 04 04 04 04 04 04 04 04 04 04 04 04 04 04 04 04 04 04 04 04 04 04 04 04 04 04 04 04 04 
SetPalette
00 00 00 00 00 00 00 00 00 00 00 00 00 00 00 00 00 00 00 00 00 00 00 00 00 00 00 00 00 00 00 00 00 00 00 00 00 00 00 00 00 00 00 00 00 00 00 00 00 00 00 00 00 00 00 00 00 00 00 00 00 00 00 00 
00 00 00 00 00 00 00 00 00 00 00 00 00 00 00 00 00 00 00 00 00 00 00 00 00 00 00 00 00 00 00 00 00 00 00 00 00 00 00 00 00 00 00 00 00 00 00 00 00 00 00 00 00 00 00 00 00 00 00 00 00 00 00 00 
00 00 00 00 00 00 00 00 00 00 00 00 00 00 00 00 00 00 00 00 00 00 00 00 00 00 00 00 00 00 00 00 00 00 00 00 00 00 00 00 00 00 00 00 00 00 00 00 00 00 00 00 00 00 00 00 00 00 00 00 00 00 00 00 
SetPalette
00 00 00 00 00 00 00 00 00 00 00 00 00 00 00 00 00 00 00 00 00 00 00 00 00 00 00 00 00 00 00 00 00 00 00 00 00 00 00 00 00 00 00 00 00 00 00 00 00 00 00 00 00 00 00 00 00 00 00 00 00 00 00 00 
00 00 00 00 00 00 00 00 00 00 00 00 00 00 00 00 00 00 00 00 00 00 00 00 00 00 00 00 00 00 00 00 00 00 00 00 00 00 00 00 00 00 00 00 00 00 00 00 00 00 00 00 00 00 00 00 00 00 00 00 00 00 00 00 
00 00 00 00 00 00 00 00 00 00 00 00 00 00 00 00 00 00 00 00 00 00 00 00 00 00 00 00 00 00 00 00 00 00 00 00 00 00 00 00 00 00 00 00 00 00 00 00 00 00 00 00 00 00 00 00 00 00 00 00 00 00 00 00 
SetPalette
00 00 00 00 00 00 00 00 00 00 00 00 00 00 00 00 00 00 00 00 00 00 00 00 00 00 00 00 00 00 00 00 00 00 00 00 00 00 00 00 00 00 00 00 00 00 00 00 00 00 00 00 00 00 00 00 00 00 00 00 00 00 00 00 
00 00 00 00 00 00 00 00 00 00 00 00 00 00 00 00 00 00 00 00 00 00 00 00 00 00 00 00 00 00 00 00 00 00 00 00 00 00 00 00 00 00 00 00 00 00 00 00 00 00 00 00 00 00 00 00 00 00 00 00 00 00 00 00 
00 00 00 00 00 00 00 00 00 00 00 00 00 00 00 00 00 00 00 00 00 00 00 00 00 00 00 00 00 00 00 00 00 00 00 00 00 00 00 00 00 00 00 00 00 00 00 00 00 00 00 00 00 00 00 00 00 00 00 00 00 00 00 00 
SetPalette
00 00 00 00 00 00 00 00 00 00 00 00 00 00 00 00 00 00 00 00 00 00 00 00 00 00 00 00 00 00 00 00 00 00 00 00 00 00 00 00 00 00 00 00 00 00 00 00 00 00 00 00 00 00 00 00 00 00 00 00 00 00 00 00 
00 00 00 00 00 00 00 00 00 00 00 00 00 00 00 00 00 00 00 00 00 00 00 00 00 00 00 00 00 00 00 00 00 00 00 00 00 00 00 00 00 00 00 00 00 00 00 00 00 00 00 00 00 00 00 00 00 00 00 00 00 00 00 00 
00 00 00 00 00 00 00 00 00 00 00 00 00 00 00 00 00 00 00 00 00 00 00 00 00 00 00 00 00 00 00 00 00 00 00 00 00 00 00 00 00 00 00 00 00 00 00 00 00 00 00 00 00 00 00 00 00 00 00 00 00 00 00 00 
SetPalette
00 00 00 00 00 00 00 00 00 00 00 00 00 00 00 00 00 00 00 00 00 00 00 00 00 00 00 00 00 00 00 00 00 00 00 00 00 00 00 00 00 00 00 00 00 00 00 00 00 00 00 00 00 00 00 00 00 00 00 00 00 00 00 00 
00 00 00 00 00 00 00 00 00 00 00 00 00 00 00 00 00 00 00 00 00 00 00 00 00 00 00 00 00 00 00 00 00 00 00 00 00 00 00 00 00 00 00 00 00 00 00 00 00 00 00 00 00 00 00 00 00 00 00 00 00 00 00 00 
00 00 00 00 00 00 00 00 00 00 00 00 00 00 00 00 00 00 00 00 00 00 00 00 00 00 00 00 00 00 00 00 00 00 00 00 00 00 00 00 00 00 00 00 00 00 00 00 00 00 00 00 00 00 00 00 00 00 00 00 00 00 00 00 
SetPalette
00 00 00 00 00 00 00 00 00 00 00 00 00 00 00 00 00 00 00 00 00 00 00 00 00 00 00 00 00 00 00 00 00 00 00 00 00 00 00 00 00 00 00 00 00 00 00 00 00 00 00 00 00 00 00 00 00 00 00 00 00 00 00 00 
00 00 00 00 00 00 00 00 00 00 00 00 00 00 00 00 00 00 00 00 00 00 00 00 00 00 00 00 00 00 00 00 00 00 00 00 00 00 00 00 00 00 00 00 00 00 00 00 00 00 00 00 00 00 00 00 00 00 00 00 00 00 00 00 
00 00 00 00 00 00 00 00 00 00 00 00 00 00 00 00 00 00 00 00 00 00 00 00 00 00 00 00 00 00 00 00 00 00 00 00 00 00 00 00 00 00 00 00 00 00 00 00 00 00 00 00 00 00 00 00 00 00 00 00 00 00 00 00 
SetPalette
00 00 00 00 00 00 00 00 00 00 00 00 00 00 00 00 00 00 00 00 00 00 00 00 00 00 00 00 00 00 00 00 00 00 00 00 00 00 00 00 00 00 00 00 00 00 00 00 00 00 00 00 00 00 00 00 00 00 00 00 00 00 00 00 
00 00 00 00 00 00 00 00 00 00 00 00 00 00 00 00 00 00 00 00 00 00 00 00 00 00 00 00 00 00 00 00 00 00 00 00 00 00 00 00 00 00 00 00 00 00 00 00 00 00 00 00 00 00 00 00 00 00 00 00 00 00 00 00 
00 00 00 00 00 00 00 00 00 00 00 00 00 00 00 00 00 00 00 00 00 00 00 00 00 00 00 00 00 00 00 00 00 00 00 00 00 00 00 00 00 00 00 00 00 00 00 00 00 00 00 00 00 00 00 00 00 00 00 00 00 00 00 00 
SetPalette
00 00 00 00 00 00 00 00 00 00 00 00 00 00 00 00 00 00 00 00 00 00 00 00 00 00 00 00 00 00 00 00 00 00 00 00 00 00 00 00 00 00 00 00 00 00 00 00 00 00 00 00 00 00 00 00 00 00 00 00 00 00 00 00 
00 00 00 00 00 00 00 00 00 00 00 00 00 00 00 00 00 00 00 00 00 00 00 00 00 00 00 00 00 00 00 00 00 00 00 00 00 00 00 00 00 00 00 00 00 00 00 00 00 00 00 00 00 00 00 00 00 00 00 00 00 00 00 00 
00 00 00 00 00 00 00 00 00 00 00 00 00 00 00 00 00 00 00 00 00 00 00 00 00 00 00 00 00 00 00 00 00 00 00 00 00 00 00 00 00 00 00 00 00 00 00 00 00 00 00 00 00 00 00 00 00 00 00 00 00 00 00 00 
SetPalette
00 00 00 00 00 00 00 00 00 00 00 00 00 00 00 00 00 00 00 00 00 00 00 00 00 00 00 00 00 00 00 00 00 00 00 00 00 00 00 00 00 00 00 00 00 00 00 00 00 00 00 00 00 00 00 00 00 00 00 00 00 00 00 00 
00 00 00 00 00 00 00 00 00 00 00 00 00 00 00 00 00 00 00 00 00 00 00 00 00 00 00 00 00 00 00 00 00 00 00 00 00 00 00 00 00 00 00 00 00 00 00 00 00 00 00 00 00 00 00 00 00 00 00 00 00 00 00 00 
00 00 00 00 00 00 00 00 00 00 00 00 00 00 00 00 00 00 00 00 00 00 00 00 00 00 00 00 00 00 00 00 00 00 00 00 00 00 00 00 00 00 00 00 00 00 00 00 00 00 00 00 00 00 00 00 00 00 00 00 00 00 00 00 
SetPalette
00 00 00 00 00 00 00 00 00 00 00 00 00 00 00 00 00 00 00 00 00 00 00 00 00 00 00 00 00 00 00 00 00 00 00 00 00 00 00 00 00 00 00 00 00 00 00 00 00 00 00 00 00 00 00 00 00 00 00 00 00 00 00 00 
00 00 00 00 00 00 00 00 00 00 00 00 00 00 00 00 00 00 00 00 00 00 00 00 00 00 00 00 00 00 00 00 00 00 00 00 00 00 00 00 00 00 00 00 00 00 00 00 00 00 00 00 00 00 00 00 00 00 00 00 00 00 00 00 
00 00 00 00 00 00 00 00 00 00 00 00 00 00 00 00 00 00 00 00 00 00 00 00 00 00 00 00 00 00 00 00 00 00 00 00 00 00 00 00 00 00 00 00 00 00 00 00 00 00 00 00 00 00 00 00 00 00 00 00 00 00 00 00 
SetPalette
00 00 00 00 00 00 00 00 00 00 00 00 00 00 00 00 00 00 00 00 00 00 00 00 00 00 00 00 00 00 00 00 00 00 00 00 00 00 00 00 00 00 00 00 00 00 00 00 00 00 00 00 00 00 00 00 00 00 00 00 00 00 00 00 
00 00 00 00 00 00 00 00 00 00 00 00 00 00 00 00 00 00 00 00 00 00 00 00 00 00 00 00 00 00 00 00 00 00 00 00 00 00 00 00 00 00 00 00 00 00 00 00 00 00 00 00 00 00 00 00 00 00 00 00 00 00 00 00 
00 00 00 00 00 00 00 00 00 00 00 00 00 00 00 00 00 00 00 00 00 00 00 00 00 00 00 00 00 00 00 00 00 00 00 00 00 00 00 00 00 00 00 00 00 00 00 00 00 00 00 00 00 00 00 00 00 00 00 00 00 00 00 00 
SetPalette
00 00 00 00 00 00 00 00 00 00 00 00 00 00 00 00 00 00 00 00 00 00 00 00 00 00 00 00 00 00 00 00 00 00 00 00 00 00 00 00 00 00 00 00 00 00 00 00 00 00 00 00 00 00 00 00 00 00 00 00 00 00 00 00 
00 00 00 00 00 00 00 00 00 00 00 00 00 00 00 00 00 00 00 00 00 00 00 00 00 00 00 00 00 00 00 00 00 00 00 00 00 00 00 00 00 00 00 00 00 00 00 00 00 00 00 00 00 00 00 00 00 00 00 00 00 00 00 00 
00 00 00 00 00 00 00 00 00 00 00 00 00 00 00 00 00 00 00 00 00 00 00 00 00 00 00 00 00 00 00 00 00 00 00 00 00 00 00 00 00 00 00 00 00 00 00 00 00 00 00 00 00 00 00 00 00 00 00 00 00 00 00 00 
SetPalette
00 00 00 00 00 00 00 00 00 00 00 00 00 00 00 00 00 00 00 00 00 00 00 00 00 00 00 00 00 00 00 00 00 00 00 00 00 00 00 00 00 00 00 00 00 00 00 00 00 00 00 00 00 00 00 00 00 00 00 00 00 00 00 00 
00 00 00 00 00 00 00 00 00 00 00 00 00 00 00 00 00 00 00 00 00 00 00 00 00 00 00 00 00 00 00 00 00 00 00 00 00 00 00 00 00 00 00 00 00 00 00 00 00 00 00 00 00 00 00 00 00 00 00 00 00 00 00 00 
00 00 00 00 00 00 00 00 00 00 00 00 00 00 00 00 00 00 00 00 00 00 00 00 00 00 00 00 00 00 00 00 00 00 00 00 00 00 00 00 00 00 00 00 00 00 00 00 00 00 00 00 00 00 00 00 00 00 00 00 00 00 00 00 
SetPalette
00 00 00 00 00 00 00 00 00 00 00 00 00 00 00 00 00 00 00 00 00 00 00 00 00 00 00 00 00 00 00 00 00 00 00 00 00 00 00 00 00 00 00 00 00 00 00 00 00 00 00 00 00 00 00 00 00 00 00 00 00 00 00 00 
00 00 00 00 00 00 00 00 00 00 00 00 00 00 00 00 00 00 00 00 00 00 00 00 00 00 00 00 00 00 00 00 00 00 00 00 00 00 00 00 00 00 00 00 00 00 00 00 00 00 00 00 00 00 00 00 00 00 00 00 00 00 00 00 
00 00 00 00 00 00 00 00 00 00 00 00 00 00 00 00 00 00 00 00 00 00 00 00 00 00 00 00 00 00 00 00 00 00 00 00 00 00 00 00 00 00 00 00 00 00 00 00 00 00 00 00 00 00 00 00 00 00 00 00 00 00 00 00 
SetPalette
00 00 00 00 00 00 00 00 00 00 00 00 00 00 00 00 00 00 00 00 00 00 00 00 00 00 00 00 00 00 00 00 00 00 00 00 00 00 00 00 00 00 00 00 00 00 00 00 00 00 00 00 00 00 00 00 00 00 00 00 00 00 00 00 
00 00 00 00 00 00 00 00 00 00 00 00 00 00 00 00 00 00 00 00 00 00 00 00 00 00 00 00 00 00 00 00 00 00 00 00 00 00 00 00 00 00 00 00 00 00 00 00 00 00 00 00 00 00 00 00 00 00 00 00 00 00 00 00 
00 00 00 00 00 00 00 00 00 00 00 00 00 00 00 00 00 00 00 00 00 00 00 00 00 00 00 00 00 00 00 00 00 00 00 00 00 00 00 00 00 00 00 00 00 00 00 00 00 00 00 00 00 00 00 00 00 00 00 00 00 00 00 00 
SetPalette
00 00 00 00 00 00 00 00 00 00 00 00 00 00 00 00 00 00 00 00 00 00 00 00 00 00 00 00 00 00 00 00 00 00 00 00 00 00 00 00 00 00 00 00 00 00 00 00 00 00 00 00 00 00 00 00 00 00 00 00 00 00 00 00 
00 00 00 00 00 00 00 00 00 00 00 00 00 00 00 00 00 00 00 00 00 00 00 00 00 00 00 00 00 00 00 00 00 00 00 00 00 00 00 00 00 00 00 00 00 00 00 00 00 00 00 00 00 00 00 00 00 00 00 00 00 00 00 00 
00 00 00 00 00 00 00 00 00 00 00 00 00 00 00 00 00 00 00 00 00 00 00 00 00 00 00 00 00 00 00 00 00 00 00 00 00 00 00 00 00 00 00 00 00 00 00 00 00 00 00 00 00 00 00 00 00 00 00 00 00 00 00 00 
SetPalette
00 00 00 00 00 00 00 00 00 00 00 00 00 00 00 00 00 00 00 00 00 00 00 00 00 00 00 00 00 00 00 00 00 00 00 00 00 00 00 00 00 00 00 00 00 00 00 00 00 00 00 00 00 00 00 00 00 00 00 00 00 00 00 00 
00 00 00 00 00 00 00 00 00 00 00 00 00 00 00 00 00 00 00 00 00 00 00 00 00 00 00 00 00 00 00 00 00 00 00 00 00 00 00 00 00 00 00 00 00 00 00 00 00 00 00 00 00 00 00 00 00 00 00 00 00 00 00 00 
00 00 00 00 00 00 00 00 00 00 00 00 00 00 00 00 00 00 00 00 00 00 00 00 00 00 00 00 00 00 00 00 00 00 00 00 00 00 00 00 00 00 00 00 00 00 00 00 00 00 00 00 00 00 00 00 00 00 00 00 00 00 00 00 
SetPalette
00 00 00 00 00 00 00 00 00 00 00 00 00 00 00 00 00 00 00 00 00 00 00 00 00 00 00 00 00 00 00 00 00 00 00 00 00 00 00 00 00 00 00 00 00 00 00 00 00 00 00 00 00 00 00 00 00 00 00 00 00 00 00 00 
00 00 00 00 00 00 00 00 00 00 00 00 00 00 00 00 00 00 00 00 00 00 00 00 00 00 00 00 00 00 00 00 00 00 00 00 00 00 00 00 00 00 00 00 00 00 00 00 00 00 00 00 00 00 00 00 00 00 00 00 00 00 00 00 
00 00 00 00 00 00 00 00 00 00 00 00 00 00 00 00 00 00 00 00 00 00 00 00 00 00 00 00 00 00 00 00 00 00 00 00 00 00 00 00 00 00 00 00 00 00 00 00 00 00 00 00 00 00 00 00 00 00 00 00 00 00 00 00 
SetPalette
00 00 00 00 00 00 00 00 00 00 00 00 00 00 00 00 00 00 00 00 00 00 00 00 00 00 00 00 00 00 00 00 00 00 00 00 00 00 00 00 00 00 00 00 00 00 00 00 00 00 00 00 00 00 00 00 00 00 00 00 00 00 00 00 
00 00 00 00 00 00 00 00 00 00 00 00 00 00 00 00 00 00 00 00 00 00 00 00 00 00 00 00 00 00 00 00 00 00 00 00 00 00 00 00 00 00 00 00 00 00 00 00 00 00 00 00 00 00 00 00 00 00 00 00 00 00 00 00 
00 00 00 00 00 00 00 00 00 00 00 00 00 00 00 00 00 00 00 00 00 00 00 00 00 00 00 00 00 00 00 00 00 00 00 00 00 00 00 00 00 00 00 00 00 00 00 00 00 00 00 00 00 00 00 00 00 00 00 00 00 00 00 00 
SetPalette
00 00 00 00 00 00 00 00 00 00 00 00 00 00 00 00 00 00 00 00 00 00 00 00 00 00 00 00 00 00 00 00 00 00 00 00 00 00 00 00 00 00 00 00 00 00 00 00 00 00 00 00 00 00 00 00 00 00 00 00 00 00 00 00 
00 00 00 00 00 00 00 00 00 00 00 00 00 00 00 00 00 00 00 00 00 00 00 00 00 00 00 00 00 00 00 00 00 00 00 00 00 00 00 00 00 00 00 00 00 00 00 00 00 00 00 00 00 00 00 00 00 00 00 00 00 00 00 00 
00 00 00 00 00 00 00 00 00 00 00 00 00 00 00 00 00 00 00 00 00 00 00 00 00 00 00 00 00 00 00 00 00 00 00 00 00 00 00 00 00 00 00 00 00 00 00 00 00 00 00 00 00 00 00 00 00 00 00 00 00 00 00 00 
MBChangePalette gain(0.000000 0.000000 0.000000), offset(0.000000 0.000000 0.000000), sat(1.000000)
SetPalette
00 04 00 04 00 00 00 04 00 00 00 00 00 00 00 00 00 00 00 00 00 00 00 00 00 00 00 00 00 00 00 00 00 00 00 00 00 00 00 00 00 00 00 00 00 00 00 00 00 00 00 00 00 00 04 00 00 00 00 00 00 04 00 00 
00 04 00 04 00 00 00 04 00 00 00 00 00 00 00 00 00 00 00 00 00 00 00 00 00 00 00 00 00 00 00 00 00 00 00 00 00 00 00 00 00 00 00 00 00 00 00 00 00 00 00 00 00 00 00 00 00 00 00 00 00 00 00 00 
00 00 00 00 00 00 00 00 00 00 00 00 00 00 00 00 00 00 00 00 00 00 00 00 00 00 00 00 00 00 00 00 00 00 00 00 00 00 00 00 00 00 00 00 00 00 00 00 00 00 00 00 00 00 00 00 00 00 00 00 00 00 00 00 
MBChangePalette gain(0.032258 0.032258 0.032258), offset(0.000000 0.000000 0.000000), sat(1.000000)
SetPalette
00 08 00 08 00 00 00 08 04 04 04 00 00 04 04 00 04 00 00 00 00 00 00 00 04 04 04 00 04 04 00 04 00 00 04 00 04 04 00 04 04 04 04 04 04 04 04 04 00 04 04 04 04 04 08 04 04 04 00 00 00 08 04 00 
00 08 00 08 00 00 00 08 04 04 04 00 00 04 04 00 04 00 00 00 00 00 00 00 04 00 04 00 00 04 00 04 00 00 04 00 04 04 00 04 04 04 04 04 04 00 04 04 00 04 04 04 04 04 04 04 00 04 00 00 00 04 04 00 
00 04 00 04 00 00 00 04 04 04 04 00 00 04 04 00 04 00 00 00 00 00 00 00 00 00 04 00 00 04 00 04 00 00 00 00 00 04 00 04 04 04 04 04 04 00 04 04 00 04 04 04 04 04 04 04 00 04 00 00 00 04 04 00 
MBChangePalette gain(0.064516 0.064516 0.064516), offset(0.000000 0.000000 0.000000), sat(1.000000)
SetPalette
00 10 00 0C 00 00 00 10 04 08 04 04 04 04 04 04 08 00 00 00 04 00 04 00 04 04 08 00 04 08 00 08 04 04 04 04 08 08 00 08 08 08 08 08 08 04 08 08 04 08 04 08 08 08 0C 08 04 08 00 00 04 0C 08 04 
00 0C 00 0C 00 00 00 0C 04 08 04 00 04 04 04 04 04 00 00 00 00 00 04 00 04 04 08 00 04 08 00 04 00 04 04 04 04 08 00 08 08 08 04 04 04 04 08 08 04 08 04 08 08 04 08 08 00 08 00 04 00 08 08 00 
00 08 00 04 00 00 00 08 04 08 04 00 00 04 04 04 04 00 00 00 00 00 04 00 04 04 04 00 04 08 00 04 00 00 04 04 04 04 00 08 08 04 04 04 04 04 08 04 04 04 04 08 04 04 08 04 00 08 00 04 00 04 08 00 
MBChangePalette gain(0.096774 0.096774 0.096774), offset(0.000000 0.000000 0.000000), sat(1.000000)
SetPalette
00 14 04 10 00 00 04 14 08 08 08 04 04 08 08 04 08 00 04 04 04 00 04 04 08 08 0C 00 08 0C 00 0C 04 04 08 04 08 0C 00 0C 0C 08 08 0C 08 08 0C 0C 04 0C 08 0C 0C 0C 10 0C 08 0C 04 04 04 10 0C 04 
00 10 00 10 00 00 04 14 08 08 08 04 04 08 08 04 08 00 04 00 04 00 04 04 08 04 08 00 04 08 00 08 04 04 08 04 08 0C 00 0C 0C 08 08 08 08 04 0C 0C 04 0C 08 0C 08 08 0C 0C 04 0C 00 04 04 0C 0C 00 
00 0C 04 08 00 00 04 08 08 08 08 04 04 08 08 04 08 00 00 00 04 00 04 04 04 04 08 00 04 08 00 08 04 04 04 04 04 08 00 08 0C 08 08 08 08 04 0C 08 04 08 08 0C 08 08 08 08 04 0C 00 04 04 08 0C 00 
MBChangePalette gain(0.129032 0.129032 0.129032), offset(0.000000 0.000000 0.000000), sat(1.000000)
SetPalette
00 18 04 14 00 04 04 1C 0C 0C 08 04 08 0C 08 08 0C 00 04 04 04 00 08 04 0C 08 10 04 08 0C 00 0C 04 04 08 08 0C 10 00 0C 10 0C 0C 0C 0C 08 10 10 08 10 0C 10 10 0C 14 10 08 10 04 04 04 14 10 04 
00 18 04 14 00 00 04 18 0C 0C 08 04 04 08 08 08 0C 00 04 04 04 00 04 04 08 08 0C 00 08 0C 00 0C 04 04 08 08 08 0C 00 0C 10 0C 08 0C 0C 08 10 10 08 0C 08 10 0C 0C 10 0C 04 10 00 08 04 10 0C 04 
00 10 04 08 00 00 04 0C 0C 0C 08 04 04 08 08 08 0C 00 04 00 04 00 04 04 08 08 08 00 04 0C 00 08 04 04 08 04 08 0C 00 0C 0C 0C 08 08 08 04 10 0C 08 0C 08 10 08 0C 0C 08 04 10 00 04 04 0C 0C 00 
MBChangePalette gain(0.161290 0.161290 0.161290), offset(0.000000 0.000000 0.000000), sat(1.000000)
SetPalette
00 20 04 18 04 04 04 20 0C 10 0C 08 08 0C 0C 08 10 00 04 04 08 04 08 04 0C 0C 10 04 0C 10 00 10 08 08 0C 08 10 14 00 10 10 10 10 10 10 0C 14 14 08 14 0C 14 10 10 18 14 0C 14 04 04 08 18 14 08 
00 1C 04 18 00 00 04 1C 0C 10 0C 04 08 0C 0C 08 0C 00 04 04 04 00 08 04 0C 08 10 04 08 10 00 0C 04 08 0C 08 0C 10 00 10 10 10 0C 0C 0C 08 14 10 08 10 0C 14 10 0C 14 10 04 14 04 08 04 14 10 04 
00 14 04 0C 04 00 04 10 0C 10 0C 04 04 0C 0C 08 0C 00 04 04 04 00 08 04 08 08 0C 04 08 10 00 0C 04 04 08 08 08 0C 00 10 10 0C 0C 0C 0C 08 14 0C 08 0C 0C 14 0C 0C 10 0C 04 10 04 08 04 0C 10 04 
MBChangePalette gain(0.193548 0.193548 0.193548), offset(0.000000 0.000000 0.000000), sat(1.000000)
SetPalette
00 24 04 1C 04 04 04 24 10 10 0C 08 0C 10 0C 0C 10 00 08 04 08 04 08 04 10 0C 14 04 0C 14 00 14 08 08 10 0C 10 18 00 14 14 10 10 14 14 0C 18 18 0C 18 10 18 14 14 1C 18 0C 18 08 08 08 1C 18 08 
00 20 04 1C 04 00 04 24 10 10 0C 08 08 10 0C 0C 10 00 04 04 08 04 08 04 0C 0C 10 04 0C 14 00 10 08 08 0C 08 0C 14 00 14 14 10 10 10 10 08 18 14 0C 14 0C 18 10 10 14 14 08 14 04 0C 04 14 14 04 
00 18 04 0C 04 00 08 10 10 10 0C 04 08 0C 0C 0C 10 00 04 04 08 00 08 04 0C 0C 0C 04 08 14 00 0C 04 08 08 08 0C 10 00 14 14 10 0C 0C 0C 08 18 10 08 10 0C 14 0C 10 10 10 04 14 04 08 04 10 14 04 
MBChangePalette gain(0.225806 0.225806 0.225806), offset(0.000000 0.000000 0.000000), sat(1.000000)
SetPalette
00 2C 08 24 04 04 08 2C 14 14 10 0C 0C 14 10 0C 14 00 08 08 08 04 0C 08 14 10 18 04 10 18 04 18 08 0C 10 0C 14 1C 00 18 18 14 14 18 14 10 1C 1C 0C 1C 14 1C 18 18 20 1C 10 1C 08 08 0C 20 1C 0C 
00 24 04 20 04 00 08 28 14 14 10 08 0C 10 10 0C 14 00 08 04 08 04 0C 08 10 0C 14 04 0C 14 04 14 08 08 10 0C 10 18 00 18 18 14 10 14 14 0C 1C 18 0C 18 10 1C 14 14 18 18 08 18 04 0C 08 18 18 04 
00 1C 08 10 04 04 08 14 14 14 10 08 08 10 10 0C 14 00 04 04 08 04 0C 08 0C 0C 10 04 0C 14 00 10 08 08 0C 0C 0C 14 00 14 18 14 10 10 10 08 1C 14 0C 14 10 18 10 14 14 10 08 18 04 0C 08 14 18 04 
MBChangePalette gain(0.258065 0.258065 0.258065), offset(0.000000 0.000000 0.000000), sat(1.000000)
SetPalette
00 30 08 28 04 04 08 30 14 18 10 0C 0C 14 14 10 18 00 08 08 0C 04 0C 08 14 10 1C 04 10 18 04 18 0C 0C 14 0C 18 1C 00 18 1C 18 18 1C 18 10 20 20 0C 20 14 1C 1C 18 24 1C 10 20 08 08 0C 24 1C 0C 
00 28 04 24 04 00 08 2C 14 18 10 08 0C 14 10 0C 14 00 08 04 08 04 0C 08 10 10 18 04 0C 18 04 14 08 0C 10 0C 14 18 00 18 1C 18 14 14 14 0C 20 1C 0C 1C 14 1C 18 14 1C 18 08 1C 04 0C 08 1C 1C 04 
00 20 08 10 04 04 08 18 14 18 10 08 08 14 10 0C 14 00 04 04 08 04 0C 08 0C 10 14 04 0C 18 00 10 08 08 0C 0C 10 14 00 18 1C 14 14 14 10 0C 1C 14 0C 14 10 1C 10 14 18 14 08 1C 04 0C 08 14 18 04 
MBChangePalette gain(0.290323 0.290323 0.290323), offset(0.000000 0.000000 0.000000), sat(1.000000)
SetPalette
00 34 08 2C 04 08 08 38 18 18 14 0C 10 18 14 10 18 00 0C 08 0C 04 10 08 18 14 20 08 14 1C 04 1C 0C 0C 14 10 18 20 00 1C 20 18 18 1C 1C 14 24 24 10 24 18 20 20 1C 28 20 14 24 0C 0C 0C 28 20 0C 
00 30 08 28 04 00 08 34 18 18 14 0C 0C 14 14 10 18 00 08 08 0C 04 0C 08 14 10 18 04 10 1C 04 18 0C 0C 14 10 14 1C 00 1C 20 18 14 18 18 10 24 20 10 1C 14 20 18 18 20 1C 0C 20 04 10 08 20 1C 08 
00 24 08 14 04 04 0C 18 18 18 14 08 0C 14 14 10 18 00 08 04 0C 04 0C 08 10 10 14 04 0C 1C 00 14 08 0C 10 0C 10 18 00 1C 1C 18 14 14 14 0C 20 18 10 18 14 20 14 18 18 14 08 20 04 0C 08 18 1C 04 
MBChangePalette gain(0.322581 0.322581 0.322581), offset(0.000000 0.000000 0.000000), sat(1.000000)
SetPalette
00 3C 08 30 08 08 0C 3C 1C 1C 14 10 10 18 18 14 1C 04 0C 08 0C 08 10 0C 18 14 20 08 14 20 04 20 0C 10 18 10 1C 24 00 20 20 1C 1C 20 1C 14 28 28 10 28 18 24 20 20 2C 24 14 28 0C 0C 10 2C 24 10 
00 34 08 2C 04 04 0C 38 18 1C 14 0C 10 18 14 10 1C 00 08 08 0C 04 10 08 14 14 1C 08 10 1C 04 18 0C 0C 14 10 18 20 00 20 20 1C 18 1C 18 10 24 20 10 20 18 24 1C 1C 24 20 0C 24 08 10 08 24 20 08 
00 28 08 14 08 04 0C 1C 18 1C 14 0C 0C 18 14 10 18 00 08 08 0C 04 10 08 10 14 18 08 10 1C 04 14 08 0C 10 10 14 18 00 1C 20 1C 18 18 14 0C 24 1C 10 18 14 24 14 18 1C 18 0C 20 08 10 08 18 20 08 
MBChangePalette gain(0.354839 0.354839 0.354839), offset(0.000000 0.000000 0.000000), sat(1.000000)
SetPalette
00 40 0C 34 08 08 0C 40 1C 20 18 10 14 1C 18 14 20 04 0C 0C 10 08 10 0C 1C 18 24 08 18 24 04 24 10 10 1C 14 20 28 00 24 24 20 20 24 20 18 2C 2C 14 2C 1C 28 24 24 30 28 18 2C 0C 0C 10 30 28 10 
00 38 08 30 04 04 0C 3C 1C 20 18 0C 10 1C 18 14 1C 00 0C 08 0C 04 10 0C 18 14 20 08 14 20 04 1C 0C 10 18 10 18 24 00 24 24 20 1C 1C 1C 10 28 24 14 24 18 28 20 1C 28 24 0C 28 08 14 0C 28 24 08 
00 2C 0C 18 08 04 0C 20 1C 20 18 0C 0C 18 18 14 1C 00 08 08 0C 04 10 0C 14 14 18 08 10 20 04 18 0C 0C 10 10 14 1C 00 20 24 1C 18 18 18 10 28 1C 10 1C 18 28 18 1C 20 1C 0C 24 08 10 0C 1C 24 08 
MBChangePalette gain(0.387097 0.387097 0.387097), offset(0.000000 0.000000 0.000000), sat(1.000000)
SetPalette
00 44 0C 38 08 08 0C 48 20 20 18 10 14 20 1C 18 20 04 10 0C 10 08 14 0C 20 18 28 08 18 24 04 24 10 10 1C 14 20 2C 00 24 28 20 20 28 24 18 30 30 14 30 20 2C 28 24 34 2C 18 30 10 10 10 34 2C 10 
00 3C 08 34 08 04 0C 44 20 20 18 10 10 1C 18 14 20 00 0C 08 10 08 10 0C 18 18 20 08 14 24 04 20 10 10 18 14 1C 24 00 24 28 20 1C 20 20 14 2C 28 14 28 1C 2C 20 20 28 24 10 28 08 14 0C 28 28 08 
00 30 0C 18 08 04 10 20 20 20 18 0C 10 1C 18 14 20 00 08 08 10 04 10 0C 14 18 1C 08 10 24 04 18 0C 10 14 10 18 20 00 24 28 20 1C 1C 18 10 2C 20 14 20 18 28 18 20 20 1C 0C 28 08 10 0C 20 24 08 
MBChangePalette gain(0.419355 0.419355 0.419355), offset(0.000000 0.000000 0.000000), sat(1.000000)
SetPalette
00 4C 0C 3C 08 0C 0C 4C 24 24 1C 14 18 20 1C 18 24 04 10 0C 10 08 14 0C 20 1C 2C 0C 1C 28 04 28 10 14 20 18 24 30 00 28 2C 24 24 28 28 1C 34 34 18 34 20 30 2C 28 38 30 1C 34 10 10 14 38 30 14 
00 44 0C 38 08 04 0C 48 20 24 1C 10 14 20 1C 18 24 00 0C 0C 10 08 14 0C 1C 18 24 08 18 28 04 20 10 10 1C 14 1C 28 00 28 2C 24 20 24 20 14 30 2C 18 28 1C 30 24 24 2C 28 10 2C 08 18 0C 2C 28 0C 
00 34 0C 1C 08 04 10 24 20 24 1C 0C 10 1C 1C 18 20 00 0C 08 10 04 14 0C 18 18 1C 08 14 28 04 1C 0C 10 14 14 18 20 00 28 28 24 1C 1C 1C 10 30 24 14 20 1C 2C 1C 20 24 20 0C 2C 08 14 0C 20 28 08 
MBChangePalette gain(0.451613 0.451613 0.451613), offset(0.000000 0.000000 0.000000), sat(1.000000)
SetPalette
00 50 0C 40 08 0C 10 54 24 28 1C 14 18 24 20 1C 28 04 10 0C 14 08 18 10 24 1C 30 0C 1C 2C 04 2C 14 14 20 18 28 34 00 2C 30 28 28 2C 28 1C 38 38 18 38 24 34 30 2C 3C 34 1C 38 10 10 14 3C 34 14 
00 48 0C 3C 08 04 10 4C 24 28 1C 10 14 20 1C 18 24 00 0C 0C 10 08 14 0C 1C 1C 28 08 18 28 04 24 10 14 1C 18 20 2C 00 2C 30 28 20 24 24 18 34 30 18 2C 20 34 28 24 30 2C 10 30 08 18 0C 30 2C 0C 
00 38 0C 1C 08 04 10 28 24 28 1C 10 10 20 1C 18 24 00 0C 08 10 04 14 0C 18 1C 20 08 14 28 04 1C 0C 10 18 14 1C 24 00 28 2C 24 20 20 1C 14 34 24 18 24 1C 30 1C 24 28 20 10 30 08 14 0C 24 2C 08 
MBChangePalette gain(0.483871 0.483871 0.483871), offset(0.000000 0.000000 0.000000), sat(1.000000)
SetPalette
00 58 10 48 0C 0C 10 58 28 2C 20 18 1C 28 24 1C 2C 04 14 10 14 0C 18 10 28 20 34 0C 20 30 08 30 14 18 24 1C 2C 38 04 30 34 2C 2C 30 2C 20 3C 3C 1C 3C 28 38 34 30 40 38 20 3C 14 14 18 40 38 18 
00 4C 0C 40 08 04 10 54 28 2C 20 14 18 24 20 1C 28 04 10 0C 14 08 18 10 20 1C 2C 0C 1C 2C 08 28 14 14 20 18 24 30 00 30 34 2C 24 28 28 18 38 34 1C 30 24 38 2C 28 34 30 14 34 0C 1C 10 34 30 0C 
00 3C 10 20 0C 08 14 2C 28 2C 20 10 14 24 20 1C 28 04 0C 0C 14 08 18 10 1C 1C 24 0C 18 2C 04 20 10 14 18 18 1C 28 00 2C 30 28 24 24 20 14 38 28 18 28 20 34 20 28 2C 24 10 34 0C 18 10 28 30 0C 
MBChangePalette gain(0.516129 0.516129 0.516129), offset(0.000000 0.000000 0.000000), sat(1.000000)
SetPalette
00 5C 10 4C 0C 0C 10 5C 2C 2C 24 18 1C 28 24 1C 2C 04 14 10 14 0C 18 10 28 20 34 0C 24 30 08 30 14 18 28 1C 2C 38 04 30 34 2C 2C 34 30 20 3C 3C 1C 3C 28 38 34 30 44 38 20 3C 14 14 18 44 38 18 
00 50 0C 44 08 04 10 58 28 2C 20 14 18 28 24 1C 2C 04 10 0C 14 08 18 10 24 1C 2C 0C 1C 30 08 28 14 14 20 18 24 30 00 30 34 2C 28 2C 28 18 3C 34 1C 34 24 38 2C 2C 38 30 14 38 0C 1C 10 38 34 0C 
00 40 10 20 0C 08 14 2C 28 2C 20 10 14 24 20 1C 28 04 0C 0C 14 08 18 10 1C 1C 24 0C 18 30 04 20 10 14 18 18 1C 28 00 30 34 2C 24 24 20 14 38 2C 18 28 24 38 24 28 2C 28 10 34 0C 18 10 28 30 0C 
MBChangePalette gain(0.548387 0.548387 0.548387), offset(0.000000 0.000000 0.000000), sat(1.000000)
SetPalette
00 60 10 50 0C 0C 14 64 2C 30 24 18 1C 2C 28 20 30 04 14 10 18 0C 1C 14 2C 24 38 0C 24 34 08 34 18 18 28 1C 30 3C 04 34 38 30 30 38 30 24 40 40 1C 40 2C 3C 38 34 48 3C 24 40 14 14 18 48 3C 18 
00 54 0C 48 08 04 14 5C 2C 30 24 14 18 28 24 1C 2C 04 10 0C 14 08 18 10 24 20 30 0C 1C 30 08 2C 14 18 24 1C 28 34 00 34 38 30 28 2C 2C 1C 40 38 1C 38 28 3C 30 2C 3C 34 14 3C 0C 1C 10 3C 38 0C 
00 44 10 24 0C 08 14 30 2C 30 24 14 14 28 24 1C 2C 04 0C 0C 14 08 18 10 1C 20 28 0C 18 30 04 24 10 14 1C 18 20 2C 00 30 38 2C 28 28 24 18 3C 2C 1C 2C 24 3C 24 2C 30 28 14 38 0C 18 10 2C 34 0C 
MBChangePalette gain(0.580645 0.580645 0.580645), offset(0.000000 0.000000 0.000000), sat(1.000000)
SetPalette
00 68 10 54 0C 10 14 68 30 34 28 1C 20 2C 28 20 34 04 14 10 18 0C 1C 14 2C 24 3C 10 28 38 08 38 18 1C 2C 20 34 40 04 38 3C 34 34 38 34 24 44 44 20 44 2C 40 3C 38 4C 40 24 44 14 14 1C 4C 40 1C 
00 5C 10 4C 08 04 14 60 2C 34 24 14 1C 2C 28 20 30 04 10 10 14 08 1C 10 28 20 34 0C 20 34 08 2C 14 18 24 1C 28 38 00 38 3C 34 2C 30 2C 1C 44 3C 20 38 28 40 34 30 40 38 14 40 0C 20 10 40 38 10 
00 48 10 24 0C 08 14 34 2C 34 24 14 14 28 24 20 2C 04 10 0C 14 08 1C 10 20 20 28 0C 1C 34 04 24 10 14 1C 1C 20 2C 00 34 38 30 28 28 24 18 40 30 1C 2C 28 40 28 2C 34 2C 14 3C 0C 1C 10 2C 38 0C 
MBChangePalette gain(0.612903 0.612903 0.612903), offset(0.000000 0.000000 0.000000), sat(1.000000)
SetPalette
00 6C 14 58 0C 10 14 70 34 34 28 1C 20 30 2C 24 34 04 18 14 18 0C 20 14 30 28 40 10 28 3C 08 3C 18 1C 2C 20 34 44 04 3C 40 34 34 3C 38 28 48 48 20 48 30 44 40 3C 50 44 28 48 18 18 1C 50 44 1C 
00 60 10 50 0C 04 14 68 30 34 28 18 1C 2C 28 20 34 04 14 10 18 0C 1C 14 28 24 34 0C 20 38 08 30 18 18 28 20 2C 3C 00 3C 40 34 2C 34 30 20 48 40 20 3C 2C 44 34 34 40 3C 18 40 0C 20 14 40 3C 10 
00 4C 14 28 0C 08 18 34 30 34 28 14 18 2C 28 20 30 04 10 0C 18 08 1C 14 20 24 2C 0C 1C 38 04 28 14 18 20 1C 24 30 00 38 3C 34 2C 2C 28 18 44 34 20 30 28 40 28 30 34 2C 14 40 0C 1C 14 30 3C 0C 
MBChangePalette gain(0.645161 0.645161 0.645161), offset(0.000000 0.000000 0.000000), sat(1.000000)
SetPalette
00 70 14 5C 0C 10 14 74 34 38 2C 1C 24 34 2C 24 38 04 18 14 1C 0C 20 14 34 28 44 10 2C 3C 08 3C 1C 1C 30 24 38 48 04 3C 44 38 38 40 3C 28 4C 4C 24 4C 34 48 44 3C 54 48 28 4C 18 18 1C 54 48 1C 
00 64 10 54 0C 04 14 6C 34 38 28 18 1C 30 2C 24 34 04 14 10 18 0C 1C 14 2C 24 38 0C 24 3C 08 34 18 1C 28 20 2C 3C 00 3C 44 38 30 34 34 20 4C 44 24 40 2C 48 38 34 44 3C 18 44 0C 24 14 44 40 10 
00 50 14 28 0C 08 18 38 34 38 28 14 18 2C 28 24 34 04 10 0C 18 08 1C 14 24 24 2C 0C 1C 3C 04 28 14 18 20 1C 24 34 00 3C 40 34 2C 2C 28 1C 48 34 20 34 2C 44 2C 34 38 30 14 44 0C 1C 14 34 3C 0C 
MBChangePalette gain(0.677419 0.677419 0.677419), offset(0.000000 0.000000 0.000000), sat(1.000000)
SetPalette
00 78 14 60 10 10 18 78 38 3C 2C 20 24 34 30 28 3C 08 18 14 1C 10 20 18 34 2C 44 10 2C 40 08 40 1C 20 34 24 3C 4C 04 40 44 3C 3C 44 3C 2C 50 50 24 50 34 4C 44 40 58 4C 2C 50 18 18 20 58 4C 20 
00 68 10 58 0C 08 18 70 34 3C 2C 18 20 34 2C 24 38 04 14 10 18 0C 20 14 2C 28 3C 10 24 3C 08 34 18 1C 2C 20 30 40 00 40 44 3C 34 38 34 20 4C 44 24 44 30 4C 3C 38 48 40 18 48 10 24 14 48 44 10 
00 54 14 2C 10 08 18 3C 34 3C 2C 18 18 30 2C 24 34 04 10 10 18 08 20 14 24 28 30 10 20 3C 08 2C 14 18 20 20 28 34 00 3C 44 38 30 30 2C 1C 4C 38 20 34 2C 48 2C 34 3C 34 18 44 10 20 14 34 40 10 
MBChangePalette gain(0.709677 0.709677 0.709677), offset(0.000000 0.000000 0.000000), sat(1.000000)
SetPalette
00 7C 14 64 10 14 18 80 3C 3C 30 20 28 38 30 28 3C 08 1C 14 1C 10 24 18 38 2C 48 14 30 44 08 44 1C 20 34 28 3C 50 04 44 48 3C 3C 44 40 2C 54 54 28 54 38 50 48 44 5C 50 2C 54 1C 1C 20 5C 50 20 
00 70 14 5C 0C 08 18 78 38 3C 2C 1C 20 34 30 28 3C 04 14 14 1C 0C 20 14 30 28 3C 10 28 40 08 38 1C 1C 2C 24 30 44 00 44 48 3C 34 3C 38 24 50 48 28 44 30 50 3C 3C 4C 44 1C 4C 10 28 14 4C 44 14 
00 58 14 2C 10 08 1C 3C 38 3C 2C 18 1C 30 2C 28 38 04 14 10 1C 08 20 14 28 28 30 10 20 40 08 2C 14 1C 24 20 28 38 00 40 44 3C 30 30 2C 1C 50 3C 24 38 30 4C 30 38 3C 34 18 48 10 20 14 38 44 10 
MBChangePalette gain(0.741935 0.741935 0.741935), offset(0.000000 0.000000 0.000000), sat(1.000000)
SetPalette
00 84 18 6C 10 14 18 84 3C 40 30 24 28 3C 34 2C 40 08 1C 18 20 10 24 18 3C 30 4C 14 30 48 0C 48 20 24 38 28 40 54 04 48 4C 40 40 48 44 30 58 58 28 58 3C 54 4C 48 60 54 30 58 1C 1C 24 60 54 24 
00 74 14 60 0C 08 18 7C 3C 40 30 1C 24 38 30 28 3C 04 18 14 1C 0C 24 18 30 2C 40 10 28 44 0C 3C 1C 20 30 24 34 48 00 48 4C 40 38 3C 3C 24 54 4C 28 48 34 54 40 3C 50 48 1C 50 10 28 18 50 48 14 
00 5C 18 30 10 0C 1C 40 3C 40 30 18 1C 34 30 28 3C 04 14 10 1C 0C 24 18 28 2C 34 10 24 44 08 30 18 1C 24 24 2C 3C 00 44 48 3C 34 34 30 20 54 3C 24 3C 30 50 30 3C 40 38 18 4C 10 24 18 3C 48 10 
MBChangePalette gain(0.774194 0.774194 0.774194), offset(0.000000 0.000000 0.000000), sat(1.000000)
SetPalette
00 88 18 70 10 14 1C 8C 40 44 34 24 28 3C 38 2C 44 08 1C 18 20 10 28 1C 3C 30 50 14 34 48 0C 48 20 24 38 28 44 54 04 48 50 44 44 4C 44 30 5C 5C 28 5C 3C 54 50 48 64 54 30 5C 1C 1C 24 64 54 24 
00 78 14 64 0C 08 1C 80 3C 44 30 1C 24 38 34 28 40 04 18 14 1C 0C 24 18 34 2C 44 10 28 44 0C 3C 1C 20 30 28 38 48 00 48 50 44 38 40 3C 28 58 50 28 4C 38 54 44 40 54 48 1C 54 10 28 18 54 4C 14 
00 60 18 30 10 0C 1C 44 3C 44 30 1C 1C 38 30 28 3C 04 14 10 1C 0C 24 18 28 2C 38 10 24 44 08 30 18 1C 28 24 2C 3C 00 44 4C 40 38 38 30 20 54 40 28 3C 34 54 34 3C 44 38 1C 50 10 24 18 3C 48 10 
MBChangePalette gain(0.806452 0.806452 0.806452), offset(0.000000 0.000000 0.000000), sat(1.000000)
SetPalette
00 8C 18 74 10 14 1C 90 44 44 34 24 2C 40 38 30 44 08 20 18 20 10 28 1C 40 34 54 14 34 4C 0C 4C 20 24 3C 2C 44 58 04 4C 54 44 44 50 48 34 60 60 2C 60 40 58 54 4C 68 58 34 60 20 20 24 68 58 24 
00 7C 14 68 10 08 1C 88 40 44 34 20 24 3C 34 2C 44 04 18 14 20 10 24 18 34 30 44 10 2C 48 0C 40 20 20 34 28 38 4C 00 4C 54 44 3C 44 40 28 5C 54 2C 50 38 58 44 44 54 4C 20 54 10 2C 18 54 50 14 
00 64 18 34 10 0C 20 44 40 44 34 1C 20 38 34 2C 40 04 14 10 20 0C 24 18 2C 30 38 10 24 48 08 34 18 20 28 24 30 40 00 48 50 44 38 38 34 20 58 44 28 40 34 54 34 40 44 3C 1C 54 10 24 18 40 4C 10 
MBChangePalette gain(0.838710 0.838710 0.838710), offset(0.000000 0.000000 0.000000), sat(1.000000)
SetPalette
00 94 18 78 14 14 1C 94 44 48 38 28 2C 40 3C 30 48 08 20 18 24 14 28 1C 40 34 54 14 38 50 0C 50 24 28 40 2C 48 5C 04 50 54 48 48 54 4C 34 64 64 2C 64 40 5C 54 50 6C 5C 34 64 20 20 28 6C 5C 28 
00 80 14 6C 10 08 1C 8C 40 48 34 20 28 40 38 2C 44 04 18 14 20 10 28 18 38 30 48 14 2C 4C 0C 40 20 24 34 28 3C 50 00 50 54 48 40 44 40 28 60 54 2C 54 3C 5C 48 44 58 50 20 58 14 2C 18 58 54 14 
00 68 18 34 14 0C 20 48 40 48 34 1C 20 3C 34 2C 40 04 14 14 20 0C 28 18 2C 30 3C 14 28 4C 08 34 18 20 28 28 30 40 00 4C 54 44 3C 3C 34 24 5C 44 28 40 38 58 38 40 48 40 1C 54 14 28 18 40 50 14 
MBChangePalette gain(0.870968 0.870968 0.870968), offset(0.000000 0.000000 0.000000), sat(1.000000)
SetPalette
00 98 1C 7C 14 18 1C 9C 48 4C 38 28 30 44 3C 34 4C 08 20 1C 24 14 2C 1C 44 38 58 18 38 54 0C 54 24 28 40 30 4C 60 04 54 58 4C 4C 54 50 38 68 68 30 68 44 60 58 54 70 60 38 68 20 20 28 70 60 28 
00 88 18 70 10 08 1C 90 44 4C 38 20 28 40 38 30 48 04 1C 18 20 10 28 1C 38 34 4C 14 30 50 0C 44 20 24 38 2C 3C 54 00 54 58 4C 40 48 44 2C 64 58 30 54 3C 60 4C 48 5C 54 20 5C 14 30 1C 5C 54 18 
00 6C 1C 38 14 0C 20 4C 44 4C 38 1C 20 3C 38 30 44 04 18 14 20 0C 28 1C 30 34 3C 14 28 50 08 38 1C 20 2C 28 34 44 00 50 54 48 3C 3C 38 24 60 48 2C 44 38 5C 38 44 4C 40 1C 58 14 28 1C 44 54 14 
MBChangePalette gain(0.903226 0.903226 0.903226), offset(0.000000 0.000000 0.000000), sat(1.000000)
SetPalette
00 9C 1C 80 14 18 20 A0 4C 4C 3C 28 30 48 40 34 4C 08 24 1C 24 14 2C 20 48 38 5C 18 3C 54 0C 54 24 28 44 30 4C 64 04 54 5C 4C 4C 58 50 38 6C 6C 30 6C 48 64 5C 54 74 64 38 6C 24 24 28 74 64 28 
00 8C 18 74 10 08 20 98 48 4C 38 24 28 44 3C 30 4C 04 1C 18 24 10 28 1C 3C 34 4C 14 30 50 0C 48 24 24 38 2C 40 54 00 54 5C 4C 44 4C 48 2C 68 5C 30 58 40 64 4C 4C 60 54 24 60 14 30 1C 60 58 18 
00 70 1C 38 14 0C 24 4C 48 4C 38 20 24 40 38 30 48 04 18 14 24 0C 28 1C 30 34 40 14 28 50 08 38 1C 24 2C 28 34 48 00 50 58 4C 40 40 38 24 64 4C 2C 48 3C 60 3C 48 4C 44 20 5C 14 28 1C 48 54 14 
MBChangePalette gain(0.935484 0.935484 0.935484), offset(0.000000 0.000000 0.000000), sat(1.000000)
SetPalette
00 A4 1C 84 14 18 20 A8 4C 50 3C 2C 34 48 40 38 50 08 24 1C 28 14 30 20 48 3C 60 18 3C 58 0C 58 28 2C 44 34 50 68 04 58 60 50 50 5C 54 3C 70 70 34 70 48 68 60 58 78 68 3C 70 24 24 2C 78 68 2C 
00 90 18 78 10 08 20 9C 48 50 3C 24 2C 44 3C 34 4C 04 1C 18 24 10 2C 1C 3C 38 50 14 34 54 0C 48 24 28 3C 30 40 58 00 58 60 50 44 4C 48 30 6C 60 34 5C 40 68 50 4C 64 58 24 64 14 34 1C 64 5C 18 
00 74 1C 3C 14 0C 24 50 48 50 3C 20 24 40 3C 34 48 04 18 14 24 0C 2C 1C 34 38 40 14 2C 54 08 3C 1C 24 30 2C 38 48 00 54 5C 4C 40 40 3C 28 68 4C 30 48 3C 64 3C 48 50 44 20 60 14 2C 1C 48 58 14 
MBChangePalette gain(0.967742 0.967742 0.967742), offset(0.000000 0.000000 0.000000), sat(1.000000)
SetPalette
00 A8 1C 88 14 18 20 AC 50 54 40 2C 34 4C 44 38 54 08 24 1C 28 14 30 20 4C 3C 64 18 40 5C 0C 5C 28 2C 48 34 54 6C 04 5C 64 54 54 60 58 3C 74 74 34 74 4C 6C 64 5C 7C 6C 3C 74 24 24 2C 7C 6C 2C 
00 94 18 7C 10 08 20 A0 4C 54 3C 24 2C 48 40 34 50 04 1C 18 24 10 2C 1C 40 38 54 14 34 58 0C 4C 24 28 3C 30 44 5C 00 5C 64 54 48 50 4C 30 70 64 34 60 44 6C 54 50 68 5C 24 68 14 34 1C 68 60 18 
00 78 1C 3C 14 0C 24 54 4C 54 3C 20 24 44 3C 34 4C 04 18 14 24 0C 2C 1C 34 38 44 14 2C 58 08 3C 1C 24 30 2C 38 4C 00 58 60 50 44 44 3C 28 6C 50 30 4C 40 68 40 4C 54 48 20 64 14 2C 1C 4C 5C 14 
MBChangePalette gain(1.000000 1.000000 1.000000), offset(0.000000 0.000000 0.000000), sat(1.000000)
SetPalette
00 A8 1C 88 14 18 20 AC 50 54 40 2C 34 4C 44 38 54 08 24 1C 28 14 30 20 4C 3C 64 18 40 5C 0C 5C 28 2C 48 34 54 6C 04 5C 64 54 54 60 58 3C 74 74 34 74 4C 6C 64 5C 7C 6C 3C 74 24 24 2C 7C 6C 2C 
00 94 18 7C 10 08 20 A0 4C 54 3C 24 2C 48 40 34 50 04 1C 18 24 10 2C 1C 40 38 54 14 34 58 0C 4C 24 28 3C 30 44 5C 00 5C 64 54 48 50 4C 30 70 64 34 60 44 6C 54 50 68 5C 24 68 14 34 1C 68 60 18 
00 78 1C 3C 14 0C 24 54 4C 54 3C 20 24 44 3C 34 4C 04 18 14 24 0C 2C 1C 34 38 44 14 2C 58 08 3C 1C 24 30 2C 38 4C 00 58 60 50 44 44 3C 28 6C 50 30 4C 40 68 40 4C 54 48 20 64 14 2C 1C 4C 5C 14 
SetPalette
00 A0 1C 80 14 18 20 A4 4C 50 3C 2C 34 48 40 38 50 08 24 1C 28 14 30 20 48 3C 60 18 3C 58 0C 58 28 2C 44 34 50 68 04 58 60 50 50 5C 54 3C 70 70 34 70 48 68 60 58 78 68 3C 70 24 24 2C 78 68 2C 
00 8C 18 78 10 08 20 98 48 50 3C 24 2C 44 3C 34 4C 04 1C 18 24 10 2C 1C 3C 38 50 14 34 54 0C 48 24 28 3C 30 40 58 00 58 60 50 44 4C 48 30 6C 60 34 5C 40 68 50 4C 64 58 24 64 14 34 1C 64 5C 18 
00 74 1C 3C 14 0C 24 50 48 50 3C 20 24 40 3C 34 48 04 18 14 24 0C 2C 1C 34 38 40 14 2C 54 08 3C 1C 24 30 2C 38 48 00 54 5C 4C 40 40 3C 28 68 4C 30 48 3C 64 3C 48 50 44 20 60 14 2C 1C 48 58 14 
SetPalette
00 94 1C 78 14 18 1C 98 48 4C 38 28 30 44 3C 34 4C 08 20 1C 24 14 2C 1C 44 38 58 18 38 54 0C 54 24 28 40 30 4C 60 04 54 58 4C 4C 54 50 38 68 68 30 68 44 60 58 54 70 60 38 68 20 20 28 70 60 28 
00 84 18 70 10 08 1C 8C 44 4C 38 20 28 40 38 30 48 04 1C 18 20 10 28 1C 38 34 4C 14 30 50 0C 44 20 24 38 2C 3C 54 00 54 58 4C 40 48 44 2C 64 58 30 54 3C 60 4C 48 5C 54 20 5C 14 30 1C 5C 54 18 
00 6C 1C 38 14 0C 20 4C 44 4C 38 1C 20 3C 38 30 44 04 18 14 20 0C 28 1C 30 34 3C 14 28 50 08 38 1C 20 2C 28 34 44 00 50 54 48 3C 3C 38 24 60 48 2C 44 38 5C 38 44 4C 40 1C 58 14 28 1C 44 54 14 
SetPalette
00 8C 18 70 14 14 1C 8C 44 48 34 24 2C 40 38 30 48 08 20 18 24 14 28 1C 40 34 54 14 34 4C 0C 4C 24 24 3C 2C 48 58 04 4C 54 48 48 50 48 34 60 60 2C 60 40 58 54 4C 68 58 34 60 20 20 24 68 58 24 
00 7C 14 68 10 08 1C 84 40 48 34 20 24 3C 34 2C 44 04 18 14 20 10 24 18 34 30 48 14 2C 48 0C 40 20 24 34 28 38 4C 00 4C 54 48 3C 44 40 28 5C 54 2C 50 38 58 48 44 58 4C 20 58 14 2C 18 58 50 14 
00 64 18 34 14 0C 20 48 40 48 34 1C 20 38 34 2C 40 04 14 14 20 0C 24 18 2C 30 38 14 24 48 08 34 18 20 28 24 30 40 00 48 50 44 38 38 34 24 58 44 28 40 34 58 34 40 48 3C 1C 54 14 24 18 40 4C 14 
SetPalette
00 80 18 68 10 14 18 84 3C 40 30 24 28 3C 34 2C 40 08 1C 18 20 10 24 18 3C 30 4C 14 30 48 0C 48 20 24 38 28 40 54 04 48 4C 40 40 48 44 30 58 58 28 58 3C 54 4C 48 60 54 30 58 1C 1C 24 60 54 24 
00 70 14 60 0C 08 18 78 3C 40 30 1C 24 38 30 28 3C 04 18 14 1C 0C 24 18 30 2C 40 10 28 44 0C 3C 1C 20 30 24 34 48 00 48 4C 40 38 3C 3C 24 54 4C 28 48 34 54 40 3C 50 48 1C 50 10 28 18 50 48 14 
00 5C 18 30 10 0C 1C 40 3C 40 30 18 1C 34 30 28 3C 04 14 10 1C 0C 24 18 28 2C 34 10 24 44 08 30 18 1C 24 24 2C 3C 00 44 48 3C 34 34 30 20 54 3C 24 3C 30 50 30 3C 40 38 18 4C 10 24 18 3C 48 10 
SetPalette
00 74 14 60 10 14 18 78 38 3C 2C 20 24 38 30 28 3C 08 1C 14 1C 10 24 18 38 2C 48 14 2C 40 0C 40 1C 20 34 24 3C 4C 04 40 48 3C 3C 44 40 2C 50 50 24 50 38 4C 48 40 58 4C 2C 50 1C 1C 20 58 4C 20 
00 68 14 58 0C 08 18 70 38 3C 2C 1C 20 34 2C 24 38 04 14 14 1C 0C 20 14 2C 28 3C 10 24 40 0C 38 1C 1C 2C 24 30 40 00 40 48 3C 34 38 38 24 50 48 24 44 30 4C 3C 38 48 40 1C 48 10 24 14 48 44 14 
00 54 14 2C 10 0C 1C 3C 38 3C 2C 18 1C 30 2C 24 38 04 14 10 1C 0C 20 14 24 28 30 10 20 40 08 2C 14 1C 24 20 28 38 00 40 44 38 30 30 2C 1C 4C 38 24 38 2C 48 2C 38 3C 34 18 48 10 20 14 38 40 10 
SetPalette
00 6C 14 58 10 10 14 6C 34 38 28 1C 24 30 2C 24 38 08 18 14 1C 10 20 14 30 28 40 10 28 3C 08 3C 1C 1C 30 24 38 44 04 3C 40 38 38 3C 38 28 4C 4C 24 4C 30 44 40 3C 50 44 28 4C 18 18 1C 50 44 1C 
00 60 10 50 0C 08 14 64 30 38 28 18 1C 30 28 24 34 04 14 10 18 0C 1C 14 28 24 38 10 24 38 08 30 18 1C 28 20 2C 3C 00 3C 40 38 30 34 30 20 48 40 24 3C 2C 44 38 34 44 3C 18 44 10 24 14 44 3C 10 
00 4C 14 28 10 08 18 38 30 38 28 14 18 2C 28 24 30 04 10 10 18 08 1C 14 24 24 2C 10 1C 38 08 28 14 18 20 1C 24 30 00 38 3C 34 2C 2C 28 1C 44 34 20 30 28 44 28 30 38 30 14 40 10 1C 14 30 3C 10 
SetPalette
00 60 10 50 0C 10 14 64 30 30 24 1C 20 2C 28 20 30 08 18 10 18 0C 1C 14 2C 24 3C 10 24 34 08 34 18 1C 2C 20 30 40 04 34 3C 30 30 38 34 24 44 44 20 44 2C 40 3C 34 48 40 24 44 18 18 1C 48 40 1C 
00 54 10 48 0C 08 14 5C 2C 30 24 18 1C 2C 24 20 30 04 10 10 18 0C 1C 10 24 20 30 0C 20 34 08 2C 18 18 24 1C 28 34 00 34 3C 30 2C 30 2C 1C 40 3C 20 38 28 40 30 30 3C 34 18 3C 0C 20 10 3C 38 10 
00 44 10 24 0C 08 18 30 2C 30 24 14 18 28 24 20 2C 04 10 0C 18 08 1C 10 20 20 28 0C 1C 34 08 24 10 18 1C 1C 20 2C 00 34 38 30 28 28 24 18 40 30 1C 2C 24 3C 24 2C 30 2C 14 3C 0C 1C 10 2C 34 0C 
SetPalette
00 54 10 44 0C 0C 10 58 28 2C 20 18 1C 28 24 1C 2C 04 14 10 14 0C 18 10 28 20 34 0C 20 30 08 30 14 18 24 1C 2C 38 04 30 34 2C 2C 30 2C 20 3C 3C 1C 3C 28 38 34 30 40 38 20 3C 14 14 18 40 38 18 
00 4C 0C 40 08 04 10 50 28 2C 20 14 18 24 20 1C 28 04 10 0C 14 08 18 10 20 1C 2C 0C 1C 2C 08 28 14 14 20 18 24 30 00 30 34 2C 24 28 28 18 38 34 1C 30 24 38 2C 28 34 30 14 34 0C 1C 10 34 30 0C 
00 3C 10 20 0C 08 14 2C 28 2C 20 10 14 24 20 1C 28 04 0C 0C 14 08 18 10 1C 1C 24 0C 18 2C 04 20 10 14 18 18 1C 28 00 2C 30 28 24 24 20 14 38 28 18 28 20 34 20 28 2C 24 10 34 0C 18 10 28 30 0C 
SetPalette
00 4C 10 3C 0C 0C 10 4C 24 28 1C 14 18 24 20 1C 28 04 10 10 14 0C 18 10 24 1C 2C 0C 1C 2C 08 2C 14 14 20 18 28 30 04 2C 2C 28 28 2C 28 1C 34 34 18 34 24 30 2C 2C 38 30 1C 34 10 10 14 38 30 14 
00 44 0C 38 08 04 10 48 24 28 1C 10 14 20 1C 18 24 04 10 0C 10 08 14 10 1C 1C 28 0C 18 28 08 24 10 14 1C 18 20 2C 00 2C 2C 28 20 24 24 18 34 2C 18 2C 20 30 28 24 30 2C 10 30 0C 18 10 30 2C 0C 
00 38 10 1C 0C 08 10 28 24 28 1C 10 10 20 1C 18 24 04 0C 0C 10 08 14 10 18 1C 20 0C 14 28 04 1C 10 10 18 14 1C 24 00 28 2C 24 20 20 1C 14 30 24 18 24 1C 30 1C 24 28 20 10 2C 0C 14 10 24 2C 0C 
SetPalette
00 40 0C 34 08 0C 0C 44 20 20 18 14 14 20 1C 18 20 04 10 0C 10 08 14 0C 20 18 28 0C 18 24 08 24 10 14 1C 14 20 2C 04 24 28 20 20 24 24 18 2C 2C 14 2C 20 2C 28 24 30 2C 18 2C 10 10 14 30 2C 14 
00 38 0C 30 08 04 0C 3C 20 20 18 10 14 1C 18 14 20 04 0C 0C 10 08 14 0C 18 18 20 08 14 24 08 20 10 10 18 14 1C 24 00 24 28 20 1C 20 20 14 2C 28 14 24 1C 2C 20 20 28 24 10 28 08 14 0C 28 24 0C 
00 30 0C 18 08 08 10 20 20 20 18 0C 10 1C 18 14 20 04 0C 08 10 08 14 0C 14 18 1C 08 14 24 04 18 0C 10 14 14 18 20 00 24 24 20 1C 1C 18 10 2C 20 14 20 18 28 18 20 20 1C 0C 28 08 14 0C 20 24 08 
SetPalette
00 38 0C 2C 08 08 0C 38 1C 1C 14 10 14 18 18 14 1C 04 0C 0C 10 08 10 0C 18 14 20 08 14 20 04 20 10 10 18 14 1C 24 04 20 20 1C 1C 20 1C 14 28 28 14 28 18 24 20 20 28 24 14 28 0C 0C 10 28 24 10 
00 30 08 28 08 04 0C 34 18 1C 14 0C 10 18 14 14 1C 04 0C 08 0C 08 10 0C 14 14 1C 08 14 1C 04 18 0C 10 14 10 18 20 00 20 20 1C 18 1C 18 10 24 20 14 20 18 24 1C 1C 24 20 0C 24 08 14 0C 24 20 08 
00 28 0C 14 08 04 0C 1C 18 1C 14 0C 0C 18 14 14 18 04 08 08 0C 04 10 0C 14 14 18 08 10 1C 04 14 0C 0C 10 10 14 18 00 1C 20 1C 18 18 14 10 24 1C 10 18 14 24 14 18 1C 18 0C 20 08 10 0C 18 20 08 
SetPalette
00 2C 08 24 08 08 08 2C 14 18 10 0C 10 14 14 10 18 04 0C 08 0C 08 0C 08 14 10 1C 08 10 18 04 18 0C 0C 14 10 18 1C 04 18 1C 18 18 18 18 10 20 20 10 20 14 1C 1C 18 20 1C 10 20 0C 0C 0C 20 1C 0C 
00 28 08 20 04 04 08 28 14 18 10 0C 0C 14 10 10 14 04 08 08 0C 04 0C 08 10 10 18 08 10 18 04 14 0C 0C 10 0C 14 18 00 18 1C 18 14 14 14 0C 1C 1C 10 18 14 1C 18 14 1C 18 0C 1C 08 10 08 1C 18 08 
00 20 08 10 08 04 0C 18 14 18 10 08 0C 14 10 10 14 04 08 08 0C 04 0C 08 10 10 14 08 0C 18 04 10 08 0C 0C 0C 10 14 00 18 18 14 14 14 10 0C 1C 14 0C 14 10 1C 10 14 18 14 08 1C 08 0C 08 14 18 08 
SetPalette
00 20 08 1C 04 08 08 24 10 10 0C 0C 0C 10 10 0C 10 04 08 08 08 04 0C 08 10 0C 14 08 0C 14 04 14 08 0C 10 0C 10 18 04 14 14 10 10 14 14 0C 18 18 0C 18 10 18 14 14 18 18 0C 18 08 08 0C 18 18 0C 
00 1C 08 18 04 04 08 20 10 10 0C 08 0C 10 0C 0C 10 04 08 08 08 04 0C 08 0C 0C 10 04 0C 14 04 10 08 08 0C 0C 10 14 00 14 14 10 10 10 10 0C 18 14 0C 14 10 18 10 10 14 14 08 14 04 0C 08 14 14 08 
00 18 08 0C 04 04 08 10 10 10 0C 08 08 10 0C 0C 10 04 08 04 08 04 0C 08 0C 0C 10 04 0C 14 04 0C 08 08 0C 0C 0C 10 00 14 14 10 10 10 0C 08 18 10 0C 10 0C 14 0C 10 10 10 08 14 04 0C 08 10 14 04 
SetPalette
00 18 04 14 04 04 04 18 0C 0C 08 08 08 0C 0C 08 0C 04 08 04 08 04 08 04 0C 08 10 04 08 0C 04 0C 08 08 0C 08 0C 10 04 0C 10 0C 0C 0C 0C 08 10 10 08 10 0C 10 10 0C 10 10 08 10 08 08 08 10 10 08 
00 14 04 10 04 04 04 14 0C 0C 08 08 08 0C 08 08 0C 04 04 04 08 04 08 04 08 08 0C 04 08 0C 04 0C 08 08 08 08 0C 0C 00 0C 10 0C 0C 0C 0C 08 10 10 08 0C 0C 10 0C 0C 10 0C 08 10 04 08 04 10 0C 04 
00 10 04 08 04 04 08 0C 0C 0C 08 04 08 0C 08 08 0C 04 04 04 08 04 08 04 08 08 0C 04 08 0C 04 08 04 08 08 08 08 0C 00 0C 0C 0C 0C 0C 08 08 10 0C 08 0C 08 10 08 0C 0C 0C 04 10 04 08 04 0C 0C 04 
SetPalette
00 0C 04 0C 04 04 04 0C 08 08 04 04 04 08 08 04 08 04 04 04 04 04 04 04 08 04 08 04 04 08 04 08 04 04 08 04 08 08 04 08 08 08 08 08 08 04 08 08 04 08 08 08 08 08 08 08 04 08 04 04 04 08 08 04 
00 0C 04 08 04 04 04 0C 08 08 04 04 04 08 04 04 08 04 04 04 04 04 04 04 04 04 08 04 04 08 04 08 04 04 04 04 08 08 00 08 08 08 08 08 08 04 08 08 04 08 08 08 08 08 08 08 04 08 04 04 04 08 08 04 
00 08 04 04 04 04 04 08 08 08 04 04 04 08 04 04 08 04 04 04 04 04 04 04 04 04 08 04 04 08 04 04 04 04 04 04 04 08 00 08 08 08 08 08 04 04 08 08 04 08 04 08 04 08 08 08 04 08 04 04 04 08 08 04 
SetPalette
00 0C 04 0C 04 04 04 0C 08 08 04 04 04 08 08 04 08 04 04 04 04 04 04 04 08 04 08 04 04 08 04 08 04 04 08 04 08 08 04 08 08 08 08 08 08 04 08 08 04 08 08 08 08 08 08 08 04 08 04 04 04 08 08 04 
00 0C 04 08 04 04 04 0C 08 08 04 04 04 08 04 04 08 04 04 04 04 04 04 04 04 04 08 04 04 08 04 08 04 04 04 04 08 08 00 08 08 08 08 08 08 04 08 08 04 08 08 08 08 08 08 08 04 08 04 04 04 08 08 04 
00 08 04 04 04 04 04 08 08 08 04 04 04 08 04 04 08 04 04 04 04 04 04 04 04 04 08 04 04 08 04 04 04 04 04 04 04 08 00 08 08 08 08 08 04 04 08 08 04 08 04 08 04 08 08 08 04 08 04 04 04 08 08 04 
MBChangePalette gain(1.000000 1.000000 1.000000), offset(0.000000 0.000000 0.000000), sat(1.000000)
SetPalette
00 0C 04 0C 04 04 04 0C 08 08 04 04 04 08 08 04 08 04 04 04 04 04 04 04 08 04 08 04 04 08 04 08 04 04 08 04 08 08 04 08 08 08 08 08 08 04 08 08 04 08 08 08 08 08 08 08 04 08 04 04 04 08 08 04 
00 0C 04 08 04 04 04 0C 08 08 04 04 04 08 04 04 08 04 04 04 04 04 04 04 04 04 08 04 04 08 04 08 04 04 04 04 08 08 00 08 08 08 08 08 08 04 08 08 04 08 08 08 08 08 08 08 04 08 04 04 04 08 08 04 
00 08 04 04 04 04 04 08 08 08 04 04 04 08 04 04 08 04 04 04 04 04 04 04 04 04 08 04 04 08 04 04 04 04 04 04 04 08 00 08 08 08 08 08 04 04 08 08 04 08 04 08 04 08 08 08 04 08 04 04 04 08 08 04 
MBChangePalette gain(0.933333 0.933333 0.933333), offset(0.000000 0.000000 0.000000), sat(1.000000)
SetPalette
00 0C 04 0C 04 04 04 0C 08 08 04 04 04 08 08 04 08 04 04 04 04 04 04 04 08 04 08 04 04 08 04 08 04 04 08 04 08 08 04 08 08 08 08 08 08 04 08 08 04 08 08 08 08 08 08 08 04 08 04 04 04 08 08 04 
00 0C 04 08 04 04 04 0C 08 08 04 04 04 08 04 04 08 04 04 04 04 04 04 04 04 04 08 04 04 08 04 08 04 04 04 04 08 08 00 08 08 08 08 08 08 04 08 08 04 08 08 08 08 08 08 08 04 08 04 04 04 08 08 04 
00 08 04 04 04 04 04 08 08 08 04 04 04 08 04 04 08 04 04 04 04 04 04 04 04 04 08 04 04 08 04 04 04 04 04 04 04 08 00 08 08 08 08 08 04 04 08 08 04 08 04 08 04 08 08 08 04 08 04 04 04 08 08 04 
MBChangePalette gain(0.866667 0.866667 0.866667), offset(0.000000 0.000000 0.000000), sat(1.000000)
SetPalette
00 0C 04 0C 04 04 04 0C 08 08 04 04 04 08 08 04 08 04 04 04 04 04 04 04 08 04 08 04 04 08 04 08 04 04 08 04 08 08 04 08 08 08 08 08 08 04 08 08 04 08 08 08 08 08 08 08 04 08 04 04 04 08 08 04 
00 0C 04 08 04 04 04 0C 08 08 04 04 04 08 04 04 08 04 04 04 04 04 04 04 04 04 08 04 04 08 04 08 04 04 04 04 08 08 00 08 08 08 08 08 08 04 08 08 04 08 08 08 08 08 08 08 04 08 04 04 04 08 08 04 
00 08 04 04 04 04 04 08 08 08 04 04 04 08 04 04 08 04 04 04 04 04 04 04 04 04 08 04 04 08 04 04 04 04 04 04 04 08 00 08 08 08 08 08 04 04 08 08 04 08 04 08 04 08 08 08 04 08 04 04 04 08 08 04 
MBChangePalette gain(0.800000 0.800000 0.800000), offset(0.000000 0.000000 0.000000), sat(1.000000)
SetPalette
00 0C 04 0C 04 04 04 0C 08 08 04 04 04 08 08 04 08 04 04 04 04 04 04 04 08 04 08 04 04 08 04 08 04 04 08 04 08 08 04 08 08 08 08 08 08 04 08 08 04 08 08 08 08 08 08 08 04 08 04 04 04 08 08 04 
00 0C 04 08 04 04 04 0C 08 08 04 04 04 08 04 04 08 04 04 04 04 04 04 04 04 04 08 04 04 08 04 08 04 04 04 04 08 08 00 08 08 08 08 08 08 04 08 08 04 08 08 08 08 08 08 08 04 08 04 04 04 08 08 04 
00 08 04 04 04 04 04 08 08 08 04 04 04 08 04 04 08 04 04 04 04 04 04 04 04 04 08 04 04 08 04 04 04 04 04 04 04 08 00 08 08 08 08 08 04 04 08 08 04 08 04 08 04 08 08 08 04 08 04 04 04 08 08 04 
MBChangePalette gain(0.733333 0.733333 0.733333), offset(0.000000 0.000000 0.000000), sat(1.000000)
SetPalette
00 0C 04 0C 04 04 04 0C 08 08 04 04 04 08 08 04 08 04 04 04 04 04 04 04 08 04 08 04 04 08 04 08 04 04 08 04 08 08 04 08 08 08 08 08 08 04 08 08 04 08 08 08 08 08 08 08 04 08 04 04 04 08 08 04 
00 0C 04 08 04 04 04 0C 08 08 04 04 04 08 04 04 08 04 04 04 04 04 04 04 04 04 08 04 04 08 04 08 04 04 04 04 08 08 00 08 08 08 08 08 08 04 08 08 04 08 08 08 08 08 08 08 04 08 04 04 04 08 08 04 
00 08 04 04 04 04 04 08 08 08 04 04 04 08 04 04 08 04 04 04 04 04 04 04 04 04 08 04 04 08 04 04 04 04 04 04 04 08 00 08 08 08 08 08 04 04 08 08 04 08 04 08 04 08 08 08 04 08 04 04 04 08 08 04 
MBChangePalette gain(0.666667 0.666667 0.666667), offset(0.000000 0.000000 0.000000), sat(1.000000)
SetPalette
00 08 04 08 04 04 04 08 08 08 04 04 04 08 08 04 08 04 04 04 04 04 04 04 08 04 08 04 04 08 04 08 04 04 08 04 08 08 04 08 08 08 08 08 08 04 08 08 04 08 08 08 08 08 08 08 04 08 04 04 04 08 08 04 
00 08 04 08 04 04 04 08 08 08 04 04 04 08 04 04 08 04 04 04 04 04 04 04 04 04 08 04 04 08 04 08 04 04 04 04 08 08 00 08 08 08 08 08 08 04 08 08 04 08 08 08 08 08 08 08 04 08 04 04 04 08 08 04 
00 08 04 04 04 04 04 08 08 08 04 04 04 08 04 04 08 04 04 04 04 04 04 04 04 04 08 04 04 08 04 04 04 04 04 04 04 08 00 08 08 08 08 08 04 04 08 08 04 08 04 08 04 08 08 08 04 08 04 04 04 08 08 04 
MBChangePalette gain(0.600000 0.600000 0.600000), offset(0.000000 0.000000 0.000000), sat(1.000000)
SetPalette
00 08 04 08 04 04 04 08 08 08 04 04 04 08 08 04 08 04 04 04 04 04 04 04 08 04 08 04 04 08 04 08 04 04 08 04 08 08 04 08 08 08 08 08 08 04 08 08 04 08 08 08 08 08 08 08 04 08 04 04 04 08 08 04 
00 08 04 08 04 04 04 08 08 08 04 04 04 08 04 04 08 04 04 04 04 04 04 04 04 04 08 04 04 08 04 08 04 04 04 04 08 08 00 08 08 08 08 08 08 04 08 08 04 08 08 08 08 08 08 08 04 08 04 04 04 08 08 04 
00 08 04 04 04 04 04 08 08 08 04 04 04 08 04 04 08 04 04 04 04 04 04 04 04 04 08 04 04 08 04 04 04 04 04 04 04 08 00 08 08 08 08 08 04 04 08 08 04 08 04 08 04 08 08 08 04 08 04 04 04 08 08 04 
MBChangePalette gain(0.533333 0.533333 0.533333), offset(0.000000 0.000000 0.000000), sat(1.000000)
SetPalette
00 08 04 08 04 04 04 08 04 04 04 04 04 04 04 04 04 04 04 04 04 04 04 04 04 04 04 04 04 04 04 04 04 04 04 04 04 04 04 04 04 04 04 04 04 04 04 04 04 04 04 04 04 04 04 04 04 04 04 04 04 04 04 04 
00 08 04 04 04 04 04 08 04 04 04 04 04 04 04 04 04 04 04 04 04 04 04 04 04 04 04 04 04 04 04 04 04 04 04 04 04 04 00 04 04 04 04 04 04 04 04 04 04 04 04 04 04 04 04 04 04 04 04 04 04 04 04 04 
00 04 04 04 04 04 04 04 04 04 04 04 04 04 04 04 04 04 04 04 04 04 04 04 04 04 04 04 04 04 04 04 04 04 04 04 04 04 00 04 04 04 04 04 04 04 04 04 04 04 04 04 04 04 04 04 04 04 04 04 04 04 04 04 
MBChangePalette gain(0.466667 0.466667 0.466667), offset(0.000000 0.000000 0.000000), sat(1.000000)
SetPalette
00 08 04 08 04 04 04 08 04 04 04 04 04 04 04 04 04 04 04 04 04 04 04 04 04 04 04 04 04 04 04 04 04 04 04 04 04 04 04 04 04 04 04 04 04 04 04 04 04 04 04 04 04 04 04 04 04 04 04 04 04 04 04 04 
00 08 04 04 04 04 04 08 04 04 04 04 04 04 04 04 04 04 04 04 04 04 04 04 04 04 04 04 04 04 04 04 04 04 04 04 04 04 00 04 04 04 04 04 04 04 04 04 04 04 04 04 04 04 04 04 04 04 04 04 04 04 04 04 
00 04 04 04 04 04 04 04 04 04 04 04 04 04 04 04 04 04 04 04 04 04 04 04 04 04 04 04 04 04 04 04 04 04 04 04 04 04 00 04 04 04 04 04 04 04 04 04 04 04 04 04 04 04 04 04 04 04 04 04 04 04 04 04 
MBChangePalette gain(0.400000 0.400000 0.400000), offset(0.000000 0.000000 0.000000), sat(1.000000)
SetPalette
00 08 04 08 04 04 04 08 04 04 04 04 04 04 04 04 04 04 04 04 04 04 04 04 04 04 04 04 04 04 04 04 04 04 04 04 04 04 04 04 04 04 04 04 04 04 04 04 04 04 04 04 04 04 04 04 04 04 04 04 04 04 04 04 
00 08 04 04 04 04 04 08 04 04 04 04 04 04 04 04 04 04 04 04 04 04 04 04 04 04 04 04 04 04 04 04 04 04 04 04 04 04 00 04 04 04 04 04 04 04 04 04 04 04 04 04 04 04 04 04 04 04 04 04 04 04 04 04 
00 04 04 04 04 04 04 04 04 04 04 04 04 04 04 04 04 04 04 04 04 04 04 04 04 04 04 04 04 04 04 04 04 04 04 04 04 04 00 04 04 04 04 04 04 04 04 04 04 04 04 04 04 04 04 04 04 04 04 04 04 04 04 04 
MBChangePalette gain(0.333333 0.333333 0.333333), offset(0.000000 0.000000 0.000000), sat(1.000000)
SetPalette
00 04 04 04 04 04 04 04 04 04 04 04 04 04 04 04 04 04 04 04 04 04 04 04 04 04 04 04 04 04 04 04 04 04 04 04 04 04 04 04 04 04 04 04 04 04 04 04 04 04 04 04 04 04 04 04 04 04 04 04 04 04 04 04 
00 04 04 04 04 04 04 04 04 04 04 04 04 04 04 04 04 04 04 04 04 04 04 04 04 04 04 04 04 04 04 04 04 04 04 04 04 04 00 04 04 04 04 04 04 04 04 04 04 04 04 04 04 04 04 04 04 04 04 04 04 04 04 04 
00 04 04 04 04 04 04 04 04 04 04 04 04 04 04 04 04 04 04 04 04 04 04 04 04 04 04 04 04 04 04 04 04 04 04 04 04 04 00 04 04 04 04 04 04 04 04 04 04 04 04 04 04 04 04 04 04 04 04 04 04 04 04 04 
MBChangePalette gain(0.266667 0.266667 0.266667), offset(0.000000 0.000000 0.000000), sat(1.000000)
SetPalette
00 04 04 04 04 04 04 04 04 04 04 04 04 04 04 04 04 04 04 04 04 04 04 04 04 04 04 04 04 04 04 04 04 04 04 04 04 04 04 04 04 04 04 04 04 04 04 04 04 04 04 04 04 04 04 04 04 04 04 04 04 04 04 04 
00 04 04 04 04 04 04 04 04 04 04 04 04 04 04 04 04 04 04 04 04 04 04 04 04 04 04 04 04 04 04 04 04 04 04 04 04 04 00 04 04 04 04 04 04 04 04 04 04 04 04 04 04 04 04 04 04 04 04 04 04 04 04 04 
00 04 04 04 04 04 04 04 04 04 04 04 04 04 04 04 04 04 04 04 04 04 04 04 04 04 04 04 04 04 04 04 04 04 04 04 04 04 00 04 04 04 04 04 04 04 04 04 04 04 04 04 04 04 04 04 04 04 04 04 04 04 04 04 
MBChangePalette gain(0.200000 0.200000 0.200000), offset(0.000000 0.000000 0.000000), sat(1.000000)
SetPalette
00 04 04 04 04 04 04 04 04 04 04 04 04 04 04 04 04 04 04 04 04 04 04 04 04 04 04 04 04 04 04 04 04 04 04 04 04 04 04 04 04 04 04 04 04 04 04 04 04 04 04 04 04 04 04 04 04 04 04 04 04 04 04 04 
00 04 04 04 04 04 04 04 04 04 04 04 04 04 04 04 04 04 04 04 04 04 04 04 04 04 04 04 04 04 04 04 04 04 04 04 04 04 00 04 04 04 04 04 04 04 04 04 04 04 04 04 04 04 04 04 04 04 04 04 04 04 04 04 
00 04 04 04 04 04 04 04 04 04 04 04 04 04 04 04 04 04 04 04 04 04 04 04 04 04 04 04 04 04 04 04 04 04 04 04 04 04 00 04 04 04 04 04 04 04 04 04 04 04 04 04 04 04 04 04 04 04 04 04 04 04 04 04 
MBChangePalette gain(0.133333 0.133333 0.133333), offset(0.000000 0.000000 0.000000), sat(1.000000)
SetPalette
00 04 04 04 04 04 04 04 04 04 04 04 04 04 04 04 04 04 04 04 04 04 04 04 04 04 04 04 04 04 04 04 04 04 04 04 04 04 04 04 04 04 04 04 04 04 04 04 04 04 04 04 04 04 04 04 04 04 04 04 04 04 04 04 
00 04 04 04 04 04 04 04 04 04 04 04 04 04 04 04 04 04 04 04 04 04 04 04 04 04 04 04 04 04 04 04 04 04 04 04 04 04 00 04 04 04 04 04 04 04 04 04 04 04 04 04 04 04 04 04 04 04 04 04 04 04 04 04 
00 04 04 04 04 04 04 04 04 04 04 04 04 04 04 04 04 04 04 04 04 04 04 04 04 04 04 04 04 04 04 04 04 04 04 04 04 04 00 04 04 04 04 04 04 04 04 04 04 04 04 04 04 04 04 04 04 04 04 04 04 04 04 04 
MBChangePalette gain(0.066667 0.066667 0.066667), offset(0.000000 0.000000 0.000000), sat(1.000000)
SetPalette
00 04 04 04 04 04 04 04 04 04 04 04 04 04 04 04 04 04 04 04 04 04 04 04 04 04 04 04 04 04 04 04 04 04 04 04 04 04 04 04 04 04 04 04 04 04 04 04 04 04 04 04 04 04 04 04 04 04 04 04 04 04 04 04 
00 04 04 04 04 04 04 04 04 04 04 04 04 04 04 04 04 04 04 04 04 04 04 04 04 04 04 04 04 04 04 04 04 04 04 04 04 04 00 04 04 04 04 04 04 04 04 04 04 04 04 04 04 04 04 04 04 04 04 04 04 04 04 04 
00 04 04 04 04 04 04 04 04 04 04 04 04 04 04 04 04 04 04 04 04 04 04 04 04 04 04 04 04 04 04 04 04 04 04 04 04 04 00 04 04 04 04 04 04 04 04 04 04 04 04 04 04 04 04 04 04 04 04 04 04 04 04 04 
MBChangePalette gain(0.000000 0.000000 0.000000), offset(0.000000 0.000000 0.000000), sat(1.000000)
SetPalette
00 E0 D4 C8 BC A8 A4 A0 AC B8 B4 AC B4 BC BC BC AC 9C 8C 78 70 60 54 48 40 30 24 2C 30 30 3C 48 40 38 38 38 30 28 18 24 38 44 50 50 4C 38 30 30 18 1C 24 2C 20 18 28 30 00 40 64 84 9C 9C 9C A4 
00 E0 D8 CC C4 B4 B0 A8 A4 AC B4 AC AC A0 94 8C 84 78 70 70 60 58 4C 50 40 40 44 50 5C 60 58 48 38 38 38 38 28 28 30 38 40 34 38 38 28 28 20 30 28 34 40 4C 50 78 A4 D4 FC 08 14 20 28 30 18 08 
00 E8 F0 F4 F8 F8 E8 D4 CC C0 B4 A4 94 88 68 58 50 48 4C 50 50 50 50 48 48 4C 54 60 70 80 84 84 8C 78 68 58 58 48 40 44 38 30 28 18 0C 10 1C 30 28 18 1C 24 30 28 00 00 00 08 14 10 10 20 18 00 
MBChangePalette gain(1.000000 1.000000 1.000000), offset(0.000000 0.000000 0.000000), sat(1.000000)
NewGameDialog_77350_mod/sub_90B27_VGA_pal_fadein_fadeout_mod(0, 0x10u, 0)
SetPalette
00 E0 D4 C8 BC A8 A4 A0 AC B8 B4 AC B4 BC BC BC AC 9C 8C 78 70 60 54 48 40 30 24 2C 30 30 3C 48 40 38 38 38 30 28 18 24 38 44 50 50 4C 38 30 30 18 1C 24 2C 20 18 28 30 00 40 64 84 9C 9C 9C A4 
00 E0 D8 CC C4 B4 B0 A8 A4 AC B4 AC AC A0 94 8C 84 78 70 70 60 58 4C 50 40 40 44 50 5C 60 58 48 38 38 38 38 28 28 30 38 40 34 38 38 28 28 20 30 28 34 40 4C 50 78 A4 D4 FC 08 14 20 28 30 18 08 
00 E8 F0 F4 F8 F8 E8 D4 CC C0 B4 A4 94 88 68 58 50 48 4C 50 50 50 50 48 48 4C 54 60 70 80 84 84 8C 78 68 58 58 48 40 44 38 30 28 18 0C 10 1C 30 28 18 1C 24 30 28 00 00 00 08 14 10 10 20 18 00 
MBChangePalette gain(1.000000 1.000000 1.000000), offset(0.000000 0.000000 0.000000), sat(1.000000)
SetPalette
00 D4 C8 BC B4 A0 9C 98 A4 B0 AC A4 AC B4 B4 B4 A4 94 84 74 6C 5C 50 44 3C 30 24 2C 30 30 3C 44 3C 38 38 38 30 28 18 24 38 40 4C 4C 48 38 30 30 18 1C 24 2C 20 18 28 30 00 3C 60 7C 94 94 94 9C 
00 D4 CC C0 B8 AC A8 A0 9C A4 AC A4 A4 98 8C 84 7C 74 6C 6C 5C 54 48 4C 3C 3C 40 4C 58 5C 54 44 38 38 38 38 28 28 30 38 3C 34 38 38 28 28 20 30 28 34 3C 48 4C 74 9C C8 F0 08 14 20 28 30 18 08 
00 DC E4 E8 EC EC DC C8 C0 B4 AC 9C 8C 80 64 54 4C 44 48 4C 4C 4C 4C 44 44 48 50 5C 6C 78 7C 7C 84 74 64 54 54 44 3C 40 38 30 28 18 0C 10 1C 30 28 18 1C 24 30 28 00 00 00 08 14 10 10 20 18 00 
MBChangePalette gain(0.933333 0.933333 0.933333), offset(0.000000 0.000000 0.000000), sat(1.000000)
SetPalette
00 C4 BC B0 A8 94 90 8C 98 A4 A0 98 A0 A8 A8 A8 98 8C 7C 6C 64 54 4C 40 38 2C 20 28 2C 2C 38 40 38 34 34 34 2C 24 18 20 34 3C 48 48 44 34 2C 2C 18 1C 20 28 1C 18 24 2C 00 38 58 74 8C 8C 8C 90 
00 C4 C0 B4 AC A0 9C 94 90 98 A0 98 98 8C 84 7C 74 6C 64 64 54 50 44 48 38 38 3C 48 54 54 50 40 34 34 34 34 24 24 2C 34 38 30 34 34 24 24 1C 2C 24 30 38 44 48 6C 90 BC E0 08 14 1C 24 2C 18 08 
00 CC D4 D8 DC DC CC BC B4 A8 A0 90 84 78 5C 50 48 40 44 48 48 48 48 40 40 44 4C 54 64 70 74 74 7C 6C 5C 50 50 40 38 3C 34 2C 24 18 0C 10 1C 2C 24 18 1C 20 2C 24 00 00 00 08 14 10 10 1C 18 00 
MBChangePalette gain(0.866667 0.866667 0.866667), offset(0.000000 0.000000 0.000000), sat(1.000000)
SetPalette
00 B8 B0 A4 9C 8C 88 84 8C 98 94 8C 94 9C 9C 9C 8C 80 74 64 5C 50 48 3C 34 28 20 24 28 28 34 3C 34 30 30 30 28 24 14 20 30 38 44 44 40 30 28 28 14 18 20 24 1C 14 24 28 00 34 54 6C 80 80 80 88 
00 B8 B0 A8 A0 94 90 8C 88 8C 94 8C 8C 84 7C 74 6C 64 5C 5C 50 48 40 44 34 34 38 44 4C 50 48 3C 30 30 30 30 24 24 28 30 34 2C 30 30 24 24 1C 28 24 2C 34 40 44 64 88 B0 D0 08 14 1C 24 28 14 08 
00 C0 C4 C8 CC CC C0 B0 A8 9C 94 88 7C 70 58 48 44 3C 40 44 44 44 44 3C 3C 40 48 50 5C 68 6C 6C 74 64 58 48 48 3C 34 38 30 28 24 14 0C 10 18 28 24 14 18 20 28 24 00 00 00 08 14 10 10 1C 14 00 
MBChangePalette gain(0.800000 0.800000 0.800000), offset(0.000000 0.000000 0.000000), sat(1.000000)
SetPalette
00 A8 A0 98 90 80 7C 78 84 8C 88 84 88 90 90 90 84 78 6C 5C 54 48 40 38 30 24 1C 24 24 24 30 38 30 2C 2C 2C 24 20 14 1C 2C 34 3C 3C 3C 2C 24 24 14 18 1C 24 18 14 20 24 00 30 4C 64 78 78 78 7C 
00 A8 A4 9C 94 88 84 80 7C 84 88 84 84 78 70 6C 64 5C 54 54 48 44 3C 3C 30 30 34 3C 48 48 44 38 2C 2C 2C 2C 20 20 24 2C 30 28 2C 2C 20 20 18 24 20 28 30 3C 3C 5C 7C A0 C0 08 10 18 20 24 14 08 
00 B0 B4 B8 BC BC B0 A0 9C 90 88 7C 70 68 50 44 3C 38 3C 3C 3C 3C 3C 38 38 3C 40 48 54 60 64 64 6C 5C 50 44 44 38 30 34 2C 24 20 14 0C 0C 18 24 20 14 18 1C 24 20 00 00 00 08 10 0C 0C 18 14 00 
MBChangePalette gain(0.733333 0.733333 0.733333), offset(0.000000 0.000000 0.000000), sat(1.000000)
SetPalette
00 9C 94 8C 84 74 74 70 78 80 7C 78 7C 84 84 84 78 6C 64 54 50 44 3C 34 2C 24 1C 20 24 24 2C 34 2C 28 28 28 24 1C 14 1C 28 30 38 38 38 28 24 24 14 14 1C 20 18 14 1C 24 00 2C 48 5C 6C 6C 6C 74 
00 9C 98 90 88 7C 7C 74 74 78 7C 78 78 70 68 64 5C 54 50 50 44 40 38 38 2C 2C 30 38 40 44 40 34 28 28 28 28 1C 1C 24 28 2C 24 28 28 1C 1C 18 24 1C 24 2C 38 38 54 74 94 B0 08 10 18 1C 24 14 08 
00 A0 A8 A8 AC AC A0 94 90 84 7C 74 68 60 48 40 38 34 38 38 38 38 38 34 34 38 3C 44 50 58 5C 5C 64 54 48 40 40 34 2C 30 28 24 1C 14 0C 0C 14 24 1C 14 14 1C 24 1C 00 00 00 08 10 0C 0C 18 14 00 
MBChangePalette gain(0.666667 0.666667 0.666667), offset(0.000000 0.000000 0.000000), sat(1.000000)
SetPalette
00 8C 88 80 78 6C 68 64 6C 74 74 6C 74 78 78 78 6C 64 58 4C 48 3C 38 30 28 20 18 1C 20 20 28 30 28 24 24 24 20 1C 10 18 24 2C 34 34 30 24 20 20 10 14 18 1C 14 10 1C 20 00 28 40 54 64 64 64 68 
00 8C 88 80 7C 74 70 6C 68 6C 74 6C 6C 64 60 58 54 4C 48 48 3C 38 30 34 28 28 2C 34 3C 3C 38 30 24 24 24 24 1C 1C 20 24 28 24 24 24 1C 1C 14 20 1C 24 28 30 34 4C 68 88 A0 08 10 14 1C 20 10 08 
00 94 98 9C 9C 9C 94 88 80 78 74 68 60 58 44 38 34 30 30 34 34 34 34 30 30 30 38 3C 48 50 54 54 58 4C 44 38 38 30 28 2C 24 20 1C 10 08 0C 14 20 1C 10 14 18 20 1C 00 00 00 08 10 0C 0C 14 10 00 
MBChangePalette gain(0.600000 0.600000 0.600000), offset(0.000000 0.000000 0.000000), sat(1.000000)
SetPalette
00 80 78 74 6C 60 60 5C 64 68 68 64 68 6C 6C 6C 64 58 50 44 40 38 30 2C 24 1C 18 1C 1C 1C 24 2C 24 20 20 20 1C 18 10 18 20 28 30 30 2C 20 1C 1C 10 10 18 1C 14 10 18 1C 00 24 3C 4C 58 58 58 60 
00 80 7C 74 70 68 64 60 60 64 68 64 64 5C 54 50 4C 44 40 40 38 34 2C 30 24 24 28 30 34 38 34 2C 20 20 20 20 18 18 1C 20 24 20 20 20 18 18 14 1C 18 20 24 2C 30 44 60 78 90 08 0C 14 18 1C 10 08 
00 84 88 8C 8C 8C 84 78 74 6C 68 60 54 50 3C 34 30 2C 2C 30 30 30 30 2C 2C 2C 30 38 40 48 4C 4C 50 44 3C 34 34 2C 24 28 20 1C 18 10 08 0C 10 1C 18 10 10 18 1C 18 00 00 00 08 0C 0C 0C 14 10 00 
MBChangePalette gain(0.533333 0.533333 0.533333), offset(0.000000 0.000000 0.000000), sat(1.000000)
SetPalette
00 70 6C 64 60 54 54 50 58 5C 5C 58 5C 60 60 60 58 50 48 3C 38 30 2C 24 20 18 14 18 18 18 20 24 20 1C 1C 1C 18 14 0C 14 1C 24 28 28 28 1C 18 18 0C 10 14 18 10 0C 14 18 00 20 34 44 50 50 50 54 
00 70 6C 68 64 5C 58 54 54 58 5C 58 58 50 4C 48 44 3C 38 38 30 2C 28 28 20 20 24 28 30 30 2C 24 1C 1C 1C 1C 14 14 18 1C 20 1C 1C 1C 14 14 10 18 14 1C 20 28 28 3C 54 6C 80 04 0C 10 14 18 0C 04 
00 74 78 7C 7C 7C 74 6C 68 60 5C 54 4C 44 34 2C 28 24 28 28 28 28 28 24 24 28 2C 30 38 40 44 44 48 3C 34 2C 2C 24 20 24 1C 18 14 0C 08 08 10 18 14 0C 10 14 18 14 00 00 00 04 0C 08 08 10 0C 00 
MBChangePalette gain(0.466667 0.466667 0.466667), offset(0.000000 0.000000 0.000000), sat(1.000000)
SetPalette
00 64 60 58 54 4C 48 48 4C 54 50 4C 50 54 54 54 4C 48 40 38 34 2C 28 20 1C 18 10 14 18 18 1C 20 1C 1C 1C 1C 18 14 0C 10 1C 20 24 24 24 1C 18 18 0C 10 10 14 10 0C 14 18 00 1C 2C 3C 48 48 48 48 
00 64 60 5C 58 50 50 4C 48 4C 50 4C 4C 48 44 40 3C 38 34 34 2C 28 24 24 1C 1C 20 24 2C 2C 28 20 1C 1C 1C 1C 14 14 18 1C 1C 18 1C 1C 14 14 10 18 14 18 1C 24 24 38 48 60 70 04 0C 10 14 18 0C 04 
00 68 6C 6C 70 70 68 60 5C 54 50 48 44 3C 30 28 24 20 24 24 24 24 24 20 20 24 28 2C 34 38 3C 3C 40 38 30 28 28 20 1C 20 1C 18 14 0C 08 08 10 18 14 0C 10 10 18 14 00 00 00 04 0C 08 08 10 0C 00 
MBChangePalette gain(0.400000 0.400000 0.400000), offset(0.000000 0.000000 0.000000), sat(1.000000)
SetPalette
00 54 50 4C 48 40 40 3C 44 48 44 44 44 48 48 48 44 3C 38 30 2C 24 20 1C 18 14 10 14 14 14 18 1C 18 18 18 18 14 10 0C 10 18 1C 20 20 20 18 14 14 0C 0C 10 14 0C 0C 10 14 00 18 28 34 3C 3C 3C 40 
00 54 54 50 4C 44 44 40 40 44 44 44 44 3C 38 38 34 30 2C 2C 24 24 20 20 18 18 1C 20 24 24 24 1C 18 18 18 18 10 10 14 18 18 14 18 18 10 10 0C 14 10 14 18 20 20 30 40 50 60 04 08 0C 10 14 0C 04 
00 58 5C 5C 60 60 58 50 50 48 44 40 38 34 28 24 20 1C 20 20 20 20 20 1C 1C 20 20 24 2C 30 34 34 38 30 28 24 24 1C 18 1C 18 14 10 0C 08 08 0C 14 10 0C 0C 10 14 10 00 00 00 04 08 08 08 0C 0C 00 
MBChangePalette gain(0.333333 0.333333 0.333333), offset(0.000000 0.000000 0.000000), sat(1.000000)
SetPalette
00 48 44 40 3C 38 34 34 38 3C 3C 38 3C 3C 3C 3C 38 34 2C 28 24 20 1C 18 14 10 0C 10 10 10 14 18 14 14 14 14 10 10 08 0C 14 18 1C 1C 18 14 10 10 08 0C 0C 10 0C 08 10 10 00 14 20 2C 34 34 34 34 
00 48 44 40 40 3C 38 38 34 38 3C 38 38 34 30 2C 2C 28 24 24 20 1C 18 1C 14 14 18 1C 20 20 1C 18 14 14 14 14 10 10 10 14 14 14 14 14 10 10 0C 10 10 14 14 18 1C 28 34 44 50 04 08 0C 10 10 08 04 
00 4C 4C 50 50 50 4C 44 40 3C 3C 34 30 2C 24 1C 1C 18 18 1C 1C 1C 1C 18 18 18 1C 20 24 28 2C 2C 2C 28 24 1C 1C 18 14 18 14 10 10 08 04 08 0C 10 10 08 0C 0C 10 10 00 00 00 04 08 08 08 0C 08 00 
MBChangePalette gain(0.266667 0.266667 0.266667), offset(0.000000 0.000000 0.000000), sat(1.000000)
SetPalette
00 38 38 34 30 2C 2C 28 2C 30 30 2C 30 30 30 30 2C 28 24 20 1C 18 18 14 10 0C 0C 0C 0C 0C 10 14 10 10 10 10 0C 0C 08 0C 10 14 14 14 14 10 0C 0C 08 08 0C 0C 08 08 0C 0C 00 10 1C 24 28 28 28 2C 
00 38 38 34 34 30 2C 2C 2C 2C 30 2C 2C 28 28 24 24 20 1C 1C 18 18 14 14 10 10 14 14 18 18 18 14 10 10 10 10 0C 0C 0C 10 10 10 10 10 0C 0C 08 0C 0C 10 10 14 14 20 2C 38 40 04 08 08 0C 0C 08 04 
00 3C 3C 40 40 40 3C 38 34 30 30 2C 28 24 1C 18 14 14 14 14 14 14 14 14 14 14 18 18 1C 20 24 24 24 20 1C 18 18 14 10 14 10 0C 0C 08 04 04 08 0C 0C 08 08 0C 0C 0C 00 00 00 04 08 04 04 08 08 00 
MBChangePalette gain(0.200000 0.200000 0.200000), offset(0.000000 0.000000 0.000000), sat(1.000000)
SetPalette
00 2C 28 28 24 20 20 20 24 24 24 24 24 24 24 24 24 20 1C 18 18 14 10 10 0C 0C 08 0C 0C 0C 0C 10 0C 0C 0C 0C 0C 08 08 08 0C 10 10 10 10 0C 0C 0C 08 08 08 0C 08 08 08 0C 00 0C 14 1C 20 20 20 20 
00 2C 2C 28 28 24 24 20 20 24 24 24 24 20 1C 1C 1C 18 18 18 14 14 10 10 0C 0C 10 10 14 14 14 10 0C 0C 0C 0C 08 08 0C 0C 0C 0C 0C 0C 08 08 08 0C 08 0C 0C 10 10 18 20 28 30 04 04 08 08 0C 08 04 
00 2C 30 30 30 30 2C 28 28 24 24 20 1C 1C 14 14 10 10 10 10 10 10 10 10 10 10 10 14 18 18 1C 1C 1C 18 14 14 14 10 0C 10 0C 0C 08 08 04 04 08 0C 08 08 08 08 0C 08 00 00 00 04 04 04 04 08 08 00 
MBChangePalette gain(0.133333 0.133333 0.133333), offset(0.000000 0.000000 0.000000), sat(1.000000)
SetPalette
00 1C 1C 1C 18 18 18 14 18 18 18 18 18 18 18 18 18 14 14 10 10 0C 0C 0C 08 08 08 08 08 08 08 0C 08 08 08 08 08 08 04 08 08 0C 0C 0C 0C 08 08 08 04 04 08 08 04 04 08 08 00 08 10 14 14 14 14 18 
00 1C 1C 1C 1C 18 18 18 18 18 18 18 18 14 14 14 14 10 10 10 0C 0C 0C 0C 08 08 0C 0C 0C 0C 0C 0C 08 08 08 08 08 08 08 08 08 08 08 08 08 08 04 08 08 08 08 0C 0C 10 18 1C 20 04 04 04 08 08 04 04 
00 20 20 20 20 20 20 1C 1C 18 18 18 14 14 10 0C 0C 0C 0C 0C 0C 0C 0C 0C 0C 0C 0C 0C 10 10 14 14 14 10 10 0C 0C 0C 08 0C 08 08 08 04 04 04 04 08 08 04 04 08 08 08 00 00 00 04 04 04 04 04 04 00 
MBChangePalette gain(0.066667 0.066667 0.066667), offset(0.000000 0.000000 0.000000), sat(1.000000)
SetPalette
00 10 10 10 0C 0C 0C 0C 0C 0C 0C 0C 0C 0C 0C 0C 0C 0C 0C 08 08 08 08 08 04 04 04 04 04 04 04 08 04 04 04 04 04 04 04 04 04 08 08 08 08 04 04 04 04 04 04 04 04 04 04 04 00 04 08 0C 0C 0C 0C 0C 
00 10 10 10 10 0C 0C 0C 0C 0C 0C 0C 0C 0C 0C 0C 0C 08 08 08 08 08 08 08 04 04 08 08 08 08 08 08 04 04 04 04 04 04 04 04 04 04 04 04 04 04 04 04 04 04 04 08 08 08 0C 10 10 04 04 04 04 04 04 04 
00 10 10 10 10 10 10 10 10 0C 0C 0C 0C 0C 08 08 08 08 08 08 08 08 08 08 08 08 08 08 08 08 0C 0C 0C 08 08 08 08 08 04 08 04 04 04 04 04 04 04 04 04 04 04 04 04 04 00 00 00 04 04 04 04 04 04 00 
MBChangePalette gain(0.000000 0.000000 0.000000), offset(0.000000 0.000000 0.000000), sat(1.000000)
MenusAndIntros_76930_mod/sub_7ADE0(x_BYTE_E29DE)
SetPalette
00 00 00 00 00 00 00 00 00 00 00 00 00 00 00 00 00 00 00 00 00 00 00 00 00 00 00 00 00 00 00 00 00 00 00 00 00 00 00 00 00 00 00 00 00 00 00 00 00 00 00 00 00 00 00 00 00 00 00 00 00 00 00 00 
00 00 00 00 00 00 00 00 00 00 00 00 00 00 00 00 00 00 00 00 00 00 00 00 00 00 00 00 00 00 00 00 00 00 00 00 00 00 00 00 00 00 00 00 00 00 00 00 00 00 00 00 00 00 00 00 00 00 00 00 00 00 00 00 
00 00 00 00 00 00 00 00 00 00 00 00 00 00 00 00 00 00 00 00 00 00 00 00 00 00 00 00 00 00 00 00 00 00 00 00 00 00 00 00 00 00 00 00 00 00 00 00 00 00 00 00 00 00 00 00 00 00 00 00 00 00 00 00 
SetPalette
00 00 00 00 00 00 00 00 00 00 00 00 00 00 00 00 00 00 00 00 00 00 00 00 00 00 00 00 00 00 00 00 00 00 00 00 00 00 00 00 00 00 00 00 00 00 00 00 00 00 00 00 00 00 00 00 00 00 00 00 00 00 00 00 
00 00 00 00 00 00 00 00 00 00 00 00 00 00 00 00 00 00 00 00 00 00 00 00 00 00 00 00 00 00 00 00 00 00 00 00 00 00 00 00 00 00 00 00 00 00 00 00 00 00 00 00 00 00 00 00 00 00 00 00 00 00 00 00 
00 00 00 00 00 00 00 00 00 00 00 00 00 00 00 00 00 00 00 00 00 00 00 00 00 00 00 00 00 00 00 00 00 00 00 00 00 00 00 00 00 00 00 00 00 00 00 00 00 00 00 00 00 00 00 00 00 00 00 00 00 00 00 00 
SetPalette
00 00 00 00 00 00 00 00 00 00 00 00 00 00 00 00 00 00 00 00 00 00 00 00 00 00 00 00 00 00 00 00 00 00 00 00 00 00 00 00 00 00 00 00 00 00 00 00 00 00 00 00 00 00 00 00 00 00 00 00 00 00 00 00 
00 00 00 00 00 00 00 00 00 00 00 00 00 00 00 00 00 00 00 00 00 00 00 00 00 00 00 00 00 00 00 00 00 00 00 00 00 00 00 00 00 00 00 00 00 00 00 00 00 00 00 00 00 00 00 00 00 00 00 00 00 00 00 00 
00 00 00 00 00 00 00 00 00 00 00 00 00 00 00 00 00 00 00 00 00 00 00 00 00 00 00 00 00 00 00 00 00 00 00 00 00 00 00 00 00 00 00 00 00 00 00 00 00 00 00 00 00 00 00 00 00 00 00 00 00 00 00 00 
sub_47FC0_load_screen_mod/sub_90B27_VGA_pal_fadein_fadeout_mod(0, 0x10u, 0)
SetPalette
00 00 00 00 00 00 00 00 00 00 00 00 00 00 00 00 00 00 00 00 00 00 00 00 00 00 00 00 00 00 00 00 00 00 00 00 00 00 00 00 00 00 00 00 00 00 00 00 00 00 00 00 00 00 00 00 00 00 00 00 00 00 00 00 
00 00 00 00 00 00 00 00 00 00 00 00 00 00 00 00 00 00 00 00 00 00 00 00 00 00 00 00 00 00 00 00 00 00 00 00 00 00 00 00 00 00 00 00 00 00 00 00 00 00 00 00 00 00 00 00 00 00 00 00 00 00 00 00 
00 00 00 00 00 00 00 00 00 00 00 00 00 00 00 00 00 00 00 00 00 00 00 00 00 00 00 00 00 00 00 00 00 00 00 00 00 00 00 00 00 00 00 00 00 00 00 00 00 00 00 00 00 00 00 00 00 00 00 00 00 00 00 00 
MBChangePalette gain(0.000000 0.000000 0.000000), offset(0.000000 0.000000 0.000000), sat(1.000000)
SetPalette
00 00 00 00 00 00 00 00 00 00 00 00 00 00 00 00 00 00 00 00 00 00 00 00 00 00 00 00 00 00 00 00 00 00 00 00 00 00 00 00 00 00 00 00 00 00 00 00 00 00 00 00 00 00 00 00 00 00 00 00 00 00 00 00 
00 00 00 00 00 00 00 00 00 00 00 00 00 00 00 00 00 00 00 00 00 00 00 00 00 00 00 00 00 00 00 00 00 00 00 00 00 00 00 00 00 00 00 00 00 00 00 00 00 00 00 00 00 00 00 00 00 00 00 00 00 00 00 00 
00 00 00 00 00 00 00 00 00 00 00 00 00 00 00 00 00 00 00 00 00 00 00 00 00 00 00 00 00 00 00 00 00 00 00 00 00 00 00 00 00 00 00 00 00 00 00 00 00 00 00 00 00 00 00 00 00 00 00 00 00 00 00 00 
MBChangePalette gain(0.000000 0.000000 0.000000), offset(0.000000 0.000000 0.000000), sat(1.000000)
SetPalette
00 00 00 00 00 00 00 00 00 00 00 00 00 00 00 00 00 00 00 00 00 00 00 00 00 00 00 00 00 00 00 00 00 00 00 00 00 00 00 00 00 00 00 00 00 00 00 00 00 00 00 00 00 00 00 00 00 00 00 00 00 00 00 00 
00 00 00 00 00 00 00 00 00 00 00 00 00 00 00 00 00 00 00 00 00 00 00 00 00 00 00 00 00 00 00 00 00 00 00 00 00 00 00 00 00 00 00 00 00 00 00 00 00 00 00 00 00 00 00 00 00 00 00 00 00 00 00 00 
00 00 00 00 00 00 00 00 00 00 00 00 00 00 00 00 00 00 00 00 00 00 00 00 00 00 00 00 00 00 00 00 00 00 00 00 00 00 00 00 00 00 00 00 00 00 00 00 00 00 00 00 00 00 00 00 00 00 00 00 00 00 00 00 
MBChangePalette gain(0.000000 0.000000 0.000000), offset(0.000000 0.000000 0.000000), sat(1.000000)
SetPalette
00 00 00 00 00 00 00 00 00 00 00 00 00 00 00 00 00 00 00 00 00 00 00 00 00 00 00 00 00 00 00 00 00 00 00 00 00 00 00 00 00 00 00 00 00 00 00 00 00 00 00 00 00 00 00 00 00 00 00 00 00 00 00 00 
00 00 00 00 00 00 00 00 00 00 00 00 00 00 00 00 00 00 00 00 00 00 00 00 00 00 00 00 00 00 00 00 00 00 00 00 00 00 00 00 00 00 00 00 00 00 00 00 00 00 00 00 00 00 00 00 00 00 00 00 00 00 00 00 
00 00 00 00 00 00 00 00 00 00 00 00 00 00 00 00 00 00 00 00 00 00 00 00 00 00 00 00 00 00 00 00 00 00 00 00 00 00 00 00 00 00 00 00 00 00 00 00 00 00 00 00 00 00 00 00 00 00 00 00 00 00 00 00 
MBChangePalette gain(0.000000 0.000000 0.000000), offset(0.000000 0.000000 0.000000), sat(1.000000)
SetPalette
00 00 00 00 00 00 00 00 00 00 00 00 00 00 00 00 00 00 00 00 00 00 00 00 00 00 00 00 00 00 00 00 00 00 00 00 00 00 00 00 00 00 00 00 00 00 00 00 00 00 00 00 00 00 00 00 00 00 00 00 00 00 00 00 
00 00 00 00 00 00 00 00 00 00 00 00 00 00 00 00 00 00 00 00 00 00 00 00 00 00 00 00 00 00 00 00 00 00 00 00 00 00 00 00 00 00 00 00 00 00 00 00 00 00 00 00 00 00 00 00 00 00 00 00 00 00 00 00 
00 00 00 00 00 00 00 00 00 00 00 00 00 00 00 00 00 00 00 00 00 00 00 00 00 00 00 00 00 00 00 00 00 00 00 00 00 00 00 00 00 00 00 00 00 00 00 00 00 00 00 00 00 00 00 00 00 00 00 00 00 00 00 00 
MBChangePalette gain(0.000000 0.000000 0.000000), offset(0.000000 0.000000 0.000000), sat(1.000000)
SetPalette
00 00 00 00 00 00 00 00 00 00 00 00 00 00 00 00 00 00 00 00 00 00 00 00 00 00 00 00 00 00 00 00 00 00 00 00 00 00 00 00 00 00 00 00 00 00 00 00 00 00 00 00 00 00 00 00 00 00 00 00 00 00 00 00 
00 00 00 00 00 00 00 00 00 00 00 00 00 00 00 00 00 00 00 00 00 00 00 00 00 00 00 00 00 00 00 00 00 00 00 00 00 00 00 00 00 00 00 00 00 00 00 00 00 00 00 00 00 00 00 00 00 00 00 00 00 00 00 00 
00 00 00 00 00 00 00 00 00 00 00 00 00 00 00 00 00 00 00 00 00 00 00 00 00 00 00 00 00 00 00 00 00 00 00 00 00 00 00 00 00 00 00 00 00 00 00 00 00 00 00 00 00 00 00 00 00 00 00 00 00 00 00 00 
MBChangePalette gain(0.000000 0.000000 0.000000), offset(0.000000 0.000000 0.000000), sat(1.000000)
SetPalette
00 00 00 00 00 00 00 00 00 00 00 00 00 00 00 00 00 00 00 00 00 00 00 00 00 00 00 00 00 00 00 00 00 00 00 00 00 00 00 00 00 00 00 00 00 00 00 00 00 00 00 00 00 00 00 00 00 00 00 00 00 00 00 00 
00 00 00 00 00 00 00 00 00 00 00 00 00 00 00 00 00 00 00 00 00 00 00 00 00 00 00 00 00 00 00 00 00 00 00 00 00 00 00 00 00 00 00 00 00 00 00 00 00 00 00 00 00 00 00 00 00 00 00 00 00 00 00 00 
00 00 00 00 00 00 00 00 00 00 00 00 00 00 00 00 00 00 00 00 00 00 00 00 00 00 00 00 00 00 00 00 00 00 00 00 00 00 00 00 00 00 00 00 00 00 00 00 00 00 00 00 00 00 00 00 00 00 00 00 00 00 00 00 
MBChangePalette gain(0.000000 0.000000 0.000000), offset(0.000000 0.000000 0.000000), sat(1.000000)
SetPalette
00 00 00 00 00 00 00 00 00 00 00 00 00 00 00 00 00 00 00 00 00 00 00 00 00 00 00 00 00 00 00 00 00 00 00 00 00 00 00 00 00 00 00 00 00 00 00 00 00 00 00 00 00 00 00 00 00 00 00 00 00 00 00 00 
00 00 00 00 00 00 00 00 00 00 00 00 00 00 00 00 00 00 00 00 00 00 00 00 00 00 00 00 00 00 00 00 00 00 00 00 00 00 00 00 00 00 00 00 00 00 00 00 00 00 00 00 00 00 00 00 00 00 00 00 00 00 00 00 
00 00 00 00 00 00 00 00 00 00 00 00 00 00 00 00 00 00 00 00 00 00 00 00 00 00 00 00 00 00 00 00 00 00 00 00 00 00 00 00 00 00 00 00 00 00 00 00 00 00 00 00 00 00 00 00 00 00 00 00 00 00 00 00 
MBChangePalette gain(0.000000 0.000000 0.000000), offset(0.000000 0.000000 0.000000), sat(1.000000)
SetPalette
00 00 00 00 00 00 00 00 00 00 00 00 00 00 00 00 00 00 00 00 00 00 00 00 00 00 00 00 00 00 00 00 00 00 00 00 00 00 00 00 00 00 00 00 00 00 00 00 00 00 00 00 00 00 00 00 00 00 00 00 00 00 00 00 
00 00 00 00 00 00 00 00 00 00 00 00 00 00 00 00 00 00 00 00 00 00 00 00 00 00 00 00 00 00 00 00 00 00 00 00 00 00 00 00 00 00 00 00 00 00 00 00 00 00 00 00 00 00 00 00 00 00 00 00 00 00 00 00 
00 00 00 00 00 00 00 00 00 00 00 00 00 00 00 00 00 00 00 00 00 00 00 00 00 00 00 00 00 00 00 00 00 00 00 00 00 00 00 00 00 00 00 00 00 00 00 00 00 00 00 00 00 00 00 00 00 00 00 00 00 00 00 00 
MBChangePalette gain(0.000000 0.000000 0.000000), offset(0.000000 0.000000 0.000000), sat(1.000000)
SetPalette
00 00 00 00 00 00 00 00 00 00 00 00 00 00 00 00 00 00 00 00 00 00 00 00 00 00 00 00 00 00 00 00 00 00 00 00 00 00 00 00 00 00 00 00 00 00 00 00 00 00 00 00 00 00 00 00 00 00 00 00 00 00 00 00 
00 00 00 00 00 00 00 00 00 00 00 00 00 00 00 00 00 00 00 00 00 00 00 00 00 00 00 00 00 00 00 00 00 00 00 00 00 00 00 00 00 00 00 00 00 00 00 00 00 00 00 00 00 00 00 00 00 00 00 00 00 00 00 00 
00 00 00 00 00 00 00 00 00 00 00 00 00 00 00 00 00 00 00 00 00 00 00 00 00 00 00 00 00 00 00 00 00 00 00 00 00 00 00 00 00 00 00 00 00 00 00 00 00 00 00 00 00 00 00 00 00 00 00 00 00 00 00 00 
MBChangePalette gain(0.000000 0.000000 0.000000), offset(0.000000 0.000000 0.000000), sat(1.000000)
SetPalette
00 00 00 00 00 00 00 00 00 00 00 00 00 00 00 00 00 00 00 00 00 00 00 00 00 00 00 00 00 00 00 00 00 00 00 00 00 00 00 00 00 00 00 00 00 00 00 00 00 00 00 00 00 00 00 00 00 00 00 00 00 00 00 00 
00 00 00 00 00 00 00 00 00 00 00 00 00 00 00 00 00 00 00 00 00 00 00 00 00 00 00 00 00 00 00 00 00 00 00 00 00 00 00 00 00 00 00 00 00 00 00 00 00 00 00 00 00 00 00 00 00 00 00 00 00 00 00 00 
00 00 00 00 00 00 00 00 00 00 00 00 00 00 00 00 00 00 00 00 00 00 00 00 00 00 00 00 00 00 00 00 00 00 00 00 00 00 00 00 00 00 00 00 00 00 00 00 00 00 00 00 00 00 00 00 00 00 00 00 00 00 00 00 
MBChangePalette gain(0.000000 0.000000 0.000000), offset(0.000000 0.000000 0.000000), sat(1.000000)
SetPalette
00 00 00 00 00 00 00 00 00 00 00 00 00 00 00 00 00 00 00 00 00 00 00 00 00 00 00 00 00 00 00 00 00 00 00 00 00 00 00 00 00 00 00 00 00 00 00 00 00 00 00 00 00 00 00 00 00 00 00 00 00 00 00 00 
00 00 00 00 00 00 00 00 00 00 00 00 00 00 00 00 00 00 00 00 00 00 00 00 00 00 00 00 00 00 00 00 00 00 00 00 00 00 00 00 00 00 00 00 00 00 00 00 00 00 00 00 00 00 00 00 00 00 00 00 00 00 00 00 
00 00 00 00 00 00 00 00 00 00 00 00 00 00 00 00 00 00 00 00 00 00 00 00 00 00 00 00 00 00 00 00 00 00 00 00 00 00 00 00 00 00 00 00 00 00 00 00 00 00 00 00 00 00 00 00 00 00 00 00 00 00 00 00 
MBChangePalette gain(0.000000 0.000000 0.000000), offset(0.000000 0.000000 0.000000), sat(1.000000)
SetPalette
00 00 00 00 00 00 00 00 00 00 00 00 00 00 00 00 00 00 00 00 00 00 00 00 00 00 00 00 00 00 00 00 00 00 00 00 00 00 00 00 00 00 00 00 00 00 00 00 00 00 00 00 00 00 00 00 00 00 00 00 00 00 00 00 
00 00 00 00 00 00 00 00 00 00 00 00 00 00 00 00 00 00 00 00 00 00 00 00 00 00 00 00 00 00 00 00 00 00 00 00 00 00 00 00 00 00 00 00 00 00 00 00 00 00 00 00 00 00 00 00 00 00 00 00 00 00 00 00 
00 00 00 00 00 00 00 00 00 00 00 00 00 00 00 00 00 00 00 00 00 00 00 00 00 00 00 00 00 00 00 00 00 00 00 00 00 00 00 00 00 00 00 00 00 00 00 00 00 00 00 00 00 00 00 00 00 00 00 00 00 00 00 00 
MBChangePalette gain(0.000000 0.000000 0.000000), offset(0.000000 0.000000 0.000000), sat(1.000000)
SetPalette
00 00 00 00 00 00 00 00 00 00 00 00 00 00 00 00 00 00 00 00 00 00 00 00 00 00 00 00 00 00 00 00 00 00 00 00 00 00 00 00 00 00 00 00 00 00 00 00 00 00 00 00 00 00 00 00 00 00 00 00 00 00 00 00 
00 00 00 00 00 00 00 00 00 00 00 00 00 00 00 00 00 00 00 00 00 00 00 00 00 00 00 00 00 00 00 00 00 00 00 00 00 00 00 00 00 00 00 00 00 00 00 00 00 00 00 00 00 00 00 00 00 00 00 00 00 00 00 00 
00 00 00 00 00 00 00 00 00 00 00 00 00 00 00 00 00 00 00 00 00 00 00 00 00 00 00 00 00 00 00 00 00 00 00 00 00 00 00 00 00 00 00 00 00 00 00 00 00 00 00 00 00 00 00 00 00 00 00 00 00 00 00 00 
MBChangePalette gain(0.000000 0.000000 0.000000), offset(0.000000 0.000000 0.000000), sat(1.000000)
SetPalette
00 00 00 00 00 00 00 00 00 00 00 00 00 00 00 00 00 00 00 00 00 00 00 00 00 00 00 00 00 00 00 00 00 00 00 00 00 00 00 00 00 00 00 00 00 00 00 00 00 00 00 00 00 00 00 00 00 00 00 00 00 00 00 00 
00 00 00 00 00 00 00 00 00 00 00 00 00 00 00 00 00 00 00 00 00 00 00 00 00 00 00 00 00 00 00 00 00 00 00 00 00 00 00 00 00 00 00 00 00 00 00 00 00 00 00 00 00 00 00 00 00 00 00 00 00 00 00 00 
00 00 00 00 00 00 00 00 00 00 00 00 00 00 00 00 00 00 00 00 00 00 00 00 00 00 00 00 00 00 00 00 00 00 00 00 00 00 00 00 00 00 00 00 00 00 00 00 00 00 00 00 00 00 00 00 00 00 00 00 00 00 00 00 
MBChangePalette gain(0.000000 0.000000 0.000000), offset(0.000000 0.000000 0.000000), sat(1.000000)
SetPalette
00 00 00 00 00 00 00 00 00 00 00 00 00 00 00 00 00 00 00 00 00 00 00 00 00 00 00 00 00 00 00 00 00 00 00 00 00 00 00 00 00 00 00 00 00 00 00 00 00 00 00 00 00 00 00 00 00 00 00 00 00 00 00 00 
00 00 00 00 00 00 00 00 00 00 00 00 00 00 00 00 00 00 00 00 00 00 00 00 00 00 00 00 00 00 00 00 00 00 00 00 00 00 00 00 00 00 00 00 00 00 00 00 00 00 00 00 00 00 00 00 00 00 00 00 00 00 00 00 
00 00 00 00 00 00 00 00 00 00 00 00 00 00 00 00 00 00 00 00 00 00 00 00 00 00 00 00 00 00 00 00 00 00 00 00 00 00 00 00 00 00 00 00 00 00 00 00 00 00 00 00 00 00 00 00 00 00 00 00 00 00 00 00 
MBChangePalette gain(0.000000 0.000000 0.000000), offset(0.000000 0.000000 0.000000), sat(1.000000)
sub_47FC0_load_screen_mod/sub_90B27_VGA_pal_fadein_fadeout_mod((TColor *)*xadatapald0dat2.colorPalette_var28, 0x20u, 0)
SetPalette
00 00 00 00 00 00 00 00 00 00 00 00 00 00 00 00 00 00 00 00 00 00 00 00 00 00 00 00 00 00 00 00 00 00 00 00 00 00 00 00 00 00 00 00 00 00 00 00 00 00 00 00 00 00 00 00 00 00 00 00 00 00 00 00 
00 00 00 00 00 00 00 00 00 00 00 00 00 00 00 00 00 00 00 00 00 00 00 00 00 00 00 00 00 00 00 00 00 00 00 00 00 00 00 00 00 00 00 00 00 00 00 00 00 00 00 00 00 00 00 00 00 00 00 00 00 00 00 00 
00 00 00 00 00 00 00 00 00 00 00 00 00 00 00 00 00 00 00 00 00 00 00 00 00 00 00 00 00 00 00 00 00 00 00 00 00 00 00 00 00 00 00 00 00 00 00 00 00 00 00 00 00 00 00 00 00 00 00 00 00 00 00 00 
MBChangePalette gain(0.000000 0.000000 0.000000), offset(0.000000 0.000000 0.000000), sat(1.000000)
SetPalette
00 00 00 00 00 00 00 00 00 00 00 00 00 00 00 00 00 00 00 00 00 00 00 00 00 00 00 00 00 00 00 00 00 00 00 00 00 00 00 00 00 00 00 00 00 00 00 00 00 00 00 00 00 04 04 00 00 00 00 04 04 04 04 04 
00 00 00 00 00 00 00 00 00 00 00 00 00 00 00 00 00 00 00 00 00 00 00 00 00 00 00 00 00 00 00 00 00 00 00 00 00 00 00 00 00 00 00 00 00 00 00 00 00 00 00 00 00 00 00 00 00 00 00 00 00 00 00 00 
00 00 00 00 00 00 00 00 00 00 00 00 00 00 00 00 00 00 00 00 00 00 00 00 00 00 00 00 00 00 00 00 00 00 00 00 00 00 00 00 00 00 00 00 00 00 00 00 00 00 00 00 00 00 00 00 00 00 00 00 00 00 00 00 
MBChangePalette gain(0.032258 0.032258 0.032258), offset(0.000000 0.000000 0.000000), sat(1.000000)
SetPalette
00 00 04 00 00 00 00 00 00 00 00 00 00 00 00 00 00 00 00 00 00 00 00 00 00 00 00 00 00 00 00 00 00 00 00 00 00 00 04 04 04 04 04 04 04 04 04 04 04 04 04 04 04 08 08 04 04 04 04 08 08 08 08 08 
00 00 00 00 00 00 00 00 00 00 00 00 00 00 00 00 00 00 00 00 00 00 00 00 00 00 00 00 00 00 00 00 00 00 00 00 00 04 04 04 00 00 00 00 00 00 00 00 00 00 00 00 00 00 04 04 04 04 04 04 04 04 04 04 
00 00 00 00 00 00 00 00 00 00 00 00 00 00 00 00 00 00 00 00 00 00 00 00 00 00 00 00 00 00 00 00 00 00 00 00 00 00 00 00 00 00 00 00 00 00 00 00 00 00 00 00 00 00 00 00 00 00 00 00 00 00 00 00 
MBChangePalette gain(0.064516 0.064516 0.064516), offset(0.000000 0.000000 0.000000), sat(1.000000)
SetPalette
00 00 04 00 00 00 00 00 00 00 00 00 00 00 00 00 00 00 00 00 00 00 00 04 04 00 04 04 04 04 00 00 00 00 00 00 04 04 04 04 04 08 08 08 08 08 08 08 08 08 08 08 08 0C 0C 08 08 08 08 0C 0C 0C 0C 0C 
00 00 00 00 00 00 00 00 00 00 00 00 00 00 00 00 00 00 00 00 00 00 00 00 00 00 00 00 00 00 00 00 00 00 00 04 04 04 04 04 04 04 04 04 04 04 04 00 04 04 04 04 04 04 04 04 04 08 08 08 08 04 04 04 
00 00 00 00 00 00 00 00 00 00 00 00 00 00 00 00 00 00 00 00 00 00 00 00 00 00 00 00 00 00 00 00 00 00 00 00 00 00 00 04 00 00 00 00 00 00 04 00 00 00 00 00 00 00 00 00 00 00 04 04 04 04 04 04 
MBChangePalette gain(0.096774 0.096774 0.096774), offset(0.000000 0.000000 0.000000), sat(1.000000)
SetPalette
00 00 08 00 00 00 00 00 04 04 04 04 04 04 04 00 00 00 00 00 00 04 04 04 04 04 04 04 04 04 04 04 00 00 04 04 04 04 08 08 08 08 0C 08 0C 0C 0C 0C 0C 0C 0C 0C 0C 10 10 0C 0C 0C 0C 10 10 10 10 10 
00 00 00 00 00 00 00 00 00 00 00 00 00 00 00 00 00 00 00 00 00 00 00 00 00 00 00 04 04 04 04 00 00 04 04 04 04 08 08 08 04 04 04 04 04 04 04 04 04 04 04 04 04 04 08 08 08 08 0C 0C 08 08 08 08 
00 00 00 00 00 00 00 00 00 00 00 00 00 00 00 00 00 00 00 00 00 00 00 00 00 04 04 04 04 04 04 00 04 00 00 04 04 04 04 04 04 04 04 04 04 04 04 04 04 04 04 04 04 04 04 04 04 04 04 04 04 04 04 04 
MBChangePalette gain(0.129032 0.129032 0.129032), offset(0.000000 0.000000 0.000000), sat(1.000000)
SetPalette
00 00 08 00 00 00 00 04 04 04 04 04 04 04 04 04 00 00 00 00 00 04 04 04 04 04 04 04 04 04 04 04 04 04 04 04 08 04 08 08 08 0C 0C 0C 0C 10 10 10 10 10 10 10 10 14 14 10 10 10 10 14 14 14 14 14 
00 00 00 00 00 00 00 00 00 00 00 00 00 00 00 00 00 00 00 00 00 00 00 00 00 04 04 04 04 04 04 00 00 04 04 08 08 08 08 08 08 08 08 04 04 04 04 04 04 08 08 08 08 08 08 08 08 0C 0C 10 0C 08 08 08 
00 00 00 00 00 00 00 00 00 00 00 00 00 00 00 00 00 00 00 00 00 00 00 00 00 04 04 04 04 04 04 04 04 04 00 04 04 04 04 04 04 04 04 04 04 04 04 04 04 04 04 04 04 04 04 04 04 04 04 04 04 04 08 08 
MBChangePalette gain(0.161290 0.161290 0.161290), offset(0.000000 0.000000 0.000000), sat(1.000000)
SetPalette
00 00 0C 00 00 04 04 04 04 04 04 04 04 04 04 04 00 00 00 04 04 04 04 08 08 04 08 08 08 08 04 04 04 04 04 04 08 08 0C 0C 0C 10 10 10 10 10 14 10 14 14 14 14 14 18 18 14 14 14 14 18 18 18 18 18 
00 00 00 00 00 00 00 00 00 00 00 00 00 00 00 00 00 00 00 00 04 00 00 00 04 04 04 04 04 04 04 04 04 04 04 08 08 0C 0C 0C 08 08 08 08 08 08 08 04 08 08 08 08 08 08 0C 0C 0C 10 10 10 10 0C 0C 0C 
00 00 00 00 00 00 00 00 00 00 00 00 00 00 00 00 00 00 00 00 00 00 00 00 04 04 04 04 04 04 04 04 04 04 04 04 04 04 04 08 04 04 04 04 04 04 08 04 04 04 04 04 04 04 04 04 04 04 08 08 08 08 08 08 
MBChangePalette gain(0.193548 0.193548 0.193548), offset(0.000000 0.000000 0.000000), sat(1.000000)
SetPalette
00 00 0C 00 00 04 04 04 04 04 04 08 08 08 04 04 00 04 04 04 04 04 08 08 08 08 08 08 08 08 08 04 04 04 04 08 08 08 0C 10 10 14 14 14 14 14 14 14 18 18 18 18 18 1C 1C 18 18 18 18 1C 1C 1C 1C 1C 
00 00 00 00 00 00 00 00 00 00 00 00 00 00 00 00 00 00 00 04 04 00 00 04 04 04 04 04 08 08 04 04 04 04 08 0C 0C 0C 0C 10 0C 0C 0C 08 08 08 08 08 08 08 0C 08 0C 0C 0C 0C 0C 10 14 14 14 10 10 0C 
00 00 00 00 00 00 00 00 00 00 00 00 00 00 00 00 00 00 00 04 00 04 00 00 04 04 04 04 08 08 04 04 04 04 04 04 08 08 08 08 08 08 08 08 08 08 08 04 04 08 04 08 04 04 08 08 08 08 08 08 08 08 08 08 
MBChangePalette gain(0.225806 0.225806 0.225806), offset(0.000000 0.000000 0.000000), sat(1.000000)
SetPalette
00 00 10 04 04 04 04 04 08 08 08 08 08 08 08 04 04 04 04 04 04 08 08 0C 08 08 0C 0C 0C 08 08 08 04 04 08 08 0C 0C 10 10 10 14 18 14 18 18 18 18 1C 1C 1C 1C 1C 20 20 1C 1C 1C 1C 20 20 20 20 20 
00 00 04 00 00 00 00 00 00 00 00 00 00 00 00 00 00 04 04 04 04 04 04 04 04 04 04 08 08 08 08 04 04 08 08 0C 0C 10 10 10 0C 0C 0C 0C 0C 0C 08 08 08 0C 0C 0C 0C 0C 10 10 10 14 18 18 14 10 10 10 
00 00 00 00 00 00 00 00 00 00 00 00 00 00 00 00 00 00 04 04 04 04 04 04 04 08 08 08 08 08 08 04 08 04 04 08 08 08 08 08 08 08 08 08 08 08 08 08 08 08 08 08 08 08 08 08 08 08 08 08 08 08 0C 0C 
MBChangePalette gain(0.258065 0.258065 0.258065), offset(0.000000 0.000000 0.000000), sat(1.000000)
SetPalette
00 00 10 04 04 04 04 04 08 08 08 08 08 08 08 04 04 04 04 04 04 08 08 0C 0C 08 0C 0C 0C 0C 08 08 04 04 08 08 0C 0C 10 14 14 18 18 18 1C 1C 1C 1C 1C 1C 20 20 20 24 24 20 20 20 20 24 24 24 24 24 
00 00 04 00 00 00 00 00 00 00 00 00 00 00 00 00 00 04 04 04 04 04 04 04 04 04 04 08 08 08 08 04 04 08 08 0C 0C 10 10 14 10 10 10 0C 0C 0C 0C 08 0C 0C 0C 0C 0C 10 10 10 14 18 1C 1C 18 14 14 10 
00 00 00 00 00 00 00 00 00 00 00 00 00 00 00 00 00 00 04 04 04 04 04 04 04 08 08 08 08 08 08 04 08 04 04 08 08 08 08 0C 08 08 08 08 08 08 0C 08 08 08 08 08 08 08 08 08 08 08 0C 0C 0C 0C 0C 0C 
MBChangePalette gain(0.290323 0.290323 0.290323), offset(0.000000 0.000000 0.000000), sat(1.000000)
SetPalette
00 00 14 04 04 04 04 08 08 08 08 0C 0C 0C 08 08 04 04 04 04 04 08 0C 0C 0C 0C 0C 0C 0C 0C 0C 08 08 08 08 0C 10 0C 14 14 14 1C 1C 1C 1C 20 20 20 20 20 24 24 24 28 28 24 24 24 24 28 28 28 28 28 
00 00 04 00 00 00 00 00 00 00 00 00 00 00 00 00 00 04 04 04 04 04 04 04 04 08 08 08 0C 0C 08 04 04 08 0C 10 10 14 14 14 10 10 10 0C 0C 0C 0C 0C 0C 10 10 10 10 10 14 14 14 18 1C 20 1C 14 14 14 
00 00 00 00 00 00 00 00 00 00 00 00 00 00 00 00 00 00 04 04 04 04 04 04 04 08 08 08 0C 0C 08 08 08 08 04 08 0C 0C 0C 0C 0C 0C 0C 0C 0C 0C 0C 08 08 0C 08 0C 08 08 0C 0C 0C 0C 0C 0C 0C 0C 10 10 
MBChangePalette gain(0.322581 0.322581 0.322581), offset(0.000000 0.000000 0.000000), sat(1.000000)
SetPalette
00 00 14 04 04 08 08 08 08 08 0C 0C 0C 0C 0C 08 04 04 04 08 08 08 0C 10 0C 0C 10 10 10 0C 0C 08 08 08 0C 0C 10 10 14 18 18 1C 20 1C 20 20 24 20 24 24 24 28 28 2C 2C 28 24 24 28 2C 2C 2C 2C 2C 
00 00 04 00 00 00 00 00 00 00 00 00 00 00 00 00 00 04 04 04 08 04 04 04 08 08 08 0C 0C 0C 0C 08 08 08 0C 10 10 14 14 18 14 14 14 10 10 10 0C 0C 0C 10 10 10 10 14 14 14 18 1C 20 20 1C 18 18 14 
00 00 00 00 00 00 00 00 00 00 00 00 00 00 00 00 00 04 04 04 04 04 04 04 08 08 08 0C 0C 0C 0C 08 08 08 08 0C 0C 0C 0C 0C 0C 0C 0C 0C 0C 0C 0C 0C 0C 0C 0C 0C 0C 0C 0C 0C 0C 0C 0C 0C 0C 0C 10 10 
MBChangePalette gain(0.354839 0.354839 0.354839), offset(0.000000 0.000000 0.000000), sat(1.000000)
SetPalette
00 00 18 04 04 08 08 08 0C 0C 0C 0C 0C 0C 0C 08 04 04 04 08 08 0C 0C 10 10 0C 10 10 10 10 0C 0C 08 08 0C 0C 10 10 18 1C 1C 20 24 20 24 24 28 24 28 28 28 2C 2C 30 30 2C 28 28 2C 30 30 30 30 30 
00 00 04 00 00 00 00 00 00 00 00 00 00 00 00 00 00 04 04 04 08 04 04 04 08 08 08 0C 0C 0C 0C 08 08 0C 0C 14 14 18 18 1C 14 14 14 10 10 10 10 0C 10 10 14 10 14 14 18 18 18 20 24 24 20 1C 1C 18 
00 00 00 00 00 00 00 00 00 00 00 00 00 00 00 00 00 04 04 04 04 04 04 04 08 0C 0C 0C 0C 0C 0C 08 0C 08 08 0C 0C 0C 0C 10 0C 0C 0C 0C 0C 0C 10 0C 0C 0C 0C 0C 0C 0C 0C 0C 0C 0C 10 10 10 10 10 10 
MBChangePalette gain(0.387097 0.387097 0.387097), offset(0.000000 0.000000 0.000000), sat(1.000000)
SetPalette
00 00 18 04 04 08 08 08 0C 0C 0C 10 10 10 0C 08 04 08 08 08 08 0C 10 10 10 10 10 10 10 10 10 0C 08 08 0C 10 14 10 18 1C 1C 24 24 24 28 28 28 28 2C 2C 2C 30 30 34 34 30 2C 2C 30 34 34 34 34 34 
00 00 04 00 00 00 00 00 00 00 00 00 00 00 00 00 00 04 04 08 08 04 04 08 08 08 08 0C 10 10 0C 08 08 0C 10 14 14 18 18 1C 18 18 18 10 10 10 10 10 10 14 14 14 14 18 18 18 1C 20 28 28 24 1C 1C 18 
00 00 00 00 00 00 00 00 00 00 00 00 00 00 00 00 00 04 04 08 04 08 04 04 08 0C 0C 0C 10 10 0C 08 0C 08 08 0C 10 10 10 10 10 10 10 10 10 10 10 0C 0C 10 0C 10 0C 0C 10 10 10 10 10 10 10 10 14 14 
MBChangePalette gain(0.419355 0.419355 0.419355), offset(0.000000 0.000000 0.000000), sat(1.000000)
SetPalette
00 00 1C 04 04 08 08 0C 0C 0C 0C 10 10 10 0C 0C 04 08 08 08 08 0C 10 14 10 10 14 14 14 10 10 0C 0C 0C 0C 10 14 14 1C 20 20 28 28 28 28 2C 2C 2C 30 30 30 34 34 38 38 34 30 30 34 38 38 38 38 38 
00 00 04 00 00 00 00 00 00 00 00 00 00 00 00 00 00 04 04 08 08 04 04 08 08 0C 0C 0C 10 10 0C 08 08 0C 10 18 18 1C 1C 20 18 18 18 14 14 14 10 10 10 14 18 14 18 18 1C 1C 1C 24 28 2C 28 20 20 1C 
00 00 00 00 00 00 00 00 00 00 00 00 00 00 00 00 00 04 04 08 04 08 04 04 08 0C 0C 0C 10 10 0C 0C 0C 0C 08 0C 10 10 10 10 10 10 10 10 10 10 10 0C 0C 10 0C 10 0C 0C 10 10 10 10 10 10 10 10 14 14 
MBChangePalette gain(0.451613 0.451613 0.451613), offset(0.000000 0.000000 0.000000), sat(1.000000)
SetPalette
00 00 1C 04 04 08 08 0C 0C 0C 10 10 10 10 10 0C 04 08 08 08 08 0C 10 14 14 10 14 14 14 14 10 0C 0C 0C 10 10 18 14 1C 20 20 28 2C 28 2C 30 30 30 34 34 34 38 38 3C 3C 38 34 34 38 3C 3C 3C 3C 3C 
00 00 04 00 00 00 00 00 00 00 00 00 00 00 00 00 00 04 04 08 08 04 04 08 08 0C 0C 10 10 10 10 08 08 0C 10 18 18 1C 1C 20 1C 1C 1C 14 14 14 14 10 14 18 18 18 18 1C 1C 1C 20 28 2C 30 28 20 20 1C 
00 00 00 00 00 00 00 00 00 00 00 00 00 00 00 00 00 04 04 08 04 08 04 04 08 0C 0C 10 10 10 10 0C 0C 0C 08 10 10 10 10 14 10 10 10 10 10 10 14 10 10 10 10 10 10 10 10 10 10 10 14 14 14 14 18 18 
MBChangePalette gain(0.483871 0.483871 0.483871), offset(0.000000 0.000000 0.000000), sat(1.000000)
SetPalette
00 04 20 08 08 0C 0C 0C 10 10 10 14 14 14 10 0C 08 08 08 0C 0C 10 14 18 14 14 18 18 18 14 14 10 0C 0C 10 14 18 18 20 24 24 2C 30 2C 30 34 34 34 38 38 38 3C 3C 40 40 3C 38 38 3C 40 40 40 44 40 
00 00 08 00 00 00 00 04 04 00 00 00 00 04 04 04 04 08 08 08 0C 08 08 08 0C 0C 0C 10 14 14 10 0C 0C 10 14 1C 1C 20 20 24 1C 1C 1C 18 18 18 14 14 14 18 1C 18 1C 1C 20 20 24 2C 30 34 2C 24 24 20 
00 00 04 04 00 00 04 04 04 04 00 00 04 00 00 00 04 04 08 08 08 08 08 08 0C 10 10 10 14 14 10 0C 10 0C 0C 10 14 14 14 14 14 14 14 14 14 14 14 10 10 14 10 14 10 10 14 14 14 14 14 14 14 14 18 18 
MBChangePalette gain(0.516129 0.516129 0.516129), offset(0.000000 0.000000 0.000000), sat(1.000000)
SetPalette
00 04 20 08 08 0C 0C 0C 10 10 10 14 14 14 10 0C 08 08 08 0C 0C 10 14 18 14 14 18 18 18 14 14 10 0C 0C 10 14 18 18 20 28 28 30 30 30 34 34 38 34 38 38 3C 3C 40 44 44 40 3C 3C 3C 44 44 44 48 44 
00 00 08 00 00 00 00 04 04 00 00 00 00 04 04 04 04 08 08 08 0C 08 08 08 0C 0C 0C 10 14 14 10 0C 0C 10 14 1C 1C 24 24 28 1C 1C 1C 18 18 18 14 14 14 18 1C 18 1C 1C 20 20 24 2C 34 34 30 28 28 24 
00 00 04 04 00 00 04 04 04 04 00 00 04 00 00 00 04 04 08 08 08 08 08 08 0C 10 10 10 14 14 10 0C 10 0C 0C 10 14 14 14 14 14 14 14 14 14 14 14 10 10 14 10 14 10 10 14 14 14 14 14 14 14 14 18 18 
MBChangePalette gain(0.548387 0.548387 0.548387), offset(0.000000 0.000000 0.000000), sat(1.000000)
SetPalette
00 04 24 08 08 0C 0C 0C 10 10 14 14 14 14 14 0C 08 08 08 0C 0C 10 14 18 18 14 18 18 18 18 14 10 0C 0C 14 14 1C 18 24 28 28 30 34 30 38 38 3C 38 3C 3C 40 40 44 48 48 44 40 40 40 48 48 48 4C 48 
00 00 08 00 00 00 00 04 04 00 00 00 00 04 04 04 04 08 08 08 0C 08 08 08 0C 0C 0C 14 14 14 14 0C 0C 10 14 1C 1C 24 24 28 20 20 20 18 18 18 18 14 18 1C 1C 1C 1C 20 24 24 28 30 38 38 30 28 28 24 
00 00 04 04 00 00 04 04 04 04 00 00 04 00 00 00 04 04 08 08 08 08 08 08 0C 10 10 14 14 14 14 0C 10 0C 0C 14 14 14 14 18 14 14 14 14 14 14 18 14 14 14 14 14 14 14 14 14 14 14 18 18 18 18 1C 1C 
MBChangePalette gain(0.580645 0.580645 0.580645), offset(0.000000 0.000000 0.000000), sat(1.000000)
SetPalette
00 04 24 08 08 0C 0C 10 10 10 14 14 14 14 14 10 08 08 08 0C 0C 10 14 1C 18 14 1C 1C 1C 18 14 10 10 10 14 14 1C 1C 24 2C 2C 34 38 34 38 3C 40 3C 40 40 44 44 48 4C 4C 48 44 44 44 4C 4C 4C 50 4C 
00 00 08 00 00 00 00 04 04 00 00 00 00 04 04 04 04 08 08 08 0C 08 08 08 0C 10 10 14 14 14 14 0C 0C 10 14 20 20 28 28 2C 20 20 20 1C 1C 1C 18 14 18 1C 20 1C 20 20 24 24 28 34 38 3C 34 2C 2C 28 
00 00 04 04 00 00 04 04 04 04 00 00 04 00 00 00 04 04 08 08 08 08 08 08 0C 10 10 14 14 14 14 10 10 10 0C 14 14 14 14 18 14 14 14 14 14 14 18 14 14 14 14 14 14 14 14 14 14 14 18 18 18 18 1C 1C 
MBChangePalette gain(0.612903 0.612903 0.612903), offset(0.000000 0.000000 0.000000), sat(1.000000)
SetPalette
00 04 28 08 08 0C 0C 10 14 14 14 18 18 18 14 10 08 0C 0C 0C 0C 14 18 1C 18 18 1C 1C 1C 18 18 14 10 10 14 18 20 1C 28 2C 2C 38 3C 38 3C 40 40 40 44 44 48 48 4C 50 50 4C 48 48 48 50 50 50 54 50 
00 00 08 00 00 00 00 04 04 00 00 00 00 04 04 04 04 08 08 0C 0C 08 08 0C 0C 10 10 14 18 18 14 0C 0C 14 18 20 20 28 28 2C 24 24 24 1C 1C 1C 18 18 18 20 20 20 20 24 28 28 2C 34 3C 40 38 2C 2C 28 
00 00 04 04 00 00 04 04 04 04 00 00 04 00 00 00 04 04 08 0C 08 0C 08 08 0C 14 14 14 18 18 14 10 14 10 0C 14 18 18 18 18 18 18 18 18 18 18 18 14 14 18 14 18 14 14 18 18 18 18 18 18 18 18 20 20 
MBChangePalette gain(0.645161 0.645161 0.645161), offset(0.000000 0.000000 0.000000), sat(1.000000)
SetPalette
00 04 28 08 08 0C 0C 10 14 14 14 18 18 18 14 10 08 0C 0C 0C 0C 14 18 1C 1C 18 1C 1C 1C 1C 18 14 10 10 14 18 20 1C 28 30 30 3C 3C 3C 40 44 44 44 48 48 4C 4C 50 54 54 50 4C 4C 4C 54 54 54 58 54 
00 00 08 00 00 00 00 04 04 00 00 00 00 04 04 04 04 08 08 0C 0C 08 08 0C 0C 10 10 14 18 18 14 0C 0C 14 18 24 24 2C 2C 30 24 24 24 1C 1C 1C 1C 18 1C 20 24 20 24 24 28 28 2C 38 40 44 3C 30 30 2C 
00 00 04 04 00 00 04 04 04 04 00 00 04 00 00 00 04 04 08 0C 08 0C 08 08 0C 14 14 14 18 18 14 10 14 10 0C 14 18 18 18 1C 18 18 18 18 18 18 1C 14 14 18 14 18 14 14 18 18 18 18 1C 1C 1C 1C 20 20 
MBChangePalette gain(0.677419 0.677419 0.677419), offset(0.000000 0.000000 0.000000), sat(1.000000)
SetPalette
00 04 2C 08 08 10 10 10 14 14 18 18 18 18 18 10 08 0C 0C 10 10 14 18 20 1C 18 20 20 20 1C 18 14 10 10 18 18 20 20 2C 34 34 3C 40 3C 44 44 48 44 4C 4C 4C 50 54 58 58 54 4C 4C 50 58 58 58 5C 58 
00 00 08 00 00 00 00 04 04 00 00 00 00 04 04 04 04 08 08 0C 10 08 08 0C 10 10 10 18 18 18 18 10 10 14 18 24 24 2C 2C 34 28 28 28 20 20 20 1C 18 1C 20 24 20 24 28 2C 2C 30 3C 44 44 3C 34 34 2C 
00 00 04 04 00 00 04 04 04 04 00 00 04 00 00 00 04 08 08 0C 08 0C 08 08 10 14 14 18 18 18 18 10 14 10 10 18 18 18 18 1C 18 18 18 18 18 18 1C 18 18 18 18 18 18 18 18 18 18 18 1C 1C 1C 1C 20 20 
MBChangePalette gain(0.709677 0.709677 0.709677), offset(0.000000 0.000000 0.000000), sat(1.000000)
SetPalette
00 04 2C 08 08 10 10 14 14 14 18 1C 1C 1C 18 14 08 0C 0C 10 10 14 1C 20 1C 1C 20 20 20 1C 1C 14 14 14 18 1C 24 20 2C 34 34 40 44 40 44 48 4C 48 50 50 50 54 58 5C 5C 58 50 50 54 5C 5C 5C 60 5C 
00 00 08 00 00 00 00 04 04 00 00 00 00 04 04 04 04 08 08 0C 10 08 08 0C 10 14 14 18 1C 1C 18 10 10 14 1C 28 28 30 30 34 28 28 28 20 20 20 1C 1C 1C 24 28 24 28 28 2C 2C 30 3C 44 48 40 34 34 30 
00 00 04 04 00 00 04 04 04 04 00 00 04 00 00 00 04 08 08 0C 08 0C 08 08 10 14 14 18 1C 1C 18 14 14 14 10 18 1C 1C 1C 1C 1C 1C 1C 1C 1C 1C 1C 18 18 1C 18 1C 18 18 1C 1C 1C 1C 1C 1C 1C 1C 24 24 
MBChangePalette gain(0.741935 0.741935 0.741935), offset(0.000000 0.000000 0.000000), sat(1.000000)
SetPalette
00 04 30 0C 0C 10 10 14 18 18 18 1C 1C 1C 18 14 0C 0C 0C 10 10 18 1C 24 20 1C 24 24 24 20 1C 18 14 14 18 1C 24 24 30 38 38 44 48 44 48 4C 50 4C 54 54 54 58 5C 60 60 5C 54 54 58 60 60 60 64 60 
00 00 0C 00 00 00 00 04 04 00 00 00 00 04 04 04 04 0C 0C 0C 10 0C 0C 0C 10 14 14 18 1C 1C 18 10 10 18 1C 28 28 30 30 38 2C 2C 2C 24 24 24 20 1C 20 24 28 24 28 2C 30 30 34 40 48 4C 44 38 38 30 
00 00 04 04 00 00 04 04 04 04 00 00 04 00 00 00 04 08 0C 0C 0C 0C 0C 0C 10 18 18 18 1C 1C 18 14 18 14 10 18 1C 1C 1C 20 1C 1C 1C 1C 1C 1C 20 18 18 1C 18 1C 18 18 1C 1C 1C 1C 20 20 20 20 24 24 
MBChangePalette gain(0.774194 0.774194 0.774194), offset(0.000000 0.000000 0.000000), sat(1.000000)
SetPalette
00 04 30 0C 0C 10 10 14 18 18 1C 1C 1C 1C 1C 14 0C 0C 0C 10 10 18 1C 24 20 1C 24 24 24 20 1C 18 14 14 1C 1C 28 24 30 38 38 44 48 44 4C 50 54 50 54 54 58 5C 60 64 64 60 58 58 5C 64 64 64 68 64 
00 00 0C 00 00 00 00 04 04 00 00 00 00 04 04 04 04 0C 0C 0C 10 0C 0C 0C 10 14 14 1C 1C 1C 1C 10 10 18 1C 28 28 34 34 38 2C 2C 2C 24 24 24 20 1C 20 28 28 28 28 2C 30 30 38 44 4C 50 44 38 38 34 
00 00 04 04 00 00 04 04 04 04 00 00 04 00 00 00 04 08 0C 0C 0C 0C 0C 0C 10 18 18 1C 1C 1C 1C 14 18 14 10 1C 1C 1C 1C 20 1C 1C 1C 1C 1C 1C 20 1C 1C 1C 1C 1C 1C 1C 1C 1C 1C 1C 20 20 20 20 28 28 
MBChangePalette gain(0.806452 0.806452 0.806452), offset(0.000000 0.000000 0.000000), sat(1.000000)
SetPalette
00 04 34 0C 0C 10 10 14 18 18 1C 20 20 20 1C 14 0C 10 10 10 10 18 20 24 20 20 24 24 24 20 20 18 14 14 1C 20 28 24 34 3C 3C 48 4C 48 50 54 54 54 58 58 5C 60 64 68 68 64 5C 5C 60 68 68 68 6C 68 
00 00 0C 00 00 00 00 04 04 00 00 00 00 04 04 04 04 0C 0C 10 10 0C 0C 10 10 14 14 1C 20 20 1C 10 10 18 20 2C 2C 34 34 3C 30 30 30 24 24 24 20 20 20 28 2C 28 2C 30 34 34 38 44 50 54 48 3C 3C 34 
00 00 04 04 00 00 04 04 04 04 00 00 04 00 00 00 04 08 0C 10 0C 10 0C 0C 10 18 18 1C 20 20 1C 14 18 14 10 1C 20 20 20 20 20 20 20 20 20 20 20 1C 1C 20 1C 20 1C 1C 20 20 20 20 20 20 20 20 28 28 
MBChangePalette gain(0.838710 0.838710 0.838710), offset(0.000000 0.000000 0.000000), sat(1.000000)
SetPalette
00 04 34 0C 0C 14 14 14 18 18 1C 20 20 20 1C 14 0C 10 10 14 14 18 20 28 24 20 28 28 28 24 20 18 14 14 1C 20 28 28 34 40 40 4C 50 4C 54 54 58 54 5C 5C 60 64 68 6C 6C 68 60 60 64 6C 6C 6C 70 6C 
00 00 0C 00 00 00 00 04 04 00 00 00 00 04 04 04 04 0C 0C 10 14 0C 0C 10 14 14 14 1C 20 20 1C 14 14 18 20 2C 2C 38 38 40 30 30 30 28 28 28 24 20 24 28 2C 28 2C 30 34 34 3C 48 54 54 4C 40 40 38 
00 00 04 04 00 00 04 04 04 04 00 00 04 00 00 00 04 08 0C 10 0C 10 0C 0C 14 18 18 1C 20 20 1C 14 18 14 14 1C 20 20 20 24 20 20 20 20 20 20 24 1C 1C 20 1C 20 1C 1C 20 20 20 20 24 24 24 24 28 28 
MBChangePalette gain(0.870968 0.870968 0.870968), offset(0.000000 0.000000 0.000000), sat(1.000000)
SetPalette
00 04 38 0C 0C 14 14 18 1C 1C 1C 20 20 20 1C 18 0C 10 10 14 14 1C 20 28 24 20 28 28 28 24 20 1C 18 18 1C 20 2C 28 38 40 40 50 54 50 54 58 5C 58 60 60 64 68 6C 70 70 6C 64 64 68 70 70 70 74 70 
00 00 0C 00 00 00 00 04 04 00 00 00 00 04 04 04 04 0C 0C 10 14 0C 0C 10 14 18 18 1C 20 20 1C 14 14 1C 20 30 30 38 38 40 34 34 34 28 28 28 24 20 24 2C 30 2C 30 34 38 38 3C 4C 54 58 50 40 40 38 
00 00 04 04 00 00 04 04 04 04 00 00 04 00 00 00 04 08 0C 10 0C 10 0C 0C 14 1C 1C 1C 20 20 1C 18 1C 18 14 1C 20 20 20 24 20 20 20 20 20 20 24 1C 1C 20 1C 20 1C 1C 20 20 20 20 24 24 24 24 2C 2C 
MBChangePalette gain(0.903226 0.903226 0.903226), offset(0.000000 0.000000 0.000000), sat(1.000000)
SetPalette
00 04 38 0C 0C 14 14 18 1C 1C 20 24 24 24 20 18 0C 10 10 14 14 1C 24 28 24 24 28 28 28 24 24 1C 18 18 20 24 2C 28 38 44 44 50 54 50 58 5C 60 5C 64 64 68 6C 70 74 74 70 68 68 6C 74 74 74 78 74 
00 00 0C 00 00 00 00 04 04 00 00 00 00 04 04 04 04 0C 0C 10 14 0C 0C 10 14 18 18 20 24 24 20 14 14 1C 24 30 30 3C 3C 44 34 34 34 28 28 28 24 24 24 2C 30 2C 30 34 38 38 40 4C 58 5C 50 44 44 3C 
00 00 04 04 00 00 04 04 04 04 00 00 04 00 00 00 04 08 0C 10 0C 10 0C 0C 14 1C 1C 20 24 24 20 18 1C 18 14 20 24 24 24 24 24 24 24 24 24 24 24 20 20 24 20 24 20 20 24 24 24 24 24 24 24 24 2C 2C 
MBChangePalette gain(0.935484 0.935484 0.935484), offset(0.000000 0.000000 0.000000), sat(1.000000)
SetPalette
00 04 3C 0C 0C 14 14 18 1C 1C 20 24 24 24 20 18 0C 10 10 14 14 1C 24 2C 28 24 2C 2C 2C 28 24 1C 18 18 20 24 30 2C 3C 44 44 54 58 54 5C 60 64 60 68 68 6C 70 74 78 78 74 6C 6C 70 78 78 78 7C 78 
00 00 0C 00 00 00 00 04 04 00 00 00 00 04 04 04 04 0C 0C 10 14 0C 0C 10 14 18 18 20 24 24 20 14 14 1C 24 34 34 3C 3C 44 38 38 38 2C 2C 2C 28 24 28 30 34 30 34 38 3C 3C 40 50 5C 60 54 44 44 3C 
00 00 04 04 00 00 04 04 04 04 00 00 04 00 00 00 04 08 0C 10 0C 10 0C 0C 14 1C 1C 20 24 24 20 18 1C 18 14 20 24 24 24 28 24 24 24 24 24 24 28 20 20 24 20 24 20 20 24 24 24 24 28 28 28 28 30 30 
MBChangePalette gain(0.967742 0.967742 0.967742), offset(0.000000 0.000000 0.000000), sat(1.000000)
SetPalette
00 04 3C 0C 0C 14 14 18 1C 1C 20 24 24 24 20 18 0C 10 10 14 14 1C 24 2C 28 24 2C 2C 2C 28 24 1C 18 18 20 24 30 2C 3C 48 48 58 5C 58 60 64 68 64 6C 6C 70 74 78 7C 7C 78 70 70 74 7C 7C 7C 80 7C 
00 00 0C 00 00 00 00 04 04 00 00 00 00 04 04 04 04 0C 0C 10 14 0C 0C 10 14 18 18 20 24 24 20 14 14 1C 24 34 34 40 40 48 38 38 38 2C 2C 2C 28 24 28 30 34 30 34 38 3C 3C 44 54 60 64 58 48 48 40 
00 00 04 04 00 00 04 04 04 04 00 00 04 00 00 00 04 08 0C 10 0C 10 0C 0C 14 1C 1C 20 24 24 20 18 1C 18 14 20 24 24 24 28 24 24 24 24 24 24 28 20 20 24 20 24 20 20 24 24 24 24 28 28 28 28 30 30 
MBChangePalette gain(1.000000 1.000000 1.000000), offset(0.000000 0.000000 0.000000), sat(1.000000)
MBChangePalette gain(1.000000 1.000000 1.000000), offset(0.000000 0.000000 0.000000), sat(1.000000)
DrawAndEventsInGame_47560_mod/PaletteChanges_47760_mod()
SetPalette
00 04 3C 0C 0C 14 14 18 1C 1C 20 24 24 24 20 18 0C 10 10 14 14 1C 24 2C 28 24 2C 2C 2C 28 24 1C 18 18 20 24 30 2C 3C 48 48 58 5C 58 60 64 68 64 6C 6C 70 74 78 7C 7C 78 70 70 74 7C 7C 7C 80 7C 
00 00 0C 00 00 00 00 04 04 00 00 00 00 04 04 04 04 0C 0C 10 14 0C 0C 10 14 18 18 20 24 24 20 14 14 1C 24 34 34 40 40 48 38 38 38 2C 2C 2C 28 24 28 30 34 30 34 38 3C 3C 44 54 60 64 58 48 48 40 
00 00 04 04 00 00 04 04 04 04 00 00 04 00 00 00 04 08 0C 10 0C 10 0C 0C 14 1C 1C 20 24 24 20 18 1C 18 14 20 24 24 24 28 24 24 24 24 24 24 28 20 20 24 20 24 20 20 24 24 24 24 28 28 28 28 30 30 
MBChangePalette gain(1.000000 1.000000 1.000000), offset(0.000000 0.000000 0.000000), sat(1.000000)
SetPalette
00 04 3C 0C 0C 14 14 18 1C 1C 20 24 24 24 20 18 0C 10 10 14 14 1C 24 2C 28 24 2C 2C 2C 28 24 1C 18 18 20 24 30 2C 3C 44 44 54 58 54 5C 60 64 60 68 68 6C 70 74 78 78 74 6C 6C 70 78 78 78 78 78 
00 00 0C 00 00 00 00 04 04 00 00 00 00 04 04 04 04 0C 0C 10 14 0C 0C 10 14 18 18 20 24 24 20 14 14 1C 24 34 34 3C 3C 44 38 38 38 2C 2C 2C 28 24 28 30 34 30 34 38 3C 3C 40 50 5C 60 54 44 44 3C 
00 00 04 04 00 00 04 04 04 04 00 00 04 00 00 00 04 08 0C 10 0C 10 0C 0C 14 1C 1C 20 24 24 20 18 1C 18 14 20 24 24 24 28 24 24 24 24 24 24 28 20 20 24 20 24 20 20 24 24 24 24 28 28 28 28 30 30 
MBChangePalette gain(0.933333 0.933333 0.933333), offset(0.000000 0.000000 0.000000), sat(1.000000)
SetPalette
00 04 38 0C 0C 14 14 18 1C 1C 1C 20 20 20 1C 18 0C 10 10 14 14 1C 20 28 24 20 28 28 28 24 20 1C 18 18 1C 20 2C 28 38 40 40 50 54 50 54 58 5C 58 60 60 64 68 6C 70 70 6C 64 64 68 70 70 70 70 70 
00 00 0C 00 00 00 00 04 04 00 00 00 00 04 04 04 04 0C 0C 10 14 0C 0C 10 14 18 18 1C 20 20 1C 14 14 1C 20 30 30 38 38 40 34 34 34 28 28 28 24 20 24 2C 30 2C 30 34 38 38 3C 4C 54 58 50 40 40 38 
00 00 04 04 00 00 04 04 04 04 00 00 04 00 00 00 04 08 0C 10 0C 10 0C 0C 14 1C 1C 1C 20 20 1C 18 1C 18 14 1C 20 20 20 24 20 20 20 20 20 20 24 1C 1C 20 1C 20 1C 1C 20 20 20 20 24 24 24 24 2C 2C 
MBChangePalette gain(0.866667 0.866667 0.866667), offset(0.000000 0.000000 0.000000), sat(1.000000)
SetPalette
00 04 34 0C 0C 14 14 14 18 18 1C 20 20 20 1C 14 0C 10 10 14 14 18 20 24 24 20 24 24 24 24 20 18 14 14 1C 20 28 24 34 3C 3C 48 4C 48 50 54 58 54 58 58 5C 60 64 68 68 64 5C 5C 60 68 68 68 68 68 
00 00 0C 00 00 00 00 04 04 00 00 00 00 04 04 04 04 0C 0C 10 14 0C 0C 10 14 14 14 1C 20 20 1C 14 14 18 20 2C 2C 34 34 3C 30 30 30 24 24 24 24 20 24 28 2C 28 2C 30 34 34 38 48 50 54 48 3C 3C 34 
00 00 04 04 00 00 04 04 04 04 00 00 04 00 00 00 04 08 0C 10 0C 10 0C 0C 14 18 18 1C 20 20 1C 14 18 14 14 1C 20 20 20 24 20 20 20 20 20 20 24 1C 1C 20 1C 20 1C 1C 20 20 20 20 24 24 24 24 28 28 
MBChangePalette gain(0.800000 0.800000 0.800000), offset(0.000000 0.000000 0.000000), sat(1.000000)
SetPalette
00 04 30 0C 0C 10 10 14 18 18 18 1C 1C 1C 18 14 0C 0C 0C 10 10 18 1C 24 20 1C 24 24 24 20 1C 18 14 14 18 1C 24 24 30 38 38 44 48 44 48 4C 50 4C 54 54 54 58 5C 60 60 5C 54 54 58 60 60 60 60 60 
00 00 0C 00 00 00 00 04 04 00 00 00 00 04 04 04 04 0C 0C 0C 10 0C 0C 0C 10 14 14 18 1C 1C 18 10 10 18 1C 28 28 30 30 38 2C 2C 2C 24 24 24 20 1C 20 24 28 24 28 2C 30 30 34 40 48 4C 44 38 38 30 
00 00 04 04 00 00 04 04 04 04 00 00 04 00 00 00 04 08 0C 0C 0C 0C 0C 0C 10 18 18 18 1C 1C 18 14 18 14 10 18 1C 1C 1C 20 1C 1C 1C 1C 1C 1C 20 18 18 1C 18 1C 18 18 1C 1C 1C 1C 20 20 20 20 24 24 
MBChangePalette gain(0.733333 0.733333 0.733333), offset(0.000000 0.000000 0.000000), sat(1.000000)
SetPalette
00 04 2C 0C 0C 10 10 14 14 14 18 1C 1C 1C 18 14 0C 0C 0C 10 10 14 1C 20 1C 1C 20 20 20 1C 1C 14 14 14 18 1C 24 20 2C 34 34 40 40 40 44 48 48 48 4C 4C 50 50 54 58 58 54 50 50 50 58 58 58 58 58 
00 00 0C 00 00 00 00 04 04 00 00 00 00 04 04 04 04 0C 0C 0C 10 0C 0C 0C 10 14 14 18 1C 1C 18 10 10 14 1C 24 24 2C 2C 34 28 28 28 20 20 20 1C 1C 1C 24 24 24 24 28 2C 2C 30 3C 44 48 40 34 34 2C 
00 00 04 04 00 00 04 04 04 04 00 00 04 00 00 00 04 08 0C 0C 0C 0C 0C 0C 10 14 14 18 1C 1C 18 14 14 14 10 18 1C 1C 1C 1C 1C 1C 1C 1C 1C 1C 1C 18 18 1C 18 1C 18 18 1C 1C 1C 1C 1C 1C 1C 1C 24 24 
MBChangePalette gain(0.666667 0.666667 0.666667), offset(0.000000 0.000000 0.000000), sat(1.000000)
SetPalette
00 04 28 08 08 10 10 10 14 14 14 18 18 18 14 10 08 0C 0C 10 10 14 18 1C 1C 18 1C 1C 1C 1C 18 14 10 10 14 18 20 1C 28 30 30 38 3C 38 3C 40 44 40 44 44 48 4C 4C 50 50 4C 48 48 4C 50 50 50 50 50 
00 00 08 00 00 00 00 04 04 00 00 00 00 04 04 04 04 08 08 0C 10 08 08 0C 10 10 10 14 18 18 14 10 10 14 18 24 24 28 28 30 24 24 24 1C 1C 1C 1C 18 1C 20 24 20 24 24 28 28 2C 38 3C 40 38 30 30 28 
00 00 04 04 00 00 04 04 04 04 00 00 04 00 00 00 04 08 08 0C 08 0C 08 08 10 14 14 14 18 18 14 10 14 10 10 14 18 18 18 1C 18 18 18 18 18 18 1C 14 14 18 14 18 14 14 18 18 18 18 1C 1C 1C 1C 20 20 
MBChangePalette gain(0.600000 0.600000 0.600000), offset(0.000000 0.000000 0.000000), sat(1.000000)
SetPalette
00 04 24 08 08 0C 0C 10 10 10 14 18 18 18 14 10 08 0C 0C 0C 0C 10 18 1C 18 18 1C 1C 1C 18 18 10 10 10 14 18 1C 1C 24 2C 2C 34 34 34 38 3C 3C 3C 40 40 40 44 44 48 48 44 40 40 44 48 48 48 48 48 
00 00 08 00 00 00 00 04 04 00 00 00 00 04 04 04 04 08 08 0C 0C 08 08 0C 0C 10 10 14 18 18 14 0C 0C 10 18 20 20 24 24 2C 20 20 20 1C 1C 1C 18 18 18 1C 20 1C 20 20 24 24 28 30 38 3C 34 2C 2C 24 
00 00 04 04 00 00 04 04 04 04 00 00 04 00 00 00 04 08 08 0C 08 0C 08 08 0C 10 10 14 18 18 14 10 10 10 0C 14 18 18 18 18 18 18 18 18 18 18 18 14 14 18 14 18 14 14 18 18 18 18 18 18 18 18 1C 1C 
MBChangePalette gain(0.533333 0.533333 0.533333), offset(0.000000 0.000000 0.000000), sat(1.000000)
SetPalette
00 04 20 08 08 0C 0C 0C 10 10 10 14 14 14 10 0C 08 08 08 0C 0C 10 14 18 14 14 18 18 18 14 14 10 0C 0C 10 14 18 18 20 24 24 2C 30 2C 30 34 34 34 38 38 38 3C 3C 40 40 3C 38 38 3C 40 40 40 40 40 
00 00 08 00 00 00 00 04 04 00 00 00 00 04 04 04 04 08 08 08 0C 08 08 08 0C 0C 0C 10 14 14 10 0C 0C 10 14 1C 1C 20 20 24 1C 1C 1C 18 18 18 14 14 14 18 1C 18 1C 1C 20 20 24 2C 30 34 2C 24 24 20 
00 00 04 04 00 00 04 04 04 04 00 00 04 00 00 00 04 04 08 08 08 08 08 08 0C 10 10 10 14 14 10 0C 10 0C 0C 10 14 14 14 14 14 14 14 14 14 14 14 10 10 14 10 14 10 10 14 14 14 14 14 14 14 14 18 18 
MBChangePalette gain(0.466667 0.466667 0.466667), offset(0.000000 0.000000 0.000000), sat(1.000000)
SetPalette
00 04 1C 08 08 0C 0C 0C 10 10 10 10 10 10 10 0C 08 08 08 0C 0C 10 10 14 14 10 14 14 14 14 10 10 0C 0C 10 10 18 14 1C 20 20 28 2C 28 2C 2C 30 2C 30 30 34 34 38 38 38 38 34 34 34 38 38 38 38 38 
00 00 08 00 00 00 00 04 04 00 00 00 00 04 04 04 04 08 08 08 0C 08 08 08 0C 0C 0C 10 10 10 10 0C 0C 10 10 18 18 1C 1C 20 1C 1C 1C 14 14 14 14 10 14 18 18 18 18 1C 1C 1C 20 28 2C 2C 28 20 20 1C 
00 00 04 04 00 00 04 04 04 04 00 00 04 00 00 00 04 04 08 08 08 08 08 08 0C 10 10 10 10 10 10 0C 10 0C 0C 10 10 10 10 14 10 10 10 10 10 10 14 10 10 10 10 10 10 10 10 10 10 10 14 14 14 14 18 18 
MBChangePalette gain(0.400000 0.400000 0.400000), offset(0.000000 0.000000 0.000000), sat(1.000000)
SetPalette
00 04 18 08 08 08 08 0C 0C 0C 0C 10 10 10 0C 0C 08 08 08 08 08 0C 10 14 10 10 14 14 14 10 10 0C 0C 0C 0C 10 14 14 18 1C 1C 24 24 24 24 28 28 28 2C 2C 2C 2C 30 30 30 30 2C 2C 2C 30 30 30 30 30 
00 00 08 00 00 00 00 04 04 00 00 00 00 04 04 04 04 08 08 08 08 08 08 08 08 0C 0C 0C 10 10 0C 08 08 0C 10 14 14 18 18 1C 18 18 18 14 14 14 10 10 10 14 14 14 14 18 18 18 1C 20 24 28 24 1C 1C 18 
00 00 04 04 00 00 04 04 04 04 00 00 04 00 00 00 04 04 08 08 08 08 08 08 08 0C 0C 0C 10 10 0C 0C 0C 0C 08 0C 10 10 10 10 10 10 10 10 10 10 10 0C 0C 10 0C 10 0C 0C 10 10 10 10 10 10 10 10 14 14 
MBChangePalette gain(0.333333 0.333333 0.333333), offset(0.000000 0.000000 0.000000), sat(1.000000)
SetPalette
00 04 14 04 04 08 08 08 0C 0C 0C 0C 0C 0C 0C 08 04 08 08 08 08 0C 0C 10 10 0C 10 10 10 10 0C 0C 08 08 0C 0C 10 10 14 18 18 1C 20 1C 20 20 24 20 24 24 24 28 28 28 28 28 24 24 28 28 28 28 28 28 
00 00 04 00 00 00 00 04 04 00 00 00 00 04 04 04 04 04 04 08 08 04 04 08 08 08 08 0C 0C 0C 0C 08 08 0C 0C 14 14 14 14 18 14 14 14 10 10 10 10 0C 10 10 14 10 14 14 14 14 18 1C 20 20 1C 18 18 14 
00 00 04 04 00 00 04 04 04 04 00 00 04 00 00 00 04 04 04 08 04 08 04 04 08 0C 0C 0C 0C 0C 0C 08 0C 08 08 0C 0C 0C 0C 10 0C 0C 0C 0C 0C 0C 10 0C 0C 0C 0C 0C 0C 0C 0C 0C 0C 0C 10 10 10 10 10 10 
MBChangePalette gain(0.266667 0.266667 0.266667), offset(0.000000 0.000000 0.000000), sat(1.000000)
SetPalette
00 04 10 04 04 08 08 08 08 08 08 0C 0C 0C 08 08 04 04 04 08 08 08 0C 0C 0C 0C 0C 0C 0C 0C 0C 08 08 08 08 0C 0C 0C 10 14 14 18 18 18 18 1C 1C 1C 1C 1C 1C 20 20 20 20 20 1C 1C 20 20 20 20 20 20 
00 00 04 00 00 00 00 04 04 00 00 00 00 04 04 04 04 04 04 04 08 04 04 04 08 08 08 08 0C 0C 08 08 08 08 0C 10 10 10 10 14 10 10 10 0C 0C 0C 0C 0C 0C 0C 10 0C 10 10 10 10 14 18 18 1C 18 14 14 10 
00 00 04 04 00 00 04 04 04 04 00 00 04 00 00 00 04 04 04 04 04 04 04 04 08 08 08 08 0C 0C 08 08 08 08 08 08 0C 0C 0C 0C 0C 0C 0C 0C 0C 0C 0C 08 08 0C 08 0C 08 08 0C 0C 0C 0C 0C 0C 0C 0C 0C 0C 
MBChangePalette gain(0.200000 0.200000 0.200000), offset(0.000000 0.000000 0.000000), sat(1.000000)
SetPalette
00 04 0C 04 04 04 04 08 08 08 08 08 08 08 08 08 04 04 04 04 04 08 08 0C 08 08 0C 0C 0C 08 08 08 08 08 08 08 0C 0C 0C 10 10 14 14 14 14 14 14 14 18 18 18 18 18 18 18 18 18 18 18 18 18 18 18 18 
00 00 04 00 00 00 00 04 04 00 00 00 00 04 04 04 04 04 04 04 04 04 04 04 04 08 08 08 08 08 08 04 04 08 08 0C 0C 0C 0C 10 0C 0C 0C 0C 0C 0C 08 08 08 0C 0C 0C 0C 0C 0C 0C 10 10 14 14 14 10 10 0C 
00 00 04 04 00 00 04 04 04 04 00 00 04 00 00 00 04 04 04 04 04 04 04 04 04 08 08 08 08 08 08 08 08 08 04 08 08 08 08 08 08 08 08 08 08 08 08 08 08 08 08 08 08 08 08 08 08 08 08 08 08 08 0C 0C 
MBChangePalette gain(0.133333 0.133333 0.133333), offset(0.000000 0.000000 0.000000), sat(1.000000)
SetPalette
00 04 08 04 04 04 04 04 04 04 04 08 08 08 04 04 04 04 04 04 04 04 08 08 08 08 08 08 08 08 08 04 04 04 04 08 08 08 08 0C 0C 0C 0C 0C 0C 10 10 10 10 10 10 10 10 10 10 10 10 10 10 10 10 10 10 10 
00 00 04 00 00 00 00 04 04 00 00 00 00 04 04 04 04 04 04 04 04 04 04 04 04 04 04 04 08 08 04 04 04 04 08 08 08 08 08 0C 08 08 08 08 08 08 08 08 08 08 08 08 08 08 08 08 0C 0C 0C 10 0C 0C 0C 08 
00 00 04 04 00 00 04 04 04 04 00 00 04 00 00 00 04 04 04 04 04 04 04 04 04 04 04 04 08 08 04 04 04 04 04 04 08 08 08 08 08 08 08 08 08 08 08 04 04 08 04 08 04 04 08 08 08 08 08 08 08 08 08 08 
MBChangePalette gain(0.066667 0.066667 0.066667), offset(0.000000 0.000000 0.000000), sat(1.000000)
SetPalette
00 04 04 04 04 04 04 04 04 04 04 04 04 04 04 04 04 04 04 04 04 04 04 04 04 04 04 04 04 04 04 04 04 04 04 04 04 04 04 08 08 08 08 08 08 08 08 08 08 08 08 08 08 08 08 08 08 08 08 08 08 08 08 08 
00 00 04 00 00 00 00 04 04 00 00 00 00 04 04 04 04 04 04 04 04 04 04 04 04 04 04 04 04 04 04 04 04 04 04 04 04 04 04 08 04 04 04 04 04 04 04 04 04 04 04 04 04 04 04 04 08 08 08 08 08 08 08 04 
00 00 04 04 00 00 04 04 04 04 00 00 04 00 00 00 04 04 04 04 04 04 04 04 04 04 04 04 04 04 04 04 04 04 04 04 04 04 04 04 04 04 04 04 04 04 04 04 04 04 04 04 04 04 04 04 04 04 04 04 04 04 04 04 
MBChangePalette gain(0.000000 0.000000 0.000000), offset(0.000000 0.000000 0.000000), sat(1.000000)
DrawAndEventsInGame_47560_mod/MouseAndKeysEvents_17A00(turn)
DrawAndEventsInGame_47560_mod/PaletteChanges_47760_mod()
SetPalette
00 04 04 04 04 04 04 04 04 04 04 04 04 04 04 04 04 04 04 04 04 04 04 04 04 04 04 04 04 04 04 04 04 04 04 04 04 04 04 08 08 08 08 08 08 08 08 08 08 08 08 08 08 08 08 08 08 08 08 08 08 08 08 08 
00 00 04 00 00 00 00 04 04 00 00 00 00 04 04 04 04 04 04 04 04 04 04 04 04 04 04 04 04 04 04 04 04 04 04 04 04 04 04 08 04 04 04 04 04 04 04 04 04 04 04 04 04 04 04 04 08 08 08 08 08 08 08 04 
00 00 04 04 00 00 04 04 04 04 00 00 04 00 00 00 04 04 04 04 04 04 04 04 04 04 04 04 04 04 04 04 04 04 04 04 04 04 04 04 04 04 04 04 04 04 04 04 04 04 04 04 04 04 04 04 04 04 04 04 04 04 04 04 
MBChangePalette gain(0.000000 0.000000 0.000000), offset(0.000000 0.000000 0.000000), sat(1.000000)
SetPalette
00 04 04 04 04 04 04 04 04 04 04 04 04 04 04 04 04 04 04 04 04 04 04 04 04 04 04 04 04 04 04 04 04 04 04 04 04 04 04 08 08 08 08 08 08 08 08 08 08 08 08 08 08 08 08 08 08 08 08 08 08 08 08 08 
00 00 04 00 00 00 00 04 04 00 00 00 00 04 04 04 04 04 04 04 04 04 04 04 04 04 04 04 04 04 04 04 04 04 04 04 04 04 04 08 04 04 04 04 04 04 04 04 04 04 04 04 04 04 04 04 08 08 08 08 08 08 08 04 
00 00 04 04 00 00 04 04 04 04 00 00 04 00 00 00 04 04 04 04 04 04 04 04 04 04 04 04 04 04 04 04 04 04 04 04 04 04 04 04 04 04 04 04 04 04 04 04 04 04 04 04 04 04 04 04 04 04 04 04 04 04 04 04 
MBChangePalette gain(0.000000 0.000000 0.000000), offset(0.000000 0.000000 0.000000), sat(1.000000)
SetPalette
00 04 04 04 04 04 04 04 04 04 04 04 04 04 04 04 04 04 04 04 04 04 04 04 04 04 04 04 04 04 04 04 04 04 04 04 04 04 04 08 08 08 08 08 08 08 08 08 08 08 08 08 08 08 08 08 08 08 08 08 08 08 08 08 
00 00 04 00 00 00 00 04 04 00 00 00 00 04 04 04 04 04 04 04 04 04 04 04 04 04 04 04 04 04 04 04 04 04 04 04 04 04 04 08 04 04 04 04 04 04 04 04 04 04 04 04 04 04 04 04 08 08 08 08 08 08 08 04 
00 00 04 04 00 00 04 04 04 04 00 00 04 00 00 00 04 04 04 04 04 04 04 04 04 04 04 04 04 04 04 04 04 04 04 04 04 04 04 04 04 04 04 04 04 04 04 04 04 04 04 04 04 04 04 04 04 04 04 04 04 04 04 04 
MBChangePalette gain(0.000000 0.000000 0.000000), offset(0.000000 0.000000 0.000000), sat(1.000000)
SetPalette
00 04 04 04 04 04 04 04 04 04 04 04 04 04 04 04 04 04 04 04 04 04 04 04 04 04 04 04 04 04 04 04 04 04 04 04 04 04 04 08 08 08 08 08 08 08 08 08 08 08 08 08 08 08 08 08 08 08 08 08 08 08 08 08 
00 00 04 00 00 00 00 04 04 00 00 00 00 04 04 04 04 04 04 04 04 04 04 04 04 04 04 04 04 04 04 04 04 04 04 04 04 04 04 08 04 04 04 04 04 04 04 04 04 04 04 04 04 04 04 04 08 08 08 08 08 08 08 04 
00 00 04 04 00 00 04 04 04 04 00 00 04 00 00 00 04 04 04 04 04 04 04 04 04 04 04 04 04 04 04 04 04 04 04 04 04 04 04 04 04 04 04 04 04 04 04 04 04 04 04 04 04 04 04 04 04 04 04 04 04 04 04 04 
MBChangePalette gain(0.000000 0.000000 0.000000), offset(0.000000 0.000000 0.000000), sat(1.000000)
SetPalette
00 04 04 04 04 04 04 04 04 04 04 04 04 04 04 04 04 04 04 04 04 04 04 04 04 04 04 04 04 04 04 04 04 04 04 04 04 04 04 08 08 08 08 08 08 08 08 08 08 08 08 08 08 08 08 08 08 08 08 08 08 08 08 08 
00 00 04 00 00 00 00 04 04 00 00 00 00 04 04 04 04 04 04 04 04 04 04 04 04 04 04 04 04 04 04 04 04 04 04 04 04 04 04 08 04 04 04 04 04 04 04 04 04 04 04 04 04 04 04 04 08 08 08 08 08 08 08 04 
00 00 04 04 00 00 04 04 04 04 00 00 04 00 00 00 04 04 04 04 04 04 04 04 04 04 04 04 04 04 04 04 04 04 04 04 04 04 04 04 04 04 04 04 04 04 04 04 04 04 04 04 04 04 04 04 04 04 04 04 04 04 04 04 
MBChangePalette gain(0.000000 0.000000 0.000000), offset(0.000000 0.000000 0.000000), sat(1.000000)
SetPalette
00 04 04 04 04 04 04 04 04 04 04 04 04 04 04 04 04 04 04 04 04 04 04 04 04 04 04 04 04 04 04 04 04 04 04 04 04 04 04 08 08 08 08 08 08 08 08 08 08 08 08 08 08 08 08 08 08 08 08 08 08 08 08 08 
00 00 04 00 00 00 00 04 04 00 00 00 00 04 04 04 04 04 04 04 04 04 04 04 04 04 04 04 04 04 04 04 04 04 04 04 04 04 04 08 04 04 04 04 04 04 04 04 04 04 04 04 04 04 04 04 08 08 08 08 08 08 08 04 
00 00 04 04 00 00 04 04 04 04 00 00 04 00 00 00 04 04 04 04 04 04 04 04 04 04 04 04 04 04 04 04 04 04 04 04 04 04 04 04 04 04 04 04 04 04 04 04 04 04 04 04 04 04 04 04 04 04 04 04 04 04 04 04 
MBChangePalette gain(0.000000 0.000000 0.000000), offset(0.000000 0.000000 0.000000), sat(1.000000)
SetPalette
00 04 04 04 04 04 04 04 04 04 04 04 04 04 04 04 04 04 04 04 04 04 04 04 04 04 04 04 04 04 04 04 04 04 04 04 04 04 04 08 08 08 08 08 08 08 08 08 08 08 08 08 08 08 08 08 08 08 08 08 08 08 08 08 
00 00 04 00 00 00 00 04 04 00 00 00 00 04 04 04 04 04 04 04 04 04 04 04 04 04 04 04 04 04 04 04 04 04 04 04 04 04 04 08 04 04 04 04 04 04 04 04 04 04 04 04 04 04 04 04 08 08 08 08 08 08 08 04 
00 00 04 04 00 00 04 04 04 04 00 00 04 00 00 00 04 04 04 04 04 04 04 04 04 04 04 04 04 04 04 04 04 04 04 04 04 04 04 04 04 04 04 04 04 04 04 04 04 04 04 04 04 04 04 04 04 04 04 04 04 04 04 04 
MBChangePalette gain(0.000000 0.000000 0.000000), offset(0.000000 0.000000 0.000000), sat(1.000000)
SetPalette
00 04 04 04 04 04 04 04 04 04 04 04 04 04 04 04 04 04 04 04 04 04 04 04 04 04 04 04 04 04 04 04 04 04 04 04 04 04 04 08 08 08 08 08 08 08 08 08 08 08 08 08 08 08 08 08 08 08 08 08 08 08 08 08 
00 00 04 00 00 00 00 04 04 00 00 00 00 04 04 04 04 04 04 04 04 04 04 04 04 04 04 04 04 04 04 04 04 04 04 04 04 04 04 08 04 04 04 04 04 04 04 04 04 04 04 04 04 04 04 04 08 08 08 08 08 08 08 04 
00 00 04 04 00 00 04 04 04 04 00 00 04 00 00 00 04 04 04 04 04 04 04 04 04 04 04 04 04 04 04 04 04 04 04 04 04 04 04 04 04 04 04 04 04 04 04 04 04 04 04 04 04 04 04 04 04 04 04 04 04 04 04 04 
MBChangePalette gain(0.000000 0.000000 0.000000), offset(0.000000 0.000000 0.000000), sat(1.000000)
SetPalette
00 04 04 04 04 04 04 04 04 04 04 04 04 04 04 04 04 04 04 04 04 04 04 04 04 04 04 04 04 04 04 04 04 04 04 04 04 04 04 04 04 04 04 04 04 04 04 04 04 04 04 04 04 04 04 04 04 04 04 04 04 04 04 04 
00 00 04 00 00 00 00 04 04 00 00 00 00 04 04 04 04 04 04 04 04 04 04 04 04 04 04 04 04 04 04 04 04 04 04 04 04 04 04 04 04 04 04 04 04 04 04 04 04 04 04 04 04 04 04 04 04 04 04 04 04 04 04 04 
00 00 04 04 00 00 04 04 04 04 00 00 04 00 00 00 04 04 04 04 04 04 04 04 04 04 04 04 04 04 04 04 04 04 04 04 04 04 04 04 04 04 04 04 04 04 04 04 04 04 04 04 04 04 04 04 04 04 04 04 04 04 04 04 
MBChangePalette gain(0.000000 0.000000 0.000000), offset(0.000000 0.000000 0.000000), sat(1.000000)
SetPalette
00 04 04 04 04 04 04 04 04 04 04 04 04 04 04 04 04 04 04 04 04 04 04 04 04 04 04 04 04 04 04 04 04 04 04 04 04 04 04 04 04 04 04 04 04 04 04 04 04 04 04 04 04 04 04 04 04 04 04 04 04 04 04 04 
00 00 04 00 00 00 00 04 04 00 00 00 00 04 04 04 04 04 04 04 04 04 04 04 04 04 04 04 04 04 04 04 04 04 04 04 04 04 04 04 04 04 04 04 04 04 04 04 04 04 04 04 04 04 04 04 04 04 04 04 04 04 04 04 
00 00 04 04 00 00 04 04 04 04 00 00 04 00 00 00 04 04 04 04 04 04 04 04 04 04 04 04 04 04 04 04 04 04 04 04 04 04 04 04 04 04 04 04 04 04 04 04 04 04 04 04 04 04 04 04 04 04 04 04 04 04 04 04 
MBChangePalette gain(0.000000 0.000000 0.000000), offset(0.000000 0.000000 0.000000), sat(1.000000)
SetPalette
00 04 04 04 04 04 04 04 04 04 04 04 04 04 04 04 04 04 04 04 04 04 04 04 04 04 04 04 04 04 04 04 04 04 04 04 04 04 04 04 04 04 04 04 04 04 04 04 04 04 04 04 04 04 04 04 04 04 04 04 04 04 04 04 
00 00 04 00 00 00 00 04 04 00 00 00 00 04 04 04 04 04 04 04 04 04 04 04 04 04 04 04 04 04 04 04 04 04 04 04 04 04 04 04 04 04 04 04 04 04 04 04 04 04 04 04 04 04 04 04 04 04 04 04 04 04 04 04 
00 00 04 04 00 00 04 04 04 04 00 00 04 00 00 00 04 04 04 04 04 04 04 04 04 04 04 04 04 04 04 04 04 04 04 04 04 04 04 04 04 04 04 04 04 04 04 04 04 04 04 04 04 04 04 04 04 04 04 04 04 04 04 04 
MBChangePalette gain(0.000000 0.000000 0.000000), offset(0.000000 0.000000 0.000000), sat(1.000000)
SetPalette
00 04 04 04 04 04 04 04 04 04 04 04 04 04 04 04 04 04 04 04 04 04 04 04 04 04 04 04 04 04 04 04 04 04 04 04 04 04 04 04 04 04 04 04 04 04 04 04 04 04 04 04 04 04 04 04 04 04 04 04 04 04 04 04 
00 00 04 00 00 00 00 04 04 00 00 00 00 04 04 04 04 04 04 04 04 04 04 04 04 04 04 04 04 04 04 04 04 04 04 04 04 04 04 04 04 04 04 04 04 04 04 04 04 04 04 04 04 04 04 04 04 04 04 04 04 04 04 04 
00 00 04 04 00 00 04 04 04 04 00 00 04 00 00 00 04 04 04 04 04 04 04 04 04 04 04 04 04 04 04 04 04 04 04 04 04 04 04 04 04 04 04 04 04 04 04 04 04 04 04 04 04 04 04 04 04 04 04 04 04 04 04 04 
MBChangePalette gain(0.000000 0.000000 0.000000), offset(0.000000 0.000000 0.000000), sat(1.000000)
SetPalette
00 04 04 04 04 04 04 04 04 04 04 04 04 04 04 04 04 04 04 04 04 04 04 04 04 04 04 04 04 04 04 04 04 04 04 04 04 04 04 04 04 04 04 04 04 04 04 04 04 04 04 04 04 04 04 04 04 04 04 04 04 04 04 04 
00 00 04 00 00 00 00 04 04 00 00 00 00 04 04 04 04 04 04 04 04 04 04 04 04 04 04 04 04 04 04 04 04 04 04 04 04 04 04 04 04 04 04 04 04 04 04 04 04 04 04 04 04 04 04 04 04 04 04 04 04 04 04 04 
00 00 04 04 00 00 04 04 04 04 00 00 04 00 00 00 04 04 04 04 04 04 04 04 04 04 04 04 04 04 04 04 04 04 04 04 04 04 04 04 04 04 04 04 04 04 04 04 04 04 04 04 04 04 04 04 04 04 04 04 04 04 04 04 
MBChangePalette gain(0.000000 0.000000 0.000000), offset(0.000000 0.000000 0.000000), sat(1.000000)
SetPalette
00 04 04 04 04 04 04 04 04 04 04 04 04 04 04 04 04 04 04 04 04 04 04 04 04 04 04 04 04 04 04 04 04 04 04 04 04 04 04 04 04 04 04 04 04 04 04 04 04 04 04 04 04 04 04 04 04 04 04 04 04 04 04 04 
00 00 04 00 00 00 00 04 04 00 00 00 00 04 04 04 04 04 04 04 04 04 04 04 04 04 04 04 04 04 04 04 04 04 04 04 04 04 04 04 04 04 04 04 04 04 04 04 04 04 04 04 04 04 04 04 04 04 04 04 04 04 04 04 
00 00 04 04 00 00 04 04 04 04 00 00 04 00 00 00 04 04 04 04 04 04 04 04 04 04 04 04 04 04 04 04 04 04 04 04 04 04 04 04 04 04 04 04 04 04 04 04 04 04 04 04 04 04 04 04 04 04 04 04 04 04 04 04 
MBChangePalette gain(0.000000 0.000000 0.000000), offset(0.000000 0.000000 0.000000), sat(1.000000)
SetPalette
00 04 04 04 04 04 04 04 04 04 04 04 04 04 04 04 04 04 04 04 04 04 04 04 04 04 04 04 04 04 04 04 04 04 04 04 04 04 04 04 04 04 04 04 04 04 04 04 04 04 04 04 04 04 04 04 04 04 04 04 04 04 04 04 
00 00 04 00 00 00 00 04 04 00 00 00 00 04 04 04 04 04 04 04 04 04 04 04 04 04 04 04 04 04 04 04 04 04 04 04 04 04 04 04 04 04 04 04 04 04 04 04 04 04 04 04 04 04 04 04 04 04 04 04 04 04 04 04 
00 00 04 04 00 00 04 04 04 04 00 00 04 00 00 00 04 04 04 04 04 04 04 04 04 04 04 04 04 04 04 04 04 04 04 04 04 04 04 04 04 04 04 04 04 04 04 04 04 04 04 04 04 04 04 04 04 04 04 04 04 04 04 04 
MBChangePalette gain(0.000000 0.000000 0.000000), offset(0.000000 0.000000 0.000000), sat(1.000000)
SetPalette
00 04 04 04 04 04 04 04 04 04 04 04 04 04 04 04 04 04 04 04 04 04 04 04 04 04 04 04 04 04 04 04 04 04 04 04 04 04 04 04 04 04 04 04 04 04 04 04 04 04 04 04 04 04 04 04 04 04 04 04 04 04 04 04 
00 00 04 00 00 00 00 04 04 00 00 00 00 04 04 04 04 04 04 04 04 04 04 04 04 04 04 04 04 04 04 04 04 04 04 04 04 04 04 04 04 04 04 04 04 04 04 04 04 04 04 04 04 04 04 04 04 04 04 04 04 04 04 04 
00 00 04 04 00 00 04 04 04 04 00 00 04 00 00 00 04 04 04 04 04 04 04 04 04 04 04 04 04 04 04 04 04 04 04 04 04 04 04 04 04 04 04 04 04 04 04 04 04 04 04 04 04 04 04 04 04 04 04 04 04 04 04 04 
MBChangePalette gain(0.000000 0.000000 0.000000), offset(0.000000 0.000000 0.000000), sat(1.000000)
DrawAndEventsInGame_47560_mod/MouseAndKeysEvents_17A00(turn)
SetPalette
00 04 04 04 04 04 04 04 04 04 04 04 04 04 04 04 04 04 04 04 04 04 04 04 04 04 04 04 04 04 04 04 04 04 04 04 04 04 04 04 04 04 04 04 04 04 04 04 04 04 04 04 04 04 04 04 04 04 04 04 04 04 04 04 
00 00 04 00 00 00 00 04 04 00 00 00 00 04 04 04 04 04 04 04 04 04 04 04 04 04 04 04 04 04 04 04 04 04 04 04 04 04 04 04 04 04 04 04 04 04 04 04 04 04 04 04 04 04 04 04 04 04 04 04 04 04 04 04 
00 00 04 04 00 00 04 04 04 04 00 00 04 00 00 00 04 04 04 04 04 04 04 04 04 04 04 04 04 04 04 04 04 04 04 04 04 04 04 04 04 04 04 04 04 04 04 04 04 04 04 04 04 04 04 04 04 04 04 04 04 04 04 04 
SetPalette
00 04 04 04 04 04 04 04 04 04 04 04 04 04 04 04 04 04 04 04 04 04 04 04 04 04 04 04 04 04 04 04 04 04 04 04 04 04 04 04 04 04 04 04 04 04 04 04 04 04 04 04 04 04 04 04 04 04 04 04 04 04 04 04 
00 00 04 00 00 00 00 04 04 00 00 00 00 04 04 04 04 04 04 04 04 04 04 04 04 04 04 04 04 04 04 04 04 04 04 04 04 04 04 04 04 04 04 04 04 04 04 04 04 04 04 04 04 04 04 04 04 04 04 04 04 04 04 04 
00 00 04 04 00 00 04 04 04 04 00 00 04 00 00 00 04 04 04 04 04 04 04 04 04 04 04 04 04 04 04 04 04 04 04 04 04 04 04 04 04 04 04 04 04 04 04 04 04 04 04 04 04 04 04 04 04 04 04 04 04 04 04 04 
SetPalette
00 04 04 04 04 04 04 04 04 04 04 04 04 04 04 04 04 04 04 04 04 04 04 04 04 04 04 04 04 04 04 04 04 04 04 04 04 04 04 04 04 04 04 04 04 04 04 04 04 04 04 04 04 04 04 04 04 04 04 04 04 04 04 04 
00 00 04 00 00 00 00 04 04 00 00 00 00 04 04 04 04 04 04 04 04 04 04 04 04 04 04 04 04 04 04 04 04 04 04 04 04 04 04 04 04 04 04 04 04 04 04 04 04 04 04 04 04 04 04 04 04 04 04 04 04 04 04 04 
00 00 04 04 00 00 04 04 04 04 00 00 04 00 00 00 04 04 04 04 04 04 04 04 04 04 04 04 04 04 04 04 04 04 04 04 04 04 04 04 04 04 04 04 04 04 04 04 04 04 04 04 04 04 04 04 04 04 04 04 04 04 04 04 
SetPalette
00 04 04 04 04 04 04 04 04 04 04 04 04 04 04 04 04 04 04 04 04 04 04 04 04 04 04 04 04 04 04 04 04 04 04 04 04 04 04 04 04 04 04 04 04 04 04 04 04 04 04 04 04 04 04 04 04 04 04 04 04 04 04 04 
00 00 04 00 00 00 00 04 04 00 00 00 00 04 04 04 04 04 04 04 04 04 04 04 04 04 04 04 04 04 04 04 04 04 04 04 04 04 04 04 04 04 04 04 04 04 04 04 04 04 04 04 04 04 04 04 04 04 04 04 04 04 04 04 
00 00 04 04 00 00 04 04 04 04 00 00 04 00 00 00 04 04 04 04 04 04 04 04 04 04 04 04 04 04 04 04 04 04 04 04 04 04 04 04 04 04 04 04 04 04 04 04 04 04 04 04 04 04 04 04 04 04 04 04 04 04 04 04 
SetPalette
00 04 04 04 04 04 04 04 04 04 04 04 04 04 04 04 04 04 04 04 04 04 04 04 04 04 04 04 04 04 04 04 04 04 04 04 04 04 04 04 04 04 04 04 04 04 04 04 04 04 04 04 04 04 04 04 04 04 04 04 04 04 04 04 
00 00 04 00 00 00 00 04 04 00 00 00 00 04 04 04 04 04 04 04 04 04 04 04 04 04 04 04 04 04 04 04 04 04 04 04 04 04 04 04 04 04 04 04 04 04 04 04 04 04 04 04 04 04 04 04 04 04 04 04 04 04 04 04 
00 00 04 04 00 00 04 04 04 04 00 00 04 00 00 00 04 04 04 04 04 04 04 04 04 04 04 04 04 04 04 04 04 04 04 04 04 04 04 04 04 04 04 04 04 04 04 04 04 04 04 04 04 04 04 04 04 04 04 04 04 04 04 04 
SetPalette
00 04 04 04 04 04 04 04 04 04 04 04 04 04 04 04 04 04 04 04 04 04 04 04 04 04 04 04 04 04 04 04 04 04 04 04 04 04 04 04 04 04 04 04 04 04 04 04 04 04 04 04 04 04 04 04 04 04 04 04 04 04 04 04 
00 00 04 00 00 00 00 04 04 00 00 00 00 04 04 04 04 04 04 04 04 04 04 04 04 04 04 04 04 04 04 04 04 04 04 04 04 04 04 04 04 04 04 04 04 04 04 04 04 04 04 04 04 04 04 04 04 04 04 04 04 04 04 04 
00 00 04 04 00 00 04 04 04 04 00 00 04 00 00 00 04 04 04 04 04 04 04 04 04 04 04 04 04 04 04 04 04 04 04 04 04 04 04 04 04 04 04 04 04 04 04 04 04 04 04 04 04 04 04 04 04 04 04 04 04 04 04 04 
SetPalette
00 04 04 04 04 04 04 04 04 04 04 04 04 04 04 04 04 04 04 04 04 04 04 04 04 04 04 04 04 04 04 04 04 04 04 04 04 04 04 04 04 04 04 04 04 04 04 04 04 04 04 04 04 04 04 04 04 04 04 04 04 04 04 04 
00 00 04 00 00 00 00 04 04 00 00 00 00 04 04 04 04 04 04 04 04 04 04 04 04 04 04 04 04 04 04 04 04 04 04 04 04 04 04 04 04 04 04 04 04 04 04 04 04 04 04 04 04 04 04 04 04 04 04 04 04 04 04 04 
00 00 04 04 00 00 04 04 04 04 00 00 04 00 00 00 04 04 04 04 04 04 04 04 04 04 04 04 04 04 04 04 04 04 04 04 04 04 04 04 04 04 04 04 04 04 04 04 04 04 04 04 04 04 04 04 04 04 04 04 04 04 04 04 
SetPalette
00 04 04 04 04 04 04 04 04 04 04 04 04 04 04 04 04 04 04 04 04 04 04 04 04 04 04 04 04 04 04 04 04 04 04 04 04 04 04 04 04 04 04 04 04 04 04 04 04 04 04 04 04 04 04 04 04 04 04 04 04 04 04 04 
00 00 04 00 00 00 00 04 04 00 00 00 00 04 04 04 04 04 04 04 04 04 04 04 04 04 04 04 04 04 04 04 04 04 04 04 04 04 04 04 04 04 04 04 04 04 04 04 04 04 04 04 04 04 04 04 04 04 04 04 04 04 04 04 
00 00 04 04 00 00 04 04 04 04 00 00 04 00 00 00 04 04 04 04 04 04 04 04 04 04 04 04 04 04 04 04 04 04 04 04 04 04 04 04 04 04 04 04 04 04 04 04 04 04 04 04 04 04 04 04 04 04 04 04 04 04 04 04 
SetPalette
00 04 04 04 04 04 04 04 04 04 04 04 04 04 04 04 04 04 04 04 04 04 04 04 04 04 04 04 04 04 04 04 04 04 04 04 04 04 04 04 04 04 04 04 04 04 04 04 04 04 04 04 04 04 04 04 04 04 04 04 04 04 04 04 
00 00 04 00 00 00 00 04 04 00 00 00 00 04 04 04 04 04 04 04 04 04 04 04 04 04 04 04 04 04 04 04 04 04 04 04 04 04 04 04 04 04 04 04 04 04 04 04 04 04 04 04 04 04 04 04 04 04 04 04 04 04 04 04 
00 00 04 04 00 00 04 04 04 04 00 00 04 00 00 00 04 04 04 04 04 04 04 04 04 04 04 04 04 04 04 04 04 04 04 04 04 04 04 04 04 04 04 04 04 04 04 04 04 04 04 04 04 04 04 04 04 04 04 04 04 04 04 04 
SetPalette
00 04 04 04 04 04 04 04 04 04 04 04 04 04 04 04 04 04 04 04 04 04 04 04 04 04 04 04 04 04 04 04 04 04 04 04 04 04 04 04 04 04 04 04 04 04 04 04 04 04 04 04 04 04 04 04 04 04 04 04 04 04 04 04 
00 00 04 00 00 00 00 04 04 00 00 00 00 04 04 04 04 04 04 04 04 04 04 04 04 04 04 04 04 04 04 04 04 04 04 04 04 04 04 04 04 04 04 04 04 04 04 04 04 04 04 04 04 04 04 04 04 04 04 04 04 04 04 04 
00 00 04 04 00 00 04 04 04 04 00 00 04 00 00 00 04 04 04 04 04 04 04 04 04 04 04 04 04 04 04 04 04 04 04 04 04 04 04 04 04 04 04 04 04 04 04 04 04 04 04 04 04 04 04 04 04 04 04 04 04 04 04 04 
SetPalette
00 04 04 04 04 04 04 04 04 04 04 04 04 04 04 04 04 04 04 04 04 04 04 04 04 04 04 04 04 04 04 04 04 04 04 04 04 04 04 04 04 04 04 04 04 04 04 04 04 04 04 04 04 04 04 04 04 04 04 04 04 04 04 04 
00 00 04 00 00 00 00 04 04 00 00 00 00 04 04 04 04 04 04 04 04 04 04 04 04 04 04 04 04 04 04 04 04 04 04 04 04 04 04 04 04 04 04 04 04 04 04 04 04 04 04 04 04 04 04 04 04 04 04 04 04 04 04 04 
00 00 04 04 00 00 04 04 04 04 00 00 04 00 00 00 04 04 04 04 04 04 04 04 04 04 04 04 04 04 04 04 04 04 04 04 04 04 04 04 04 04 04 04 04 04 04 04 04 04 04 04 04 04 04 04 04 04 04 04 04 04 04 04 
SetPalette
00 04 04 04 04 04 04 04 04 04 04 04 04 04 04 04 04 04 04 04 04 04 04 04 04 04 04 04 04 04 04 04 04 04 04 04 04 04 04 04 04 04 04 04 04 04 04 04 04 04 04 04 04 04 04 04 04 04 04 04 04 04 04 04 
00 00 04 00 00 00 00 04 04 00 00 00 00 04 04 04 04 04 04 04 04 04 04 04 04 04 04 04 04 04 04 04 04 04 04 04 04 04 04 04 04 04 04 04 04 04 04 04 04 04 04 04 04 04 04 04 04 04 04 04 04 04 04 04 
00 00 04 04 00 00 04 04 04 04 00 00 04 00 00 00 04 04 04 04 04 04 04 04 04 04 04 04 04 04 04 04 04 04 04 04 04 04 04 04 04 04 04 04 04 04 04 04 04 04 04 04 04 04 04 04 04 04 04 04 04 04 04 04 
SetPalette
00 04 04 04 04 04 04 04 04 04 04 04 04 04 04 04 04 04 04 04 04 04 04 04 04 04 04 04 04 04 04 04 04 04 04 04 04 04 04 04 04 04 04 04 04 04 04 04 04 04 04 04 04 04 04 04 04 04 04 04 04 04 04 04 
00 00 04 00 00 00 00 04 04 00 00 00 00 04 04 04 04 04 04 04 04 04 04 04 04 04 04 04 04 04 04 04 04 04 04 04 04 04 04 04 04 04 04 04 04 04 04 04 04 04 04 04 04 04 04 04 04 04 04 04 04 04 04 04 
00 00 04 04 00 00 04 04 04 04 00 00 04 00 00 00 04 04 04 04 04 04 04 04 04 04 04 04 04 04 04 04 04 04 04 04 04 04 04 04 04 04 04 04 04 04 04 04 04 04 04 04 04 04 04 04 04 04 04 04 04 04 04 04 
SetPalette
00 04 04 04 04 04 04 04 04 04 04 04 04 04 04 04 04 04 04 04 04 04 04 04 04 04 04 04 04 04 04 04 04 04 04 04 04 04 04 04 04 04 04 04 04 04 04 04 04 04 04 04 04 04 04 04 04 04 04 04 04 04 04 04 
00 00 04 00 00 00 00 04 04 00 00 00 00 04 04 04 04 04 04 04 04 04 04 04 04 04 04 04 04 04 04 04 04 04 04 04 04 04 04 04 04 04 04 04 04 04 04 04 04 04 04 04 04 04 04 04 04 04 04 04 04 04 04 04 
00 00 04 04 00 00 04 04 04 04 00 00 04 00 00 00 04 04 04 04 04 04 04 04 04 04 04 04 04 04 04 04 04 04 04 04 04 04 04 04 04 04 04 04 04 04 04 04 04 04 04 04 04 04 04 04 04 04 04 04 04 04 04 04 
SetPalette
00 04 04 04 04 04 04 04 04 04 04 04 04 04 04 04 04 04 04 04 04 04 04 04 04 04 04 04 04 04 04 04 04 04 04 04 04 04 04 04 04 04 04 04 04 04 04 04 04 04 04 04 04 04 04 04 04 04 04 04 04 04 04 04 
00 00 04 00 00 00 00 04 04 00 00 00 00 04 04 04 04 04 04 04 04 04 04 04 04 04 04 04 04 04 04 04 04 04 04 04 04 04 04 04 04 04 04 04 04 04 04 04 04 04 04 04 04 04 04 04 04 04 04 04 04 04 04 04 
00 00 04 04 00 00 04 04 04 04 00 00 04 00 00 00 04 04 04 04 04 04 04 04 04 04 04 04 04 04 04 04 04 04 04 04 04 04 04 04 04 04 04 04 04 04 04 04 04 04 04 04 04 04 04 04 04 04 04 04 04 04 04 04 
SetPalette
00 04 04 04 04 04 04 04 04 04 04 04 04 04 04 04 04 04 04 04 04 04 04 04 04 04 04 04 04 04 04 04 04 04 04 04 04 04 04 04 04 04 04 04 04 04 04 04 04 04 04 04 04 04 04 04 04 04 04 04 04 04 04 04 
00 00 04 00 00 00 00 04 04 00 00 00 00 04 04 04 04 04 04 04 04 04 04 04 04 04 04 04 04 04 04 04 04 04 04 04 04 04 04 04 04 04 04 04 04 04 04 04 04 04 04 04 04 04 04 04 04 04 04 04 04 04 04 04 
00 00 04 04 00 00 04 04 04 04 00 00 04 00 00 00 04 04 04 04 04 04 04 04 04 04 04 04 04 04 04 04 04 04 04 04 04 04 04 04 04 04 04 04 04 04 04 04 04 04 04 04 04 04 04 04 04 04 04 04 04 04 04 04 
SetPalette
00 44 48 4C 50 54 5C 60 64 70 78 80 10 20 D4 C4 B4 BC A4 90 7C 68 54 1C 24 2C 30 38 5C 80 A4 C8 80 8C 98 A4 B0 BC C4 BC 34 C0 B4 A8 B0 C0 D0 E0 D4 44 C8 C0 BC B4 74 78 90 A4 BC D0 DC E4 EC F8 
00 60 64 68 6C 70 74 78 7C 84 8C 94 0C 1C D8 C8 B8 A4 A4 90 78 64 4C 34 40 4C 58 64 84 A0 BC DC 68 70 78 84 8C 94 9C A0 2C C0 B4 B4 B0 C0 D0 E0 D8 3C CC C8 C4 C0 5C 44 50 58 64 70 8C A4 BC D8 
00 8C 90 98 9C A0 A4 A8 B0 BC C4 D0 0C 18 F0 DC C8 9C B0 98 80 68 50 18 1C 24 28 2C 54 78 9C C4 48 4C 54 5C 60 68 6C 88 28 DC E0 F8 C4 D8 E0 E8 F0 3C F4 F8 F8 FC 40 14 18 1C 20 20 48 70 98 C0 
SetPalette
00 00 00 00 00 00 00 00 00 00 00 00 00 00 00 00 00 00 00 00 00 00 00 00 00 00 00 00 00 00 00 00 00 00 00 00 00 00 00 00 00 00 00 00 00 00 00 00 00 00 00 00 00 00 00 00 00 00 00 00 00 00 00 00 
00 00 00 00 00 00 00 00 00 00 00 00 00 00 00 00 00 00 00 00 00 00 00 00 00 00 00 00 00 00 00 00 00 00 00 00 00 00 00 00 00 00 00 00 00 00 00 00 00 00 00 00 00 00 00 00 00 00 00 00 00 00 00 00 
00 00 00 00 00 00 00 00 00 00 00 00 00 00 00 00 00 00 00 00 00 00 00 00 00 00 00 00 00 00 00 00 00 00 00 00 00 00 00 00 00 00 00 00 00 00 00 00 00 00 00 00 00 00 00 00 00 00 00 00 00 00 00 00 
SetPalette
00 00 00 00 00 00 00 00 00 00 00 00 00 00 00 00 00 00 00 00 00 00 00 00 00 00 00 00 00 00 00 00 00 00 00 00 00 00 00 00 00 00 00 00 00 00 00 00 00 00 00 00 00 00 00 00 00 00 00 00 00 00 00 00 
00 00 00 00 00 00 00 00 00 00 00 00 00 00 00 00 00 00 00 00 00 00 00 00 00 00 00 00 00 00 00 00 00 00 00 00 00 00 00 00 00 00 00 00 00 00 00 00 00 00 00 00 00 00 00 00 00 00 00 00 00 00 00 00 
00 00 00 00 00 00 00 00 00 00 00 00 00 00 00 00 00 00 00 00 00 00 00 00 00 00 00 00 00 00 00 00 00 00 00 00 00 00 00 00 00 00 00 00 00 00 00 00 00 00 00 00 00 00 00 00 00 00 00 00 00 00 00 00 
SetPalette
00 00 00 00 00 00 00 00 00 00 00 00 00 00 00 00 00 00 00 00 00 00 00 00 00 00 00 00 00 00 00 00 00 00 00 00 00 00 00 00 00 00 00 00 00 00 00 00 00 00 00 00 00 00 00 00 00 00 00 00 00 00 00 00 
00 00 00 00 00 00 00 00 00 00 00 00 00 00 00 00 00 00 00 00 00 00 00 00 00 00 00 00 00 00 00 00 00 00 00 00 00 00 00 00 00 00 00 00 00 00 00 00 00 00 00 00 00 00 00 00 00 00 00 00 00 00 00 00 
00 00 00 00 00 00 00 00 00 00 00 00 00 00 00 00 00 00 00 00 00 00 00 00 00 00 00 00 00 00 00 00 00 00 00 00 00 00 00 00 00 00 00 00 00 00 00 00 00 00 00 00 00 00 00 00 00 00 00 00 00 00 00 00 
SetPalette
00 00 00 00 00 00 00 00 00 00 00 00 00 00 00 00 00 00 00 00 00 00 00 00 00 00 00 00 00 00 00 00 00 00 00 00 00 00 00 00 00 00 00 00 00 00 00 00 00 00 00 00 00 00 00 00 00 00 00 00 00 00 00 00 
00 00 00 00 00 00 00 00 00 00 00 00 00 00 00 00 00 00 00 00 00 00 00 00 00 00 00 00 00 00 00 00 00 00 00 00 00 00 00 00 00 00 00 00 00 00 00 00 00 00 00 00 00 00 00 00 00 00 00 00 00 00 00 00 
00 00 00 00 00 00 00 00 00 00 00 00 00 00 00 00 00 00 00 00 00 00 00 00 00 00 00 00 00 00 00 00 00 00 00 00 00 00 00 00 00 00 00 00 00 00 00 00 00 00 00 00 00 00 00 00 00 00 00 00 00 00 00 00 
DrawAndEventsInGame_47560_mod/PaletteChanges_47760_mod()
SetPalette
00 00 00 00 00 00 00 00 00 00 00 00 00 00 00 00 00 00 00 00 00 00 00 00 00 00 00 00 00 00 00 00 00 00 00 00 00 00 00 00 00 00 00 00 00 00 00 00 00 00 00 00 00 00 00 00 00 00 00 00 00 00 00 00 
00 00 00 00 00 00 00 00 00 00 00 00 00 00 00 00 00 00 00 00 00 00 00 00 00 00 00 00 00 00 00 00 00 00 00 00 00 00 00 00 00 00 00 00 00 00 00 00 00 00 00 00 00 00 00 00 00 00 00 00 00 00 00 00 
00 00 00 00 00 00 00 00 00 00 00 00 00 00 00 00 00 00 00 00 00 00 00 00 00 00 00 00 00 00 00 00 00 00 00 00 00 00 00 00 00 00 00 00 00 00 00 00 00 00 00 00 00 00 00 00 00 00 00 00 00 00 00 00 
DrawAndEventsInGame_47560_mod/MouseAndKeysEvents_17A00(turn)
DrawAndEventsInGame_47560_mod/PaletteChanges_47760_mod()
SetPalette
00 00 00 00 00 00 00 00 00 00 00 00 00 00 00 00 00 00 00 00 00 00 00 00 00 00 00 00 00 00 00 00 00 00 00 00 00 00 00 00 00 00 00 00 00 00 00 00 00 00 00 00 00 00 00 00 00 00 00 00 00 00 00 00 
00 00 00 00 00 00 00 00 00 00 00 00 00 00 00 00 00 00 00 00 00 00 00 00 00 00 00 00 00 00 00 00 00 00 00 00 00 00 00 00 00 00 00 00 00 00 00 00 00 00 00 00 00 00 00 00 00 00 00 00 00 00 00 00 
00 00 00 00 00 00 00 00 00 00 00 00 00 00 00 00 00 00 00 00 00 00 00 00 00 00 00 00 00 00 00 00 00 00 00 00 00 00 00 00 00 00 00 00 00 00 00 00 00 00 00 00 00 00 00 00 00 00 00 00 00 00 00 00 
MBChangePalette gain(0.000000 0.000000 0.000000), offset(0.000000 0.000000 0.000000), sat(1.000000)
DrawAndEventsInGame_47560_mod/MouseAndKeysEvents_17A00(turn)
DrawAndEventsInGame_47560_mod/PaletteChanges_47760_mod()
SetPalette
00 00 04 08 0C 10 10 14 18 1C 1C 20 24 28 2C 2C 30 34 34 34 38 38 38 38 38 38 30 30 2C 3C 3C 3C 14 00 00 00 00 00 04 04 04 04 08 08 08 08 08 0C 08 08 08 08 08 04 04 04 04 04 04 00 00 00 00 04 
00 00 00 00 00 00 00 00 00 00 00 00 00 00 00 00 00 00 04 08 08 0C 10 10 14 18 3C 30 24 3C 3C 3C 18 00 00 04 04 04 08 08 08 08 0C 0C 0C 0C 10 10 10 10 0C 0C 0C 0C 08 08 08 08 04 04 04 00 00 0C 
00 00 00 00 00 00 00 00 00 00 00 00 00 00 00 00 00 00 00 00 00 00 00 00 00 00 00 00 00 3C 3C 3C 20 00 00 04 04 04 08 08 08 08 0C 0C 0C 0C 10 10 14 14 10 10 10 0C 0C 0C 08 08 08 04 04 00 00 10 
MBChangePalette gain(0.250000 0.250000 0.250000), offset(0.000000 0.000000 0.000000), sat(1.000000)
DrawAndEventsInGame_47560_mod/MouseAndKeysEvents_17A00(turn)
DrawAndEventsInGame_47560_mod/PaletteChanges_47760_mod()
SetPalette
00 04 0C 10 18 20 24 2C 30 38 3C 44 4C 50 58 5C 64 6C 6C 6C 70 70 70 74 74 74 64 60 58 7C 7C 7C 28 00 00 00 04 04 08 08 0C 0C 10 10 14 14 14 18 14 14 14 10 10 0C 0C 0C 08 08 08 04 04 00 00 0C 
00 00 00 00 00 00 00 00 00 00 04 04 04 04 04 04 04 04 0C 10 14 1C 20 24 2C 30 7C 64 48 7C 7C 7C 34 00 04 08 08 0C 10 10 14 14 18 18 1C 1C 20 20 24 20 1C 1C 18 18 14 14 10 10 0C 0C 08 04 00 18 
00 00 00 00 00 00 00 00 00 00 00 00 00 00 00 00 00 00 00 00 00 00 00 00 00 00 00 00 00 7C 7C 7C 40 00 04 08 08 0C 10 10 14 14 18 18 1C 1C 20 20 2C 28 24 24 20 1C 18 18 14 10 10 0C 08 04 00 20 
MBChangePalette gain(0.500000 0.500000 0.500000), offset(0.000000 0.000000 0.000000), sat(1.000000)
DrawAndEventsInGame_47560_mod/MouseAndKeysEvents_17A00(turn)
DrawAndEventsInGame_47560_mod/PaletteChanges_47760_mod()
SetPalette
00 08 10 18 24 30 38 40 48 54 5C 68 70 78 84 8C 94 A0 A0 A4 A8 A8 A8 AC B0 B0 98 90 84 BC BC BC 3C 00 00 00 04 08 0C 0C 10 14 18 18 1C 20 20 24 20 20 1C 18 18 14 14 10 0C 0C 0C 08 04 00 00 10 
00 00 00 00 00 00 00 00 00 00 04 04 04 04 04 04 08 08 10 18 20 28 30 38 40 48 BC 94 6C BC BC BC 50 00 08 0C 0C 10 18 18 1C 20 24 24 28 2C 30 30 34 30 2C 28 24 24 20 1C 18 18 14 10 0C 08 00 24 
00 00 00 00 00 00 00 00 00 00 00 00 00 00 00 00 00 00 00 00 00 00 00 00 00 00 00 00 00 BC BC BC 60 00 08 0C 0C 10 18 18 1C 20 24 24 28 2C 30 30 40 3C 38 34 30 2C 24 24 20 18 18 10 0C 08 00 30 
MBChangePalette gain(0.750000 0.750000 0.750000), offset(0.000000 0.000000 0.000000), sat(1.000000)
DrawAndEventsInGame_47560_mod/MouseAndKeysEvents_17A00(turn)
DrawAndEventsInGame_47560_mod/PaletteChanges_47760_mod()
SetPalette
00 0C 18 24 30 40 4C 58 64 70 7C 8C 98 A4 B0 BC C8 D8 D8 DC E0 E0 E4 E8 EC EC CC C0 B4 FC FC FC 50 00 04 04 08 0C 10 14 18 1C 20 24 28 2C 2C 30 2C 2C 28 24 20 1C 1C 18 14 10 10 0C 08 04 04 18 
00 00 00 00 00 04 04 04 04 04 08 08 08 08 08 08 0C 0C 18 20 2C 38 40 4C 58 60 FC C8 94 FC FC FC 6C 04 0C 10 14 18 20 24 28 2C 30 34 38 3C 40 44 48 44 3C 38 34 30 2C 28 24 20 1C 18 10 0C 04 34 
00 00 00 00 00 00 00 00 00 00 00 00 00 00 00 00 00 00 00 00 00 00 00 00 00 00 00 00 00 FC FC FC 84 04 0C 10 14 18 20 24 28 2C 30 34 38 3C 40 44 58 54 4C 48 40 3C 34 30 2C 24 20 18 14 0C 04 44 
MBChangePalette gain(1.000000 1.000000 1.000000), offset(0.000000 0.000000 0.000000), sat(1.000000)
DrawAndEventsInGame_47560_mod/MouseAndKeysEvents_17A00(turn)
DrawAndEventsInGame_47560_mod/PaletteChanges_47760_mod()
DrawAndEventsInGame_47560_mod/MouseAndKeysEvents_17A00(turn)
DrawAndEventsInGame_47560_mod/PaletteChanges_47760_mod()
DrawAndEventsInGame_47560_mod/MouseAndKeysEvents_17A00(turn)
DrawAndEventsInGame_47560_mod/PaletteChanges_47760_mod()
DrawAndEventsInGame_47560_mod/MouseAndKeysEvents_17A00(turn)
DrawAndEventsInGame_47560_mod/PaletteChanges_47760_mod()
DrawAndEventsInGame_47560_mod/MouseAndKeysEvents_17A00(turn)
DrawAndEventsInGame_47560_mod/PaletteChanges_47760_mod()
DrawAndEventsInGame_47560_mod/MouseAndKeysEvents_17A00(turn)
DrawAndEventsInGame_47560_mod/PaletteChanges_47760_mod()
DrawAndEventsInGame_47560_mod/MouseAndKeysEvents_17A00(turn)
DrawAndEventsInGame_47560_mod/PaletteChanges_47760_mod()
DrawAndEventsInGame_47560_mod/MouseAndKeysEvents_17A00(turn)
DrawAndEventsInGame_47560_mod/PaletteChanges_47760_mod()
DrawAndEventsInGame_47560_mod/MouseAndKeysEvents_17A00(turn)
DrawAndEventsInGame_47560_mod/PaletteChanges_47760_mod()
DrawAndEventsInGame_47560_mod/MouseAndKeysEvents_17A00(turn)
DrawAndEventsInGame_47560_mod/PaletteChanges_47760_mod()
DrawAndEventsInGame_47560_mod/MouseAndKeysEvents_17A00(turn)
DrawAndEventsInGame_47560_mod/PaletteChanges_47760_mod()
DrawAndEventsInGame_47560_mod/MouseAndKeysEvents_17A00(turn)
DrawAndEventsInGame_47560_mod/PaletteChanges_47760_mod()
DrawAndEventsInGame_47560_mod/MouseAndKeysEvents_17A00(turn)
DrawAndEventsInGame_47560_mod/PaletteChanges_47760_mod()
DrawAndEventsInGame_47560_mod/MouseAndKeysEvents_17A00(turn)
DrawAndEventsInGame_47560_mod/PaletteChanges_47760_mod()
DrawAndEventsInGame_47560_mod/MouseAndKeysEvents_17A00(turn)
DrawAndEventsInGame_47560_mod/PaletteChanges_47760_mod()
DrawAndEventsInGame_47560_mod/MouseAndKeysEvents_17A00(turn)
DrawAndEventsInGame_47560_mod/PaletteChanges_47760_mod()
DrawAndEventsInGame_47560_mod/MouseAndKeysEvents_17A00(turn)
DrawAndEventsInGame_47560_mod/PaletteChanges_47760_mod()
DrawAndEventsInGame_47560_mod/MouseAndKeysEvents_17A00(turn)
DrawAndEventsInGame_47560_mod/PaletteChanges_47760_mod()
DrawAndEventsInGame_47560_mod/MouseAndKeysEvents_17A00(turn)
DrawAndEventsInGame_47560_mod/PaletteChanges_47760_mod()
DrawAndEventsInGame_47560_mod/MouseAndKeysEvents_17A00(turn)
DrawAndEventsInGame_47560_mod/PaletteChanges_47760_mod()
DrawAndEventsInGame_47560_mod/MouseAndKeysEvents_17A00(turn)
DrawAndEventsInGame_47560_mod/PaletteChanges_47760_mod()
DrawAndEventsInGame_47560_mod/MouseAndKeysEvents_17A00(turn)
DrawAndEventsInGame_47560_mod/PaletteChanges_47760_mod()
DrawAndEventsInGame_47560_mod/MouseAndKeysEvents_17A00(turn)
DrawAndEventsInGame_47560_mod/PaletteChanges_47760_mod()
DrawAndEventsInGame_47560_mod/MouseAndKeysEvents_17A00(turn)
DrawAndEventsInGame_47560_mod/PaletteChanges_47760_mod()
DrawAndEventsInGame_47560_mod/MouseAndKeysEvents_17A00(turn)
DrawAndEventsInGame_47560_mod/PaletteChanges_47760_mod()
DrawAndEventsInGame_47560_mod/MouseAndKeysEvents_17A00(turn)
DrawAndEventsInGame_47560_mod/PaletteChanges_47760_mod()
DrawAndEventsInGame_47560_mod/MouseAndKeysEvents_17A00(turn)
DrawAndEventsInGame_47560_mod/PaletteChanges_47760_mod()
DrawAndEventsInGame_47560_mod/MouseAndKeysEvents_17A00(turn)
DrawAndEventsInGame_47560_mod/PaletteChanges_47760_mod()
DrawAndEventsInGame_47560_mod/MouseAndKeysEvents_17A00(turn)
DrawAndEventsInGame_47560_mod/PaletteChanges_47760_mod()
DrawAndEventsInGame_47560_mod/MouseAndKeysEvents_17A00(turn)
DrawAndEventsInGame_47560_mod/PaletteChanges_47760_mod()
DrawAndEventsInGame_47560_mod/MouseAndKeysEvents_17A00(turn)
DrawAndEventsInGame_47560_mod/PaletteChanges_47760_mod()
DrawAndEventsInGame_47560_mod/MouseAndKeysEvents_17A00(turn)
DrawAndEventsInGame_47560_mod/PaletteChanges_47760_mod()
DrawAndEventsInGame_47560_mod/MouseAndKeysEvents_17A00(turn)
DrawAndEventsInGame_47560_mod/PaletteChanges_47760_mod()
DrawAndEventsInGame_47560_mod/MouseAndKeysEvents_17A00(turn)
DrawAndEventsInGame_47560_mod/PaletteChanges_47760_mod()
DrawAndEventsInGame_47560_mod/MouseAndKeysEvents_17A00(turn)
DrawAndEventsInGame_47560_mod/PaletteChanges_47760_mod()
DrawAndEventsInGame_47560_mod/MouseAndKeysEvents_17A00(turn)
DrawAndEventsInGame_47560_mod/PaletteChanges_47760_mod()
DrawAndEventsInGame_47560_mod/MouseAndKeysEvents_17A00(turn)
DrawAndEventsInGame_47560_mod/PaletteChanges_47760_mod()
DrawAndEventsInGame_47560_mod/MouseAndKeysEvents_17A00(turn)
DrawAndEventsInGame_47560_mod/PaletteChanges_47760_mod()
DrawAndEventsInGame_47560_mod/MouseAndKeysEvents_17A00(turn)
DrawAndEventsInGame_47560_mod/PaletteChanges_47760_mod()
DrawAndEventsInGame_47560_mod/MouseAndKeysEvents_17A00(turn)
DrawAndEventsInGame_47560_mod/PaletteChanges_47760_mod()
DrawAndEventsInGame_47560_mod/MouseAndKeysEvents_17A00(turn)
DrawAndEventsInGame_47560_mod/PaletteChanges_47760_mod()
DrawAndEventsInGame_47560_mod/MouseAndKeysEvents_17A00(turn)
DrawAndEventsInGame_47560_mod/PaletteChanges_47760_mod()
DrawAndEventsInGame_47560_mod/MouseAndKeysEvents_17A00(turn)
DrawAndEventsInGame_47560_mod/PaletteChanges_47760_mod()
DrawAndEventsInGame_47560_mod/MouseAndKeysEvents_17A00(turn)
DrawAndEventsInGame_47560_mod/PaletteChanges_47760_mod()
DrawAndEventsInGame_47560_mod/MouseAndKeysEvents_17A00(turn)
DrawAndEventsInGame_47560_mod/PaletteChanges_47760_mod()
DrawAndEventsInGame_47560_mod/MouseAndKeysEvents_17A00(turn)
DrawAndEventsInGame_47560_mod/PaletteChanges_47760_mod()
DrawAndEventsInGame_47560_mod/MouseAndKeysEvents_17A00(turn)
DrawAndEventsInGame_47560_mod/PaletteChanges_47760_mod()
DrawAndEventsInGame_47560_mod/MouseAndKeysEvents_17A00(turn)
DrawAndEventsInGame_47560_mod/PaletteChanges_47760_mod()
DrawAndEventsInGame_47560_mod/MouseAndKeysEvents_17A00(turn)
DrawAndEventsInGame_47560_mod/PaletteChanges_47760_mod()
DrawAndEventsInGame_47560_mod/MouseAndKeysEvents_17A00(turn)
DrawAndEventsInGame_47560_mod/PaletteChanges_47760_mod()
DrawAndEventsInGame_47560_mod/MouseAndKeysEvents_17A00(turn)
DrawAndEventsInGame_47560_mod/PaletteChanges_47760_mod()
DrawAndEventsInGame_47560_mod/MouseAndKeysEvents_17A00(turn)
DrawAndEventsInGame_47560_mod/PaletteChanges_47760_mod()
DrawAndEventsInGame_47560_mod/MouseAndKeysEvents_17A00(turn)
DrawAndEventsInGame_47560_mod/PaletteChanges_47760_mod()
DrawAndEventsInGame_47560_mod/MouseAndKeysEvents_17A00(turn)
DrawAndEventsInGame_47560_mod/PaletteChanges_47760_mod()
DrawAndEventsInGame_47560_mod/MouseAndKeysEvents_17A00(turn)
DrawAndEventsInGame_47560_mod/PaletteChanges_47760_mod()
DrawAndEventsInGame_47560_mod/MouseAndKeysEvents_17A00(turn)
DrawAndEventsInGame_47560_mod/PaletteChanges_47760_mod()
DrawAndEventsInGame_47560_mod/MouseAndKeysEvents_17A00(turn)
DrawAndEventsInGame_47560_mod/PaletteChanges_47760_mod()
DrawAndEventsInGame_47560_mod/MouseAndKeysEvents_17A00(turn)
DrawAndEventsInGame_47560_mod/PaletteChanges_47760_mod()
DrawAndEventsInGame_47560_mod/MouseAndKeysEvents_17A00(turn)
DrawAndEventsInGame_47560_mod/PaletteChanges_47760_mod()
DrawAndEventsInGame_47560_mod/MouseAndKeysEvents_17A00(turn)
DrawAndEventsInGame_47560_mod/PaletteChanges_47760_mod()
DrawAndEventsInGame_47560_mod/MouseAndKeysEvents_17A00(turn)
DrawAndEventsInGame_47560_mod/PaletteChanges_47760_mod()
DrawAndEventsInGame_47560_mod/MouseAndKeysEvents_17A00(turn)
DrawAndEventsInGame_47560_mod/PaletteChanges_47760_mod()
DrawAndEventsInGame_47560_mod/MouseAndKeysEvents_17A00(turn)
DrawAndEventsInGame_47560_mod/PaletteChanges_47760_mod()
DrawAndEventsInGame_47560_mod/MouseAndKeysEvents_17A00(turn)
DrawAndEventsInGame_47560_mod/PaletteChanges_47760_mod()
DrawAndEventsInGame_47560_mod/MouseAndKeysEvents_17A00(turn)
DrawAndEventsInGame_47560_mod/PaletteChanges_47760_mod()
DrawAndEventsInGame_47560_mod/MouseAndKeysEvents_17A00(turn)
DrawAndEventsInGame_47560_mod/PaletteChanges_47760_mod()
DrawAndEventsInGame_47560_mod/MouseAndKeysEvents_17A00(turn)
DrawAndEventsInGame_47560_mod/PaletteChanges_47760_mod()
DrawAndEventsInGame_47560_mod/MouseAndKeysEvents_17A00(turn)
DrawAndEventsInGame_47560_mod/PaletteChanges_47760_mod()
DrawAndEventsInGame_47560_mod/MouseAndKeysEvents_17A00(turn)
DrawAndEventsInGame_47560_mod/PaletteChanges_47760_mod()
DrawAndEventsInGame_47560_mod/MouseAndKeysEvents_17A00(turn)
DrawAndEventsInGame_47560_mod/PaletteChanges_47760_mod()
DrawAndEventsInGame_47560_mod/MouseAndKeysEvents_17A00(turn)
DrawAndEventsInGame_47560_mod/PaletteChanges_47760_mod()
DrawAndEventsInGame_47560_mod/MouseAndKeysEvents_17A00(turn)
DrawAndEventsInGame_47560_mod/PaletteChanges_47760_mod()
DrawAndEventsInGame_47560_mod/MouseAndKeysEvents_17A00(turn)
DrawAndEventsInGame_47560_mod/PaletteChanges_47760_mod()
DrawAndEventsInGame_47560_mod/MouseAndKeysEvents_17A00(turn)
DrawAndEventsInGame_47560_mod/PaletteChanges_47760_mod()
DrawAndEventsInGame_47560_mod/MouseAndKeysEvents_17A00(turn)
DrawAndEventsInGame_47560_mod/PaletteChanges_47760_mod()
DrawAndEventsInGame_47560_mod/MouseAndKeysEvents_17A00(turn)
DrawAndEventsInGame_47560_mod/PaletteChanges_47760_mod()
DrawAndEventsInGame_47560_mod/MouseAndKeysEvents_17A00(turn)
DrawAndEventsInGame_47560_mod/PaletteChanges_47760_mod()
DrawAndEventsInGame_47560_mod/MouseAndKeysEvents_17A00(turn)
DrawAndEventsInGame_47560_mod/PaletteChanges_47760_mod()
DrawAndEventsInGame_47560_mod/MouseAndKeysEvents_17A00(turn)
DrawAndEventsInGame_47560_mod/PaletteChanges_47760_mod()
DrawAndEventsInGame_47560_mod/MouseAndKeysEvents_17A00(turn)
DrawAndEventsInGame_47560_mod/PaletteChanges_47760_mod()
DrawAndEventsInGame_47560_mod/MouseAndKeysEvents_17A00(turn)
DrawAndEventsInGame_47560_mod/PaletteChanges_47760_mod()
DrawAndEventsInGame_47560_mod/MouseAndKeysEvents_17A00(turn)
DrawAndEventsInGame_47560_mod/PaletteChanges_47760_mod()
DrawAndEventsInGame_47560_mod/MouseAndKeysEvents_17A00(turn)
DrawAndEventsInGame_47560_mod/PaletteChanges_47760_mod()
DrawAndEventsInGame_47560_mod/MouseAndKeysEvents_17A00(turn)
DrawAndEventsInGame_47560_mod/PaletteChanges_47760_mod()
DrawAndEventsInGame_47560_mod/MouseAndKeysEvents_17A00(turn)
DrawAndEventsInGame_47560_mod/PaletteChanges_47760_mod()
DrawAndEventsInGame_47560_mod/MouseAndKeysEvents_17A00(turn)
DrawAndEventsInGame_47560_mod/PaletteChanges_47760_mod()
DrawAndEventsInGame_47560_mod/MouseAndKeysEvents_17A00(turn)
DrawAndEventsInGame_47560_mod/PaletteChanges_47760_mod()
DrawAndEventsInGame_47560_mod/MouseAndKeysEvents_17A00(turn)
DrawAndEventsInGame_47560_mod/PaletteChanges_47760_mod()
DrawAndEventsInGame_47560_mod/MouseAndKeysEvents_17A00(turn)
DrawAndEventsInGame_47560_mod/PaletteChanges_47760_mod()
DrawAndEventsInGame_47560_mod/MouseAndKeysEvents_17A00(turn)
DrawAndEventsInGame_47560_mod/PaletteChanges_47760_mod()
DrawAndEventsInGame_47560_mod/MouseAndKeysEvents_17A00(turn)
DrawAndEventsInGame_47560_mod/PaletteChanges_47760_mod()
DrawAndEventsInGame_47560_mod/MouseAndKeysEvents_17A00(turn)
DrawAndEventsInGame_47560_mod/PaletteChanges_47760_mod()
DrawAndEventsInGame_47560_mod/MouseAndKeysEvents_17A00(turn)
DrawAndEventsInGame_47560_mod/PaletteChanges_47760_mod()
DrawAndEventsInGame_47560_mod/MouseAndKeysEvents_17A00(turn)
DrawAndEventsInGame_47560_mod/PaletteChanges_47760_mod()
DrawAndEventsInGame_47560_mod/MouseAndKeysEvents_17A00(turn)
DrawAndEventsInGame_47560_mod/PaletteChanges_47760_mod()
DrawAndEventsInGame_47560_mod/MouseAndKeysEvents_17A00(turn)
DrawAndEventsInGame_47560_mod/PaletteChanges_47760_mod()
DrawAndEventsInGame_47560_mod/MouseAndKeysEvents_17A00(turn)
DrawAndEventsInGame_47560_mod/PaletteChanges_47760_mod()
DrawAndEventsInGame_47560_mod/MouseAndKeysEvents_17A00(turn)
DrawAndEventsInGame_47560_mod/PaletteChanges_47760_mod()
DrawAndEventsInGame_47560_mod/MouseAndKeysEvents_17A00(turn)
DrawAndEventsInGame_47560_mod/PaletteChanges_47760_mod()
DrawAndEventsInGame_47560_mod/MouseAndKeysEvents_17A00(turn)
DrawAndEventsInGame_47560_mod/PaletteChanges_47760_mod()
DrawAndEventsInGame_47560_mod/MouseAndKeysEvents_17A00(turn)
DrawAndEventsInGame_47560_mod/PaletteChanges_47760_mod()
DrawAndEventsInGame_47560_mod/MouseAndKeysEvents_17A00(turn)
DrawAndEventsInGame_47560_mod/PaletteChanges_47760_mod()
DrawAndEventsInGame_47560_mod/MouseAndKeysEvents_17A00(turn)
DrawAndEventsInGame_47560_mod/PaletteChanges_47760_mod()
DrawAndEventsInGame_47560_mod/MouseAndKeysEvents_17A00(turn)
DrawAndEventsInGame_47560_mod/PaletteChanges_47760_mod()
DrawAndEventsInGame_47560_mod/MouseAndKeysEvents_17A00(turn)
DrawAndEventsInGame_47560_mod/PaletteChanges_47760_mod()
DrawAndEventsInGame_47560_mod/MouseAndKeysEvents_17A00(turn)
DrawAndEventsInGame_47560_mod/PaletteChanges_47760_mod()
DrawAndEventsInGame_47560_mod/MouseAndKeysEvents_17A00(turn)
DrawAndEventsInGame_47560_mod/PaletteChanges_47760_mod()
DrawAndEventsInGame_47560_mod/MouseAndKeysEvents_17A00(turn)
DrawAndEventsInGame_47560_mod/PaletteChanges_47760_mod()
DrawAndEventsInGame_47560_mod/MouseAndKeysEvents_17A00(turn)
DrawAndEventsInGame_47560_mod/PaletteChanges_47760_mod()
DrawAndEventsInGame_47560_mod/MouseAndKeysEvents_17A00(turn)
DrawAndEventsInGame_47560_mod/PaletteChanges_47760_mod()
DrawAndEventsInGame_47560_mod/MouseAndKeysEvents_17A00(turn)
DrawAndEventsInGame_47560_mod/PaletteChanges_47760_mod()
DrawAndEventsInGame_47560_mod/MouseAndKeysEvents_17A00(turn)
DrawAndEventsInGame_47560_mod/PaletteChanges_47760_mod()
DrawAndEventsInGame_47560_mod/MouseAndKeysEvents_17A00(turn)
DrawAndEventsInGame_47560_mod/PaletteChanges_47760_mod()
DrawAndEventsInGame_47560_mod/MouseAndKeysEvents_17A00(turn)
DrawAndEventsInGame_47560_mod/PaletteChanges_47760_mod()
DrawAndEventsInGame_47560_mod/MouseAndKeysEvents_17A00(turn)
DrawAndEventsInGame_47560_mod/PaletteChanges_47760_mod()
DrawAndEventsInGame_47560_mod/MouseAndKeysEvents_17A00(turn)
DrawAndEventsInGame_47560_mod/PaletteChanges_47760_mod()
DrawAndEventsInGame_47560_mod/MouseAndKeysEvents_17A00(turn)
DrawAndEventsInGame_47560_mod/PaletteChanges_47760_mod()
DrawAndEventsInGame_47560_mod/MouseAndKeysEvents_17A00(turn)
DrawAndEventsInGame_47560_mod/PaletteChanges_47760_mod()
DrawAndEventsInGame_47560_mod/MouseAndKeysEvents_17A00(turn)
DrawAndEventsInGame_47560_mod/PaletteChanges_47760_mod()
DrawAndEventsInGame_47560_mod/MouseAndKeysEvents_17A00(turn)
DrawAndEventsInGame_47560_mod/PaletteChanges_47760_mod()
DrawAndEventsInGame_47560_mod/MouseAndKeysEvents_17A00(turn)
DrawAndEventsInGame_47560_mod/PaletteChanges_47760_mod()
DrawAndEventsInGame_47560_mod/MouseAndKeysEvents_17A00(turn)
DrawAndEventsInGame_47560_mod/PaletteChanges_47760_mod()
DrawAndEventsInGame_47560_mod/MouseAndKeysEvents_17A00(turn)
DrawAndEventsInGame_47560_mod/PaletteChanges_47760_mod()
DrawAndEventsInGame_47560_mod/MouseAndKeysEvents_17A00(turn)
DrawAndEventsInGame_47560_mod/PaletteChanges_47760_mod()
DrawAndEventsInGame_47560_mod/MouseAndKeysEvents_17A00(turn)
DrawAndEventsInGame_47560_mod/PaletteChanges_47760_mod()
DrawAndEventsInGame_47560_mod/MouseAndKeysEvents_17A00(turn)
DrawAndEventsInGame_47560_mod/PaletteChanges_47760_mod()
DrawAndEventsInGame_47560_mod/MouseAndKeysEvents_17A00(turn)
DrawAndEventsInGame_47560_mod/PaletteChanges_47760_mod()
DrawAndEventsInGame_47560_mod/MouseAndKeysEvents_17A00(turn)
DrawAndEventsInGame_47560_mod/PaletteChanges_47760_mod()
DrawAndEventsInGame_47560_mod/MouseAndKeysEvents_17A00(turn)
DrawAndEventsInGame_47560_mod/PaletteChanges_47760_mod()
DrawAndEventsInGame_47560_mod/MouseAndKeysEvents_17A00(turn)
DrawAndEventsInGame_47560_mod/PaletteChanges_47760_mod()
DrawAndEventsInGame_47560_mod/MouseAndKeysEvents_17A00(turn)
DrawAndEventsInGame_47560_mod/PaletteChanges_47760_mod()
DrawAndEventsInGame_47560_mod/MouseAndKeysEvents_17A00(turn)
DrawAndEventsInGame_47560_mod/PaletteChanges_47760_mod()
DrawAndEventsInGame_47560_mod/MouseAndKeysEvents_17A00(turn)
DrawAndEventsInGame_47560_mod/PaletteChanges_47760_mod()
DrawAndEventsInGame_47560_mod/MouseAndKeysEvents_17A00(turn)
DrawAndEventsInGame_47560_mod/PaletteChanges_47760_mod()
DrawAndEventsInGame_47560_mod/MouseAndKeysEvents_17A00(turn)
DrawAndEventsInGame_47560_mod/PaletteChanges_47760_mod()
DrawAndEventsInGame_47560_mod/MouseAndKeysEvents_17A00(turn)
DrawAndEventsInGame_47560_mod/PaletteChanges_47760_mod()
DrawAndEventsInGame_47560_mod/MouseAndKeysEvents_17A00(turn)
DrawAndEventsInGame_47560_mod/PaletteChanges_47760_mod()
DrawAndEventsInGame_47560_mod/MouseAndKeysEvents_17A00(turn)
DrawAndEventsInGame_47560_mod/PaletteChanges_47760_mod()
DrawAndEventsInGame_47560_mod/MouseAndKeysEvents_17A00(turn)
DrawAndEventsInGame_47560_mod/PaletteChanges_47760_mod()
DrawAndEventsInGame_47560_mod/MouseAndKeysEvents_17A00(turn)
DrawAndEventsInGame_47560_mod/PaletteChanges_47760_mod()
DrawAndEventsInGame_47560_mod/MouseAndKeysEvents_17A00(turn)
DrawAndEventsInGame_47560_mod/PaletteChanges_47760_mod()
DrawAndEventsInGame_47560_mod/MouseAndKeysEvents_17A00(turn)
DrawAndEventsInGame_47560_mod/PaletteChanges_47760_mod()
DrawAndEventsInGame_47560_mod/MouseAndKeysEvents_17A00(turn)
DrawAndEventsInGame_47560_mod/PaletteChanges_47760_mod()
DrawAndEventsInGame_47560_mod/MouseAndKeysEvents_17A00(turn)
DrawAndEventsInGame_47560_mod/PaletteChanges_47760_mod()
DrawAndEventsInGame_47560_mod/MouseAndKeysEvents_17A00(turn)
DrawAndEventsInGame_47560_mod/PaletteChanges_47760_mod()
DrawAndEventsInGame_47560_mod/MouseAndKeysEvents_17A00(turn)
DrawAndEventsInGame_47560_mod/PaletteChanges_47760_mod()
DrawAndEventsInGame_47560_mod/MouseAndKeysEvents_17A00(turn)
DrawAndEventsInGame_47560_mod/PaletteChanges_47760_mod()
DrawAndEventsInGame_47560_mod/MouseAndKeysEvents_17A00(turn)
DrawAndEventsInGame_47560_mod/PaletteChanges_47760_mod()
DrawAndEventsInGame_47560_mod/MouseAndKeysEvents_17A00(turn)
DrawAndEventsInGame_47560_mod/PaletteChanges_47760_mod()
DrawAndEventsInGame_47560_mod/MouseAndKeysEvents_17A00(turn)
DrawAndEventsInGame_47560_mod/PaletteChanges_47760_mod()
DrawAndEventsInGame_47560_mod/MouseAndKeysEvents_17A00(turn)
DrawAndEventsInGame_47560_mod/PaletteChanges_47760_mod()
DrawAndEventsInGame_47560_mod/MouseAndKeysEvents_17A00(turn)
DrawAndEventsInGame_47560_mod/PaletteChanges_47760_mod()
DrawAndEventsInGame_47560_mod/MouseAndKeysEvents_17A00(turn)
DrawAndEventsInGame_47560_mod/PaletteChanges_47760_mod()
DrawAndEventsInGame_47560_mod/MouseAndKeysEvents_17A00(turn)
DrawAndEventsInGame_47560_mod/PaletteChanges_47760_mod()
DrawAndEventsInGame_47560_mod/MouseAndKeysEvents_17A00(turn)
DrawAndEventsInGame_47560_mod/PaletteChanges_47760_mod()
DrawAndEventsInGame_47560_mod/MouseAndKeysEvents_17A00(turn)
DrawAndEventsInGame_47560_mod/PaletteChanges_47760_mod()
DrawAndEventsInGame_47560_mod/MouseAndKeysEvents_17A00(turn)
DrawAndEventsInGame_47560_mod/PaletteChanges_47760_mod()
DrawAndEventsInGame_47560_mod/MouseAndKeysEvents_17A00(turn)
DrawAndEventsInGame_47560_mod/PaletteChanges_47760_mod()
DrawAndEventsInGame_47560_mod/MouseAndKeysEvents_17A00(turn)
DrawAndEventsInGame_47560_mod/PaletteChanges_47760_mod()
DrawAndEventsInGame_47560_mod/MouseAndKeysEvents_17A00(turn)
DrawAndEventsInGame_47560_mod/PaletteChanges_47760_mod()
DrawAndEventsInGame_47560_mod/MouseAndKeysEvents_17A00(turn)
DrawAndEventsInGame_47560_mod/PaletteChanges_47760_mod()
DrawAndEventsInGame_47560_mod/MouseAndKeysEvents_17A00(turn)
DrawAndEventsInGame_47560_mod/PaletteChanges_47760_mod()
DrawAndEventsInGame_47560_mod/MouseAndKeysEvents_17A00(turn)
DrawAndEventsInGame_47560_mod/PaletteChanges_47760_mod()
DrawAndEventsInGame_47560_mod/MouseAndKeysEvents_17A00(turn)
DrawAndEventsInGame_47560_mod/PaletteChanges_47760_mod()
DrawAndEventsInGame_47560_mod/MouseAndKeysEvents_17A00(turn)
DrawAndEventsInGame_47560_mod/PaletteChanges_47760_mod()
DrawAndEventsInGame_47560_mod/MouseAndKeysEvents_17A00(turn)
DrawAndEventsInGame_47560_mod/PaletteChanges_47760_mod()
DrawAndEventsInGame_47560_mod/MouseAndKeysEvents_17A00(turn)
DrawAndEventsInGame_47560_mod/PaletteChanges_47760_mod()
DrawAndEventsInGame_47560_mod/MouseAndKeysEvents_17A00(turn)
DrawAndEventsInGame_47560_mod/PaletteChanges_47760_mod()
DrawAndEventsInGame_47560_mod/MouseAndKeysEvents_17A00(turn)
DrawAndEventsInGame_47560_mod/PaletteChanges_47760_mod()
DrawAndEventsInGame_47560_mod/MouseAndKeysEvents_17A00(turn)
DrawAndEventsInGame_47560_mod/PaletteChanges_47760_mod()
DrawAndEventsInGame_47560_mod/MouseAndKeysEvents_17A00(turn)
DrawAndEventsInGame_47560_mod/PaletteChanges_47760_mod()
DrawAndEventsInGame_47560_mod/MouseAndKeysEvents_17A00(turn)
DrawAndEventsInGame_47560_mod/PaletteChanges_47760_mod()
DrawAndEventsInGame_47560_mod/MouseAndKeysEvents_17A00(turn)
DrawAndEventsInGame_47560_mod/PaletteChanges_47760_mod()
DrawAndEventsInGame_47560_mod/MouseAndKeysEvents_17A00(turn)
DrawAndEventsInGame_47560_mod/PaletteChanges_47760_mod()
DrawAndEventsInGame_47560_mod/MouseAndKeysEvents_17A00(turn)
DrawAndEventsInGame_47560_mod/PaletteChanges_47760_mod()
DrawAndEventsInGame_47560_mod/MouseAndKeysEvents_17A00(turn)
DrawAndEventsInGame_47560_mod/PaletteChanges_47760_mod()
DrawAndEventsInGame_47560_mod/MouseAndKeysEvents_17A00(turn)
DrawAndEventsInGame_47560_mod/PaletteChanges_47760_mod()
DrawAndEventsInGame_47560_mod/MouseAndKeysEvents_17A00(turn)
DrawAndEventsInGame_47560_mod/PaletteChanges_47760_mod()
DrawAndEventsInGame_47560_mod/MouseAndKeysEvents_17A00(turn)
DrawAndEventsInGame_47560_mod/PaletteChanges_47760_mod()
DrawAndEventsInGame_47560_mod/MouseAndKeysEvents_17A00(turn)
DrawAndEventsInGame_47560_mod/PaletteChanges_47760_mod()
DrawAndEventsInGame_47560_mod/MouseAndKeysEvents_17A00(turn)
DrawAndEventsInGame_47560_mod/PaletteChanges_47760_mod()
DrawAndEventsInGame_47560_mod/MouseAndKeysEvents_17A00(turn)
DrawAndEventsInGame_47560_mod/PaletteChanges_47760_mod()
DrawAndEventsInGame_47560_mod/MouseAndKeysEvents_17A00(turn)
DrawAndEventsInGame_47560_mod/PaletteChanges_47760_mod()
DrawAndEventsInGame_47560_mod/MouseAndKeysEvents_17A00(turn)
DrawAndEventsInGame_47560_mod/PaletteChanges_47760_mod()
DrawAndEventsInGame_47560_mod/MouseAndKeysEvents_17A00(turn)
DrawAndEventsInGame_47560_mod/PaletteChanges_47760_mod()
DrawAndEventsInGame_47560_mod/MouseAndKeysEvents_17A00(turn)
DrawAndEventsInGame_47560_mod/PaletteChanges_47760_mod()
DrawAndEventsInGame_47560_mod/MouseAndKeysEvents_17A00(turn)
DrawAndEventsInGame_47560_mod/PaletteChanges_47760_mod()
DrawAndEventsInGame_47560_mod/MouseAndKeysEvents_17A00(turn)
DrawAndEventsInGame_47560_mod/PaletteChanges_47760_mod()
DrawAndEventsInGame_47560_mod/MouseAndKeysEvents_17A00(turn)
DrawAndEventsInGame_47560_mod/PaletteChanges_47760_mod()
DrawAndEventsInGame_47560_mod/MouseAndKeysEvents_17A00(turn)
DrawAndEventsInGame_47560_mod/PaletteChanges_47760_mod()
DrawAndEventsInGame_47560_mod/MouseAndKeysEvents_17A00(turn)
DrawAndEventsInGame_47560_mod/PaletteChanges_47760_mod()
DrawAndEventsInGame_47560_mod/MouseAndKeysEvents_17A00(turn)
DrawAndEventsInGame_47560_mod/PaletteChanges_47760_mod()
DrawAndEventsInGame_47560_mod/MouseAndKeysEvents_17A00(turn)
DrawAndEventsInGame_47560_mod/PaletteChanges_47760_mod()
DrawAndEventsInGame_47560_mod/MouseAndKeysEvents_17A00(turn)
DrawAndEventsInGame_47560_mod/PaletteChanges_47760_mod()
DrawAndEventsInGame_47560_mod/MouseAndKeysEvents_17A00(turn)
DrawAndEventsInGame_47560_mod/PaletteChanges_47760_mod()
DrawAndEventsInGame_47560_mod/MouseAndKeysEvents_17A00(turn)
DrawAndEventsInGame_47560_mod/PaletteChanges_47760_mod()
DrawAndEventsInGame_47560_mod/MouseAndKeysEvents_17A00(turn)
DrawAndEventsInGame_47560_mod/PaletteChanges_47760_mod()
DrawAndEventsInGame_47560_mod/MouseAndKeysEvents_17A00(turn)
DrawAndEventsInGame_47560_mod/PaletteChanges_47760_mod()
DrawAndEventsInGame_47560_mod/MouseAndKeysEvents_17A00(turn)
DrawAndEventsInGame_47560_mod/PaletteChanges_47760_mod()
DrawAndEventsInGame_47560_mod/MouseAndKeysEvents_17A00(turn)
DrawAndEventsInGame_47560_mod/PaletteChanges_47760_mod()
DrawAndEventsInGame_47560_mod/MouseAndKeysEvents_17A00(turn)
DrawAndEventsInGame_47560_mod/PaletteChanges_47760_mod()
DrawAndEventsInGame_47560_mod/MouseAndKeysEvents_17A00(turn)
DrawAndEventsInGame_47560_mod/PaletteChanges_47760_mod()
DrawAndEventsInGame_47560_mod/MouseAndKeysEvents_17A00(turn)
DrawAndEventsInGame_47560_mod/PaletteChanges_47760_mod()
DrawAndEventsInGame_47560_mod/MouseAndKeysEvents_17A00(turn)
DrawAndEventsInGame_47560_mod/PaletteChanges_47760_mod()
DrawAndEventsInGame_47560_mod/MouseAndKeysEvents_17A00(turn)
DrawAndEventsInGame_47560_mod/PaletteChanges_47760_mod()
DrawAndEventsInGame_47560_mod/MouseAndKeysEvents_17A00(turn)
DrawAndEventsInGame_47560_mod/PaletteChanges_47760_mod()
DrawAndEventsInGame_47560_mod/MouseAndKeysEvents_17A00(turn)
DrawAndEventsInGame_47560_mod/PaletteChanges_47760_mod()
DrawAndEventsInGame_47560_mod/MouseAndKeysEvents_17A00(turn)
DrawAndEventsInGame_47560_mod/PaletteChanges_47760_mod()
DrawAndEventsInGame_47560_mod/MouseAndKeysEvents_17A00(turn)
DrawAndEventsInGame_47560_mod/PaletteChanges_47760_mod()
DrawAndEventsInGame_47560_mod/MouseAndKeysEvents_17A00(turn)
DrawAndEventsInGame_47560_mod/PaletteChanges_47760_mod()
DrawAndEventsInGame_47560_mod/MouseAndKeysEvents_17A00(turn)
DrawAndEventsInGame_47560_mod/PaletteChanges_47760_mod()
DrawAndEventsInGame_47560_mod/MouseAndKeysEvents_17A00(turn)
DrawAndEventsInGame_47560_mod/PaletteChanges_47760_mod()
DrawAndEventsInGame_47560_mod/MouseAndKeysEvents_17A00(turn)
DrawAndEventsInGame_47560_mod/PaletteChanges_47760_mod()
DrawAndEventsInGame_47560_mod/MouseAndKeysEvents_17A00(turn)
DrawAndEventsInGame_47560_mod/PaletteChanges_47760_mod()
DrawAndEventsInGame_47560_mod/MouseAndKeysEvents_17A00(turn)
DrawAndEventsInGame_47560_mod/PaletteChanges_47760_mod()
DrawAndEventsInGame_47560_mod/MouseAndKeysEvents_17A00(turn)
DrawAndEventsInGame_47560_mod/PaletteChanges_47760_mod()
DrawAndEventsInGame_47560_mod/MouseAndKeysEvents_17A00(turn)
DrawAndEventsInGame_47560_mod/PaletteChanges_47760_mod()
DrawAndEventsInGame_47560_mod/MouseAndKeysEvents_17A00(turn)
DrawAndEventsInGame_47560_mod/PaletteChanges_47760_mod()
DrawAndEventsInGame_47560_mod/MouseAndKeysEvents_17A00(turn)
DrawAndEventsInGame_47560_mod/PaletteChanges_47760_mod()
DrawAndEventsInGame_47560_mod/MouseAndKeysEvents_17A00(turn)
DrawAndEventsInGame_47560_mod/PaletteChanges_47760_mod()
DrawAndEventsInGame_47560_mod/MouseAndKeysEvents_17A00(turn)
DrawAndEventsInGame_47560_mod/PaletteChanges_47760_mod()
DrawAndEventsInGame_47560_mod/MouseAndKeysEvents_17A00(turn)
DrawAndEventsInGame_47560_mod/PaletteChanges_47760_mod()
DrawAndEventsInGame_47560_mod/MouseAndKeysEvents_17A00(turn)
DrawAndEventsInGame_47560_mod/PaletteChanges_47760_mod()
DrawAndEventsInGame_47560_mod/MouseAndKeysEvents_17A00(turn)
DrawAndEventsInGame_47560_mod/PaletteChanges_47760_mod()
DrawAndEventsInGame_47560_mod/MouseAndKeysEvents_17A00(turn)
DrawAndEventsInGame_47560_mod/PaletteChanges_47760_mod()
DrawAndEventsInGame_47560_mod/MouseAndKeysEvents_17A00(turn)
DrawAndEventsInGame_47560_mod/PaletteChanges_47760_mod()
DrawAndEventsInGame_47560_mod/MouseAndKeysEvents_17A00(turn)
DrawAndEventsInGame_47560_mod/PaletteChanges_47760_mod()
DrawAndEventsInGame_47560_mod/MouseAndKeysEvents_17A00(turn)
DrawAndEventsInGame_47560_mod/PaletteChanges_47760_mod()
DrawAndEventsInGame_47560_mod/MouseAndKeysEvents_17A00(turn)
DrawAndEventsInGame_47560_mod/PaletteChanges_47760_mod()
DrawAndEventsInGame_47560_mod/MouseAndKeysEvents_17A00(turn)
DrawAndEventsInGame_47560_mod/PaletteChanges_47760_mod()
DrawAndEventsInGame_47560_mod/MouseAndKeysEvents_17A00(turn)
DrawAndEventsInGame_47560_mod/PaletteChanges_47760_mod()
DrawAndEventsInGame_47560_mod/MouseAndKeysEvents_17A00(turn)
DrawAndEventsInGame_47560_mod/PaletteChanges_47760_mod()
DrawAndEventsInGame_47560_mod/MouseAndKeysEvents_17A00(turn)
DrawAndEventsInGame_47560_mod/PaletteChanges_47760_mod()
DrawAndEventsInGame_47560_mod/MouseAndKeysEvents_17A00(turn)
DrawAndEventsInGame_47560_mod/PaletteChanges_47760_mod()
DrawAndEventsInGame_47560_mod/MouseAndKeysEvents_17A00(turn)
DrawAndEventsInGame_47560_mod/PaletteChanges_47760_mod()
DrawAndEventsInGame_47560_mod/MouseAndKeysEvents_17A00(turn)
DrawAndEventsInGame_47560_mod/PaletteChanges_47760_mod()
DrawAndEventsInGame_47560_mod/MouseAndKeysEvents_17A00(turn)
DrawAndEventsInGame_47560_mod/PaletteChanges_47760_mod()
DrawAndEventsInGame_47560_mod/MouseAndKeysEvents_17A00(turn)
DrawAndEventsInGame_47560_mod/PaletteChanges_47760_mod()
DrawAndEventsInGame_47560_mod/MouseAndKeysEvents_17A00(turn)
DrawAndEventsInGame_47560_mod/PaletteChanges_47760_mod()
DrawAndEventsInGame_47560_mod/MouseAndKeysEvents_17A00(turn)
DrawAndEventsInGame_47560_mod/PaletteChanges_47760_mod()
DrawAndEventsInGame_47560_mod/MouseAndKeysEvents_17A00(turn)
DrawAndEventsInGame_47560_mod/PaletteChanges_47760_mod()
DrawAndEventsInGame_47560_mod/MouseAndKeysEvents_17A00(turn)
DrawAndEventsInGame_47560_mod/PaletteChanges_47760_mod()
DrawAndEventsInGame_47560_mod/MouseAndKeysEvents_17A00(turn)
DrawAndEventsInGame_47560_mod/PaletteChanges_47760_mod()
DrawAndEventsInGame_47560_mod/MouseAndKeysEvents_17A00(turn)
DrawAndEventsInGame_47560_mod/PaletteChanges_47760_mod()
DrawAndEventsInGame_47560_mod/MouseAndKeysEvents_17A00(turn)
DrawAndEventsInGame_47560_mod/PaletteChanges_47760_mod()
DrawAndEventsInGame_47560_mod/MouseAndKeysEvents_17A00(turn)
DrawAndEventsInGame_47560_mod/PaletteChanges_47760_mod()
DrawAndEventsInGame_47560_mod/MouseAndKeysEvents_17A00(turn)
DrawAndEventsInGame_47560_mod/PaletteChanges_47760_mod()
DrawAndEventsInGame_47560_mod/MouseAndKeysEvents_17A00(turn)
DrawAndEventsInGame_47560_mod/PaletteChanges_47760_mod()
DrawAndEventsInGame_47560_mod/MouseAndKeysEvents_17A00(turn)
DrawAndEventsInGame_47560_mod/PaletteChanges_47760_mod()
DrawAndEventsInGame_47560_mod/MouseAndKeysEvents_17A00(turn)
DrawAndEventsInGame_47560_mod/PaletteChanges_47760_mod()
DrawAndEventsInGame_47560_mod/MouseAndKeysEvents_17A00(turn)
DrawAndEventsInGame_47560_mod/PaletteChanges_47760_mod()
DrawAndEventsInGame_47560_mod/MouseAndKeysEvents_17A00(turn)
DrawAndEventsInGame_47560_mod/PaletteChanges_47760_mod()
DrawAndEventsInGame_47560_mod/MouseAndKeysEvents_17A00(turn)
DrawAndEventsInGame_47560_mod/PaletteChanges_47760_mod()
DrawAndEventsInGame_47560_mod/MouseAndKeysEvents_17A00(turn)
DrawAndEventsInGame_47560_mod/PaletteChanges_47760_mod()
DrawAndEventsInGame_47560_mod/MouseAndKeysEvents_17A00(turn)
DrawAndEventsInGame_47560_mod/PaletteChanges_47760_mod()
DrawAndEventsInGame_47560_mod/MouseAndKeysEvents_17A00(turn)
DrawAndEventsInGame_47560_mod/PaletteChanges_47760_mod()
DrawAndEventsInGame_47560_mod/MouseAndKeysEvents_17A00(turn)
DrawAndEventsInGame_47560_mod/PaletteChanges_47760_mod()
DrawAndEventsInGame_47560_mod/MouseAndKeysEvents_17A00(turn)
DrawAndEventsInGame_47560_mod/PaletteChanges_47760_mod()
DrawAndEventsInGame_47560_mod/MouseAndKeysEvents_17A00(turn)
DrawAndEventsInGame_47560_mod/PaletteChanges_47760_mod()
DrawAndEventsInGame_47560_mod/MouseAndKeysEvents_17A00(turn)
DrawAndEventsInGame_47560_mod/PaletteChanges_47760_mod()
DrawAndEventsInGame_47560_mod/MouseAndKeysEvents_17A00(turn)
DrawAndEventsInGame_47560_mod/PaletteChanges_47760_mod()
DrawAndEventsInGame_47560_mod/MouseAndKeysEvents_17A00(turn)
DrawAndEventsInGame_47560_mod/PaletteChanges_47760_mod()
DrawAndEventsInGame_47560_mod/MouseAndKeysEvents_17A00(turn)
DrawAndEventsInGame_47560_mod/PaletteChanges_47760_mod()
DrawAndEventsInGame_47560_mod/MouseAndKeysEvents_17A00(turn)
DrawAndEventsInGame_47560_mod/PaletteChanges_47760_mod()
DrawAndEventsInGame_47560_mod/MouseAndKeysEvents_17A00(turn)
DrawAndEventsInGame_47560_mod/PaletteChanges_47760_mod()
DrawAndEventsInGame_47560_mod/MouseAndKeysEvents_17A00(turn)
DrawAndEventsInGame_47560_mod/PaletteChanges_47760_mod()
DrawAndEventsInGame_47560_mod/MouseAndKeysEvents_17A00(turn)
DrawAndEventsInGame_47560_mod/PaletteChanges_47760_mod()
DrawAndEventsInGame_47560_mod/MouseAndKeysEvents_17A00(turn)
DrawAndEventsInGame_47560_mod/PaletteChanges_47760_mod()
DrawAndEventsInGame_47560_mod/MouseAndKeysEvents_17A00(turn)
DrawAndEventsInGame_47560_mod/PaletteChanges_47760_mod()
DrawAndEventsInGame_47560_mod/MouseAndKeysEvents_17A00(turn)
DrawAndEventsInGame_47560_mod/PaletteChanges_47760_mod()
DrawAndEventsInGame_47560_mod/MouseAndKeysEvents_17A00(turn)
DrawAndEventsInGame_47560_mod/PaletteChanges_47760_mod()
DrawAndEventsInGame_47560_mod/MouseAndKeysEvents_17A00(turn)
DrawAndEventsInGame_47560_mod/PaletteChanges_47760_mod()
DrawAndEventsInGame_47560_mod/MouseAndKeysEvents_17A00(turn)
DrawAndEventsInGame_47560_mod/PaletteChanges_47760_mod()
DrawAndEventsInGame_47560_mod/MouseAndKeysEvents_17A00(turn)
DrawAndEventsInGame_47560_mod/PaletteChanges_47760_mod()
DrawAndEventsInGame_47560_mod/MouseAndKeysEvents_17A00(turn)
DrawAndEventsInGame_47560_mod/PaletteChanges_47760_mod()
DrawAndEventsInGame_47560_mod/MouseAndKeysEvents_17A00(turn)
DrawAndEventsInGame_47560_mod/PaletteChanges_47760_mod()
DrawAndEventsInGame_47560_mod/MouseAndKeysEvents_17A00(turn)
DrawAndEventsInGame_47560_mod/PaletteChanges_47760_mod()
DrawAndEventsInGame_47560_mod/MouseAndKeysEvents_17A00(turn)
DrawAndEventsInGame_47560_mod/PaletteChanges_47760_mod()
DrawAndEventsInGame_47560_mod/MouseAndKeysEvents_17A00(turn)
DrawAndEventsInGame_47560_mod/PaletteChanges_47760_mod()
DrawAndEventsInGame_47560_mod/MouseAndKeysEvents_17A00(turn)
DrawAndEventsInGame_47560_mod/PaletteChanges_47760_mod()
DrawAndEventsInGame_47560_mod/MouseAndKeysEvents_17A00(turn)
DrawAndEventsInGame_47560_mod/PaletteChanges_47760_mod()
DrawAndEventsInGame_47560_mod/MouseAndKeysEvents_17A00(turn)
DrawAndEventsInGame_47560_mod/PaletteChanges_47760_mod()
DrawAndEventsInGame_47560_mod/MouseAndKeysEvents_17A00(turn)
DrawAndEventsInGame_47560_mod/PaletteChanges_47760_mod()
DrawAndEventsInGame_47560_mod/MouseAndKeysEvents_17A00(turn)
DrawAndEventsInGame_47560_mod/PaletteChanges_47760_mod()
DrawAndEventsInGame_47560_mod/MouseAndKeysEvents_17A00(turn)
DrawAndEventsInGame_47560_mod/PaletteChanges_47760_mod()
DrawAndEventsInGame_47560_mod/MouseAndKeysEvents_17A00(turn)
DrawAndEventsInGame_47560_mod/PaletteChanges_47760_mod()
DrawAndEventsInGame_47560_mod/MouseAndKeysEvents_17A00(turn)
DrawAndEventsInGame_47560_mod/PaletteChanges_47760_mod()
DrawAndEventsInGame_47560_mod/MouseAndKeysEvents_17A00(turn)
DrawAndEventsInGame_47560_mod/PaletteChanges_47760_mod()
DrawAndEventsInGame_47560_mod/MouseAndKeysEvents_17A00(turn)
DrawAndEventsInGame_47560_mod/PaletteChanges_47760_mod()
DrawAndEventsInGame_47560_mod/MouseAndKeysEvents_17A00(turn)
DrawAndEventsInGame_47560_mod/PaletteChanges_47760_mod()
DrawAndEventsInGame_47560_mod/MouseAndKeysEvents_17A00(turn)
DrawAndEventsInGame_47560_mod/PaletteChanges_47760_mod()
DrawAndEventsInGame_47560_mod/MouseAndKeysEvents_17A00(turn)
DrawAndEventsInGame_47560_mod/PaletteChanges_47760_mod()
DrawAndEventsInGame_47560_mod/MouseAndKeysEvents_17A00(turn)
DrawAndEventsInGame_47560_mod/PaletteChanges_47760_mod()
DrawAndEventsInGame_47560_mod/MouseAndKeysEvents_17A00(turn)
DrawAndEventsInGame_47560_mod/PaletteChanges_47760_mod()
DrawAndEventsInGame_47560_mod/MouseAndKeysEvents_17A00(turn)
DrawAndEventsInGame_47560_mod/PaletteChanges_47760_mod()
DrawAndEventsInGame_47560_mod/MouseAndKeysEvents_17A00(turn)
DrawAndEventsInGame_47560_mod/PaletteChanges_47760_mod()
DrawAndEventsInGame_47560_mod/MouseAndKeysEvents_17A00(turn)
DrawAndEventsInGame_47560_mod/PaletteChanges_47760_mod()
DrawAndEventsInGame_47560_mod/MouseAndKeysEvents_17A00(turn)
DrawAndEventsInGame_47560_mod/PaletteChanges_47760_mod()
DrawAndEventsInGame_47560_mod/MouseAndKeysEvents_17A00(turn)
DrawAndEventsInGame_47560_mod/PaletteChanges_47760_mod()
DrawAndEventsInGame_47560_mod/MouseAndKeysEvents_17A00(turn)
DrawAndEventsInGame_47560_mod/PaletteChanges_47760_mod()
DrawAndEventsInGame_47560_mod/MouseAndKeysEvents_17A00(turn)
DrawAndEventsInGame_47560_mod/PaletteChanges_47760_mod()
DrawAndEventsInGame_47560_mod/MouseAndKeysEvents_17A00(turn)
DrawAndEventsInGame_47560_mod/PaletteChanges_47760_mod()
DrawAndEventsInGame_47560_mod/MouseAndKeysEvents_17A00(turn)
DrawAndEventsInGame_47560_mod/PaletteChanges_47760_mod()
DrawAndEventsInGame_47560_mod/MouseAndKeysEvents_17A00(turn)
DrawAndEventsInGame_47560_mod/PaletteChanges_47760_mod()
DrawAndEventsInGame_47560_mod/MouseAndKeysEvents_17A00(turn)
DrawAndEventsInGame_47560_mod/PaletteChanges_47760_mod()
DrawAndEventsInGame_47560_mod/MouseAndKeysEvents_17A00(turn)
DrawAndEventsInGame_47560_mod/PaletteChanges_47760_mod()
DrawAndEventsInGame_47560_mod/MouseAndKeysEvents_17A00(turn)
DrawAndEventsInGame_47560_mod/PaletteChanges_47760_mod()
DrawAndEventsInGame_47560_mod/MouseAndKeysEvents_17A00(turn)
DrawAndEventsInGame_47560_mod/PaletteChanges_47760_mod()
DrawAndEventsInGame_47560_mod/MouseAndKeysEvents_17A00(turn)
DrawAndEventsInGame_47560_mod/PaletteChanges_47760_mod()
DrawAndEventsInGame_47560_mod/MouseAndKeysEvents_17A00(turn)
DrawAndEventsInGame_47560_mod/PaletteChanges_47760_mod()
DrawAndEventsInGame_47560_mod/MouseAndKeysEvents_17A00(turn)
DrawAndEventsInGame_47560_mod/PaletteChanges_47760_mod()
DrawAndEventsInGame_47560_mod/MouseAndKeysEvents_17A00(turn)
DrawAndEventsInGame_47560_mod/PaletteChanges_47760_mod()
DrawAndEventsInGame_47560_mod/MouseAndKeysEvents_17A00(turn)
DrawAndEventsInGame_47560_mod/PaletteChanges_47760_mod()
DrawAndEventsInGame_47560_mod/MouseAndKeysEvents_17A00(turn)
DrawAndEventsInGame_47560_mod/PaletteChanges_47760_mod()
DrawAndEventsInGame_47560_mod/MouseAndKeysEvents_17A00(turn)
DrawAndEventsInGame_47560_mod/PaletteChanges_47760_mod()
DrawAndEventsInGame_47560_mod/MouseAndKeysEvents_17A00(turn)
DrawAndEventsInGame_47560_mod/PaletteChanges_47760_mod()
DrawAndEventsInGame_47560_mod/MouseAndKeysEvents_17A00(turn)
DrawAndEventsInGame_47560_mod/PaletteChanges_47760_mod()
DrawAndEventsInGame_47560_mod/MouseAndKeysEvents_17A00(turn)
DrawAndEventsInGame_47560_mod/PaletteChanges_47760_mod()
DrawAndEventsInGame_47560_mod/MouseAndKeysEvents_17A00(turn)
DrawAndEventsInGame_47560_mod/PaletteChanges_47760_mod()
DrawAndEventsInGame_47560_mod/MouseAndKeysEvents_17A00(turn)
DrawAndEventsInGame_47560_mod/PaletteChanges_47760_mod()
DrawAndEventsInGame_47560_mod/MouseAndKeysEvents_17A00(turn)
DrawAndEventsInGame_47560_mod/PaletteChanges_47760_mod()
DrawAndEventsInGame_47560_mod/MouseAndKeysEvents_17A00(turn)
DrawAndEventsInGame_47560_mod/PaletteChanges_47760_mod()
DrawAndEventsInGame_47560_mod/MouseAndKeysEvents_17A00(turn)
DrawAndEventsInGame_47560_mod/PaletteChanges_47760_mod()
DrawAndEventsInGame_47560_mod/MouseAndKeysEvents_17A00(turn)
DrawAndEventsInGame_47560_mod/PaletteChanges_47760_mod()
DrawAndEventsInGame_47560_mod/MouseAndKeysEvents_17A00(turn)
DrawAndEventsInGame_47560_mod/PaletteChanges_47760_mod()
DrawAndEventsInGame_47560_mod/MouseAndKeysEvents_17A00(turn)
DrawAndEventsInGame_47560_mod/PaletteChanges_47760_mod()
DrawAndEventsInGame_47560_mod/MouseAndKeysEvents_17A00(turn)
DrawAndEventsInGame_47560_mod/PaletteChanges_47760_mod()
DrawAndEventsInGame_47560_mod/MouseAndKeysEvents_17A00(turn)
DrawAndEventsInGame_47560_mod/PaletteChanges_47760_mod()
DrawAndEventsInGame_47560_mod/MouseAndKeysEvents_17A00(turn)
DrawAndEventsInGame_47560_mod/PaletteChanges_47760_mod()
DrawAndEventsInGame_47560_mod/MouseAndKeysEvents_17A00(turn)
DrawAndEventsInGame_47560_mod/PaletteChanges_47760_mod()
DrawAndEventsInGame_47560_mod/MouseAndKeysEvents_17A00(turn)
DrawAndEventsInGame_47560_mod/PaletteChanges_47760_mod()
DrawAndEventsInGame_47560_mod/MouseAndKeysEvents_17A00(turn)
DrawAndEventsInGame_47560_mod/PaletteChanges_47760_mod()
DrawAndEventsInGame_47560_mod/MouseAndKeysEvents_17A00(turn)
DrawAndEventsInGame_47560_mod/PaletteChanges_47760_mod()
DrawAndEventsInGame_47560_mod/MouseAndKeysEvents_17A00(turn)
DrawAndEventsInGame_47560_mod/PaletteChanges_47760_mod()
DrawAndEventsInGame_47560_mod/MouseAndKeysEvents_17A00(turn)
DrawAndEventsInGame_47560_mod/PaletteChanges_47760_mod()
DrawAndEventsInGame_47560_mod/MouseAndKeysEvents_17A00(turn)
DrawAndEventsInGame_47560_mod/PaletteChanges_47760_mod()
DrawAndEventsInGame_47560_mod/MouseAndKeysEvents_17A00(turn)
DrawAndEventsInGame_47560_mod/PaletteChanges_47760_mod()
DrawAndEventsInGame_47560_mod/MouseAndKeysEvents_17A00(turn)
DrawAndEventsInGame_47560_mod/PaletteChanges_47760_mod()
DrawAndEventsInGame_47560_mod/MouseAndKeysEvents_17A00(turn)
DrawAndEventsInGame_47560_mod/PaletteChanges_47760_mod()
DrawAndEventsInGame_47560_mod/MouseAndKeysEvents_17A00(turn)
DrawAndEventsInGame_47560_mod/PaletteChanges_47760_mod()
DrawAndEventsInGame_47560_mod/MouseAndKeysEvents_17A00(turn)
DrawAndEventsInGame_47560_mod/PaletteChanges_47760_mod()
DrawAndEventsInGame_47560_mod/MouseAndKeysEvents_17A00(turn)
DrawAndEventsInGame_47560_mod/PaletteChanges_47760_mod()
DrawAndEventsInGame_47560_mod/MouseAndKeysEvents_17A00(turn)
DrawAndEventsInGame_47560_mod/PaletteChanges_47760_mod()
DrawAndEventsInGame_47560_mod/MouseAndKeysEvents_17A00(turn)
DrawAndEventsInGame_47560_mod/PaletteChanges_47760_mod()
DrawAndEventsInGame_47560_mod/MouseAndKeysEvents_17A00(turn)
DrawAndEventsInGame_47560_mod/PaletteChanges_47760_mod()
DrawAndEventsInGame_47560_mod/MouseAndKeysEvents_17A00(turn)
DrawAndEventsInGame_47560_mod/PaletteChanges_47760_mod()
DrawAndEventsInGame_47560_mod/MouseAndKeysEvents_17A00(turn)
DrawAndEventsInGame_47560_mod/PaletteChanges_47760_mod()
DrawAndEventsInGame_47560_mod/MouseAndKeysEvents_17A00(turn)
DrawAndEventsInGame_47560_mod/PaletteChanges_47760_mod()
DrawAndEventsInGame_47560_mod/MouseAndKeysEvents_17A00(turn)
DrawAndEventsInGame_47560_mod/PaletteChanges_47760_mod()
DrawAndEventsInGame_47560_mod/MouseAndKeysEvents_17A00(turn)
DrawAndEventsInGame_47560_mod/PaletteChanges_47760_mod()
DrawAndEventsInGame_47560_mod/MouseAndKeysEvents_17A00(turn)
DrawAndEventsInGame_47560_mod/PaletteChanges_47760_mod()
DrawAndEventsInGame_47560_mod/MouseAndKeysEvents_17A00(turn)
DrawAndEventsInGame_47560_mod/PaletteChanges_47760_mod()
DrawAndEventsInGame_47560_mod/MouseAndKeysEvents_17A00(turn)
DrawAndEventsInGame_47560_mod/PaletteChanges_47760_mod()
DrawAndEventsInGame_47560_mod/MouseAndKeysEvents_17A00(turn)
DrawAndEventsInGame_47560_mod/PaletteChanges_47760_mod()
DrawAndEventsInGame_47560_mod/MouseAndKeysEvents_17A00(turn)
DrawAndEventsInGame_47560_mod/PaletteChanges_47760_mod()
DrawAndEventsInGame_47560_mod/MouseAndKeysEvents_17A00(turn)
DrawAndEventsInGame_47560_mod/PaletteChanges_47760_mod()
DrawAndEventsInGame_47560_mod/MouseAndKeysEvents_17A00(turn)
DrawAndEventsInGame_47560_mod/PaletteChanges_47760_mod()
DrawAndEventsInGame_47560_mod/MouseAndKeysEvents_17A00(turn)
DrawAndEventsInGame_47560_mod/PaletteChanges_47760_mod()
DrawAndEventsInGame_47560_mod/MouseAndKeysEvents_17A00(turn)
DrawAndEventsInGame_47560_mod/PaletteChanges_47760_mod()
DrawAndEventsInGame_47560_mod/MouseAndKeysEvents_17A00(turn)
DrawAndEventsInGame_47560_mod/PaletteChanges_47760_mod()
DrawAndEventsInGame_47560_mod/MouseAndKeysEvents_17A00(turn)
DrawAndEventsInGame_47560_mod/PaletteChanges_47760_mod()
DrawAndEventsInGame_47560_mod/MouseAndKeysEvents_17A00(turn)
DrawAndEventsInGame_47560_mod/PaletteChanges_47760_mod()
DrawAndEventsInGame_47560_mod/MouseAndKeysEvents_17A00(turn)
DrawAndEventsInGame_47560_mod/PaletteChanges_47760_mod()
DrawAndEventsInGame_47560_mod/MouseAndKeysEvents_17A00(turn)
DrawAndEventsInGame_47560_mod/PaletteChanges_47760_mod()
DrawAndEventsInGame_47560_mod/MouseAndKeysEvents_17A00(turn)
DrawAndEventsInGame_47560_mod/PaletteChanges_47760_mod()
DrawAndEventsInGame_47560_mod/MouseAndKeysEvents_17A00(turn)
DrawAndEventsInGame_47560_mod/PaletteChanges_47760_mod()
DrawAndEventsInGame_47560_mod/MouseAndKeysEvents_17A00(turn)
DrawAndEventsInGame_47560_mod/PaletteChanges_47760_mod()
DrawAndEventsInGame_47560_mod/MouseAndKeysEvents_17A00(turn)
DrawAndEventsInGame_47560_mod/PaletteChanges_47760_mod()
DrawAndEventsInGame_47560_mod/MouseAndKeysEvents_17A00(turn)
DrawAndEventsInGame_47560_mod/PaletteChanges_47760_mod()
DrawAndEventsInGame_47560_mod/MouseAndKeysEvents_17A00(turn)
DrawAndEventsInGame_47560_mod/PaletteChanges_47760_mod()
DrawAndEventsInGame_47560_mod/MouseAndKeysEvents_17A00(turn)
DrawAndEventsInGame_47560_mod/PaletteChanges_47760_mod()
DrawAndEventsInGame_47560_mod/MouseAndKeysEvents_17A00(turn)
DrawAndEventsInGame_47560_mod/PaletteChanges_47760_mod()
DrawAndEventsInGame_47560_mod/MouseAndKeysEvents_17A00(turn)
DrawAndEventsInGame_47560_mod/PaletteChanges_47760_mod()
DrawAndEventsInGame_47560_mod/MouseAndKeysEvents_17A00(turn)
DrawAndEventsInGame_47560_mod/PaletteChanges_47760_mod()
DrawAndEventsInGame_47560_mod/MouseAndKeysEvents_17A00(turn)
DrawAndEventsInGame_47560_mod/PaletteChanges_47760_mod()
DrawAndEventsInGame_47560_mod/MouseAndKeysEvents_17A00(turn)
DrawAndEventsInGame_47560_mod/PaletteChanges_47760_mod()
DrawAndEventsInGame_47560_mod/MouseAndKeysEvents_17A00(turn)
DrawAndEventsInGame_47560_mod/PaletteChanges_47760_mod()
DrawAndEventsInGame_47560_mod/MouseAndKeysEvents_17A00(turn)
DrawAndEventsInGame_47560_mod/PaletteChanges_47760_mod()
DrawAndEventsInGame_47560_mod/MouseAndKeysEvents_17A00(turn)
DrawAndEventsInGame_47560_mod/PaletteChanges_47760_mod()
DrawAndEventsInGame_47560_mod/MouseAndKeysEvents_17A00(turn)
DrawAndEventsInGame_47560_mod/PaletteChanges_47760_mod()
DrawAndEventsInGame_47560_mod/MouseAndKeysEvents_17A00(turn)
DrawAndEventsInGame_47560_mod/PaletteChanges_47760_mod()
DrawAndEventsInGame_47560_mod/MouseAndKeysEvents_17A00(turn)
DrawAndEventsInGame_47560_mod/PaletteChanges_47760_mod()
DrawAndEventsInGame_47560_mod/MouseAndKeysEvents_17A00(turn)
DrawAndEventsInGame_47560_mod/PaletteChanges_47760_mod()
DrawAndEventsInGame_47560_mod/MouseAndKeysEvents_17A00(turn)
DrawAndEventsInGame_47560_mod/PaletteChanges_47760_mod()
DrawAndEventsInGame_47560_mod/MouseAndKeysEvents_17A00(turn)
DrawAndEventsInGame_47560_mod/PaletteChanges_47760_mod()
DrawAndEventsInGame_47560_mod/MouseAndKeysEvents_17A00(turn)
DrawAndEventsInGame_47560_mod/PaletteChanges_47760_mod()
DrawAndEventsInGame_47560_mod/MouseAndKeysEvents_17A00(turn)
DrawAndEventsInGame_47560_mod/PaletteChanges_47760_mod()
DrawAndEventsInGame_47560_mod/MouseAndKeysEvents_17A00(turn)
DrawAndEventsInGame_47560_mod/PaletteChanges_47760_mod()
DrawAndEventsInGame_47560_mod/MouseAndKeysEvents_17A00(turn)
DrawAndEventsInGame_47560_mod/PaletteChanges_47760_mod()
DrawAndEventsInGame_47560_mod/MouseAndKeysEvents_17A00(turn)
DrawAndEventsInGame_47560_mod/PaletteChanges_47760_mod()
DrawAndEventsInGame_47560_mod/MouseAndKeysEvents_17A00(turn)
DrawAndEventsInGame_47560_mod/PaletteChanges_47760_mod()
DrawAndEventsInGame_47560_mod/MouseAndKeysEvents_17A00(turn)
DrawAndEventsInGame_47560_mod/PaletteChanges_47760_mod()
DrawAndEventsInGame_47560_mod/MouseAndKeysEvents_17A00(turn)
DrawAndEventsInGame_47560_mod/PaletteChanges_47760_mod()
DrawAndEventsInGame_47560_mod/MouseAndKeysEvents_17A00(turn)
DrawAndEventsInGame_47560_mod/PaletteChanges_47760_mod()
DrawAndEventsInGame_47560_mod/MouseAndKeysEvents_17A00(turn)
DrawAndEventsInGame_47560_mod/PaletteChanges_47760_mod()
DrawAndEventsInGame_47560_mod/MouseAndKeysEvents_17A00(turn)
DrawAndEventsInGame_47560_mod/PaletteChanges_47760_mod()
DrawAndEventsInGame_47560_mod/MouseAndKeysEvents_17A00(turn)
DrawAndEventsInGame_47560_mod/PaletteChanges_47760_mod()
DrawAndEventsInGame_47560_mod/MouseAndKeysEvents_17A00(turn)
DrawAndEventsInGame_47560_mod/PaletteChanges_47760_mod()
DrawAndEventsInGame_47560_mod/MouseAndKeysEvents_17A00(turn)
DrawAndEventsInGame_47560_mod/PaletteChanges_47760_mod()
DrawAndEventsInGame_47560_mod/MouseAndKeysEvents_17A00(turn)
DrawAndEventsInGame_47560_mod/PaletteChanges_47760_mod()
DrawAndEventsInGame_47560_mod/MouseAndKeysEvents_17A00(turn)
DrawAndEventsInGame_47560_mod/PaletteChanges_47760_mod()
DrawAndEventsInGame_47560_mod/MouseAndKeysEvents_17A00(turn)
DrawAndEventsInGame_47560_mod/PaletteChanges_47760_mod()
DrawAndEventsInGame_47560_mod/MouseAndKeysEvents_17A00(turn)
DrawAndEventsInGame_47560_mod/PaletteChanges_47760_mod()
DrawAndEventsInGame_47560_mod/MouseAndKeysEvents_17A00(turn)
DrawAndEventsInGame_47560_mod/PaletteChanges_47760_mod()
DrawAndEventsInGame_47560_mod/MouseAndKeysEvents_17A00(turn)
DrawAndEventsInGame_47560_mod/PaletteChanges_47760_mod()
DrawAndEventsInGame_47560_mod/MouseAndKeysEvents_17A00(turn)
DrawAndEventsInGame_47560_mod/PaletteChanges_47760_mod()
DrawAndEventsInGame_47560_mod/MouseAndKeysEvents_17A00(turn)
DrawAndEventsInGame_47560_mod/PaletteChanges_47760_mod()
DrawAndEventsInGame_47560_mod/MouseAndKeysEvents_17A00(turn)
DrawAndEventsInGame_47560_mod/PaletteChanges_47760_mod()
DrawAndEventsInGame_47560_mod/MouseAndKeysEvents_17A00(turn)
DrawAndEventsInGame_47560_mod/PaletteChanges_47760_mod()
DrawAndEventsInGame_47560_mod/MouseAndKeysEvents_17A00(turn)
DrawAndEventsInGame_47560_mod/PaletteChanges_47760_mod()
DrawAndEventsInGame_47560_mod/MouseAndKeysEvents_17A00(turn)
DrawAndEventsInGame_47560_mod/PaletteChanges_47760_mod()
DrawAndEventsInGame_47560_mod/MouseAndKeysEvents_17A00(turn)
DrawAndEventsInGame_47560_mod/PaletteChanges_47760_mod()
DrawAndEventsInGame_47560_mod/MouseAndKeysEvents_17A00(turn)
DrawAndEventsInGame_47560_mod/PaletteChanges_47760_mod()
DrawAndEventsInGame_47560_mod/MouseAndKeysEvents_17A00(turn)
DrawAndEventsInGame_47560_mod/PaletteChanges_47760_mod()
DrawAndEventsInGame_47560_mod/MouseAndKeysEvents_17A00(turn)
DrawAndEventsInGame_47560_mod/PaletteChanges_47760_mod()
DrawAndEventsInGame_47560_mod/MouseAndKeysEvents_17A00(turn)
DrawAndEventsInGame_47560_mod/PaletteChanges_47760_mod()
DrawAndEventsInGame_47560_mod/MouseAndKeysEvents_17A00(turn)
DrawAndEventsInGame_47560_mod/PaletteChanges_47760_mod()
DrawAndEventsInGame_47560_mod/MouseAndKeysEvents_17A00(turn)
DrawAndEventsInGame_47560_mod/PaletteChanges_47760_mod()
DrawAndEventsInGame_47560_mod/MouseAndKeysEvents_17A00(turn)
DrawAndEventsInGame_47560_mod/PaletteChanges_47760_mod()
DrawAndEventsInGame_47560_mod/MouseAndKeysEvents_17A00(turn)
DrawAndEventsInGame_47560_mod/PaletteChanges_47760_mod()
DrawAndEventsInGame_47560_mod/MouseAndKeysEvents_17A00(turn)
DrawAndEventsInGame_47560_mod/PaletteChanges_47760_mod()
DrawAndEventsInGame_47560_mod/MouseAndKeysEvents_17A00(turn)
DrawAndEventsInGame_47560_mod/PaletteChanges_47760_mod()
DrawAndEventsInGame_47560_mod/MouseAndKeysEvents_17A00(turn)
DrawAndEventsInGame_47560_mod/PaletteChanges_47760_mod()
DrawAndEventsInGame_47560_mod/MouseAndKeysEvents_17A00(turn)
DrawAndEventsInGame_47560_mod/PaletteChanges_47760_mod()
DrawAndEventsInGame_47560_mod/MouseAndKeysEvents_17A00(turn)
DrawAndEventsInGame_47560_mod/PaletteChanges_47760_mod()
DrawAndEventsInGame_47560_mod/MouseAndKeysEvents_17A00(turn)
DrawAndEventsInGame_47560_mod/PaletteChanges_47760_mod()
DrawAndEventsInGame_47560_mod/MouseAndKeysEvents_17A00(turn)
DrawAndEventsInGame_47560_mod/PaletteChanges_47760_mod()
DrawAndEventsInGame_47560_mod/MouseAndKeysEvents_17A00(turn)
DrawAndEventsInGame_47560_mod/PaletteChanges_47760_mod()
DrawAndEventsInGame_47560_mod/MouseAndKeysEvents_17A00(turn)
DrawAndEventsInGame_47560_mod/PaletteChanges_47760_mod()
DrawAndEventsInGame_47560_mod/MouseAndKeysEvents_17A00(turn)
DrawAndEventsInGame_47560_mod/PaletteChanges_47760_mod()
DrawAndEventsInGame_47560_mod/MouseAndKeysEvents_17A00(turn)
DrawAndEventsInGame_47560_mod/PaletteChanges_47760_mod()
DrawAndEventsInGame_47560_mod/MouseAndKeysEvents_17A00(turn)
DrawAndEventsInGame_47560_mod/PaletteChanges_47760_mod()
DrawAndEventsInGame_47560_mod/MouseAndKeysEvents_17A00(turn)
DrawAndEventsInGame_47560_mod/PaletteChanges_47760_mod()
DrawAndEventsInGame_47560_mod/MouseAndKeysEvents_17A00(turn)
DrawAndEventsInGame_47560_mod/PaletteChanges_47760_mod()
DrawAndEventsInGame_47560_mod/MouseAndKeysEvents_17A00(turn)
DrawAndEventsInGame_47560_mod/PaletteChanges_47760_mod()
DrawAndEventsInGame_47560_mod/MouseAndKeysEvents_17A00(turn)
DrawAndEventsInGame_47560_mod/PaletteChanges_47760_mod()
DrawAndEventsInGame_47560_mod/MouseAndKeysEvents_17A00(turn)
DrawAndEventsInGame_47560_mod/PaletteChanges_47760_mod()
DrawAndEventsInGame_47560_mod/MouseAndKeysEvents_17A00(turn)
DrawAndEventsInGame_47560_mod/PaletteChanges_47760_mod()
DrawAndEventsInGame_47560_mod/MouseAndKeysEvents_17A00(turn)
DrawAndEventsInGame_47560_mod/PaletteChanges_47760_mod()
DrawAndEventsInGame_47560_mod/MouseAndKeysEvents_17A00(turn)
DrawAndEventsInGame_47560_mod/PaletteChanges_47760_mod()
DrawAndEventsInGame_47560_mod/MouseAndKeysEvents_17A00(turn)
DrawAndEventsInGame_47560_mod/PaletteChanges_47760_mod()
DrawAndEventsInGame_47560_mod/MouseAndKeysEvents_17A00(turn)
DrawAndEventsInGame_47560_mod/PaletteChanges_47760_mod()
DrawAndEventsInGame_47560_mod/MouseAndKeysEvents_17A00(turn)
DrawAndEventsInGame_47560_mod/PaletteChanges_47760_mod()
DrawAndEventsInGame_47560_mod/MouseAndKeysEvents_17A00(turn)
DrawAndEventsInGame_47560_mod/PaletteChanges_47760_mod()
DrawAndEventsInGame_47560_mod/MouseAndKeysEvents_17A00(turn)
DrawAndEventsInGame_47560_mod/PaletteChanges_47760_mod()
DrawAndEventsInGame_47560_mod/MouseAndKeysEvents_17A00(turn)
DrawAndEventsInGame_47560_mod/PaletteChanges_47760_mod()
DrawAndEventsInGame_47560_mod/MouseAndKeysEvents_17A00(turn)
DrawAndEventsInGame_47560_mod/PaletteChanges_47760_mod()
DrawAndEventsInGame_47560_mod/MouseAndKeysEvents_17A00(turn)
DrawAndEventsInGame_47560_mod/PaletteChanges_47760_mod()
DrawAndEventsInGame_47560_mod/MouseAndKeysEvents_17A00(turn)
DrawAndEventsInGame_47560_mod/PaletteChanges_47760_mod()
DrawAndEventsInGame_47560_mod/MouseAndKeysEvents_17A00(turn)
DrawAndEventsInGame_47560_mod/PaletteChanges_47760_mod()
DrawAndEventsInGame_47560_mod/MouseAndKeysEvents_17A00(turn)
DrawAndEventsInGame_47560_mod/PaletteChanges_47760_mod()
DrawAndEventsInGame_47560_mod/MouseAndKeysEvents_17A00(turn)
DrawAndEventsInGame_47560_mod/PaletteChanges_47760_mod()
DrawAndEventsInGame_47560_mod/MouseAndKeysEvents_17A00(turn)
DrawAndEventsInGame_47560_mod/PaletteChanges_47760_mod()
DrawAndEventsInGame_47560_mod/MouseAndKeysEvents_17A00(turn)
DrawAndEventsInGame_47560_mod/PaletteChanges_47760_mod()
DrawAndEventsInGame_47560_mod/MouseAndKeysEvents_17A00(turn)
DrawAndEventsInGame_47560_mod/PaletteChanges_47760_mod()
DrawAndEventsInGame_47560_mod/MouseAndKeysEvents_17A00(turn)
DrawAndEventsInGame_47560_mod/PaletteChanges_47760_mod()
DrawAndEventsInGame_47560_mod/MouseAndKeysEvents_17A00(turn)
DrawAndEventsInGame_47560_mod/PaletteChanges_47760_mod()
DrawAndEventsInGame_47560_mod/MouseAndKeysEvents_17A00(turn)
DrawAndEventsInGame_47560_mod/PaletteChanges_47760_mod()
DrawAndEventsInGame_47560_mod/MouseAndKeysEvents_17A00(turn)
DrawAndEventsInGame_47560_mod/PaletteChanges_47760_mod()
DrawAndEventsInGame_47560_mod/MouseAndKeysEvents_17A00(turn)
DrawAndEventsInGame_47560_mod/PaletteChanges_47760_mod()
DrawAndEventsInGame_47560_mod/MouseAndKeysEvents_17A00(turn)
DrawAndEventsInGame_47560_mod/PaletteChanges_47760_mod()
DrawAndEventsInGame_47560_mod/MouseAndKeysEvents_17A00(turn)
DrawAndEventsInGame_47560_mod/PaletteChanges_47760_mod()
DrawAndEventsInGame_47560_mod/MouseAndKeysEvents_17A00(turn)
DrawAndEventsInGame_47560_mod/PaletteChanges_47760_mod()
DrawAndEventsInGame_47560_mod/MouseAndKeysEvents_17A00(turn)
DrawAndEventsInGame_47560_mod/PaletteChanges_47760_mod()
DrawAndEventsInGame_47560_mod/MouseAndKeysEvents_17A00(turn)
DrawAndEventsInGame_47560_mod/PaletteChanges_47760_mod()
DrawAndEventsInGame_47560_mod/MouseAndKeysEvents_17A00(turn)
DrawAndEventsInGame_47560_mod/PaletteChanges_47760_mod()
DrawAndEventsInGame_47560_mod/MouseAndKeysEvents_17A00(turn)
DrawAndEventsInGame_47560_mod/PaletteChanges_47760_mod()
DrawAndEventsInGame_47560_mod/MouseAndKeysEvents_17A00(turn)
DrawAndEventsInGame_47560_mod/PaletteChanges_47760_mod()
DrawAndEventsInGame_47560_mod/MouseAndKeysEvents_17A00(turn)
DrawAndEventsInGame_47560_mod/PaletteChanges_47760_mod()
DrawAndEventsInGame_47560_mod/MouseAndKeysEvents_17A00(turn)
DrawAndEventsInGame_47560_mod/PaletteChanges_47760_mod()
DrawAndEventsInGame_47560_mod/MouseAndKeysEvents_17A00(turn)
DrawAndEventsInGame_47560_mod/PaletteChanges_47760_mod()
DrawAndEventsInGame_47560_mod/MouseAndKeysEvents_17A00(turn)
DrawAndEventsInGame_47560_mod/PaletteChanges_47760_mod()
DrawAndEventsInGame_47560_mod/MouseAndKeysEvents_17A00(turn)
DrawAndEventsInGame_47560_mod/PaletteChanges_47760_mod()
DrawAndEventsInGame_47560_mod/MouseAndKeysEvents_17A00(turn)
DrawAndEventsInGame_47560_mod/PaletteChanges_47760_mod()
DrawAndEventsInGame_47560_mod/MouseAndKeysEvents_17A00(turn)
DrawAndEventsInGame_47560_mod/PaletteChanges_47760_mod()
DrawAndEventsInGame_47560_mod/MouseAndKeysEvents_17A00(turn)
DrawAndEventsInGame_47560_mod/PaletteChanges_47760_mod()
DrawAndEventsInGame_47560_mod/MouseAndKeysEvents_17A00(turn)
DrawAndEventsInGame_47560_mod/PaletteChanges_47760_mod()
DrawAndEventsInGame_47560_mod/MouseAndKeysEvents_17A00(turn)
DrawAndEventsInGame_47560_mod/PaletteChanges_47760_mod()
DrawAndEventsInGame_47560_mod/MouseAndKeysEvents_17A00(turn)
DrawAndEventsInGame_47560_mod/PaletteChanges_47760_mod()
DrawAndEventsInGame_47560_mod/MouseAndKeysEvents_17A00(turn)
DrawAndEventsInGame_47560_mod/PaletteChanges_47760_mod()
DrawAndEventsInGame_47560_mod/MouseAndKeysEvents_17A00(turn)
DrawAndEventsInGame_47560_mod/PaletteChanges_47760_mod()
DrawAndEventsInGame_47560_mod/MouseAndKeysEvents_17A00(turn)
DrawAndEventsInGame_47560_mod/PaletteChanges_47760_mod()
DrawAndEventsInGame_47560_mod/MouseAndKeysEvents_17A00(turn)
DrawAndEventsInGame_47560_mod/PaletteChanges_47760_mod()
DrawAndEventsInGame_47560_mod/MouseAndKeysEvents_17A00(turn)
DrawAndEventsInGame_47560_mod/PaletteChanges_47760_mod()
DrawAndEventsInGame_47560_mod/MouseAndKeysEvents_17A00(turn)
DrawAndEventsInGame_47560_mod/PaletteChanges_47760_mod()
DrawAndEventsInGame_47560_mod/MouseAndKeysEvents_17A00(turn)
DrawAndEventsInGame_47560_mod/PaletteChanges_47760_mod()
DrawAndEventsInGame_47560_mod/MouseAndKeysEvents_17A00(turn)
DrawAndEventsInGame_47560_mod/PaletteChanges_47760_mod()
DrawAndEventsInGame_47560_mod/MouseAndKeysEvents_17A00(turn)
DrawAndEventsInGame_47560_mod/PaletteChanges_47760_mod()
DrawAndEventsInGame_47560_mod/MouseAndKeysEvents_17A00(turn)
DrawAndEventsInGame_47560_mod/PaletteChanges_47760_mod()
DrawAndEventsInGame_47560_mod/MouseAndKeysEvents_17A00(turn)
DrawAndEventsInGame_47560_mod/PaletteChanges_47760_mod()
DrawAndEventsInGame_47560_mod/MouseAndKeysEvents_17A00(turn)
DrawAndEventsInGame_47560_mod/PaletteChanges_47760_mod()
DrawAndEventsInGame_47560_mod/MouseAndKeysEvents_17A00(turn)
DrawAndEventsInGame_47560_mod/PaletteChanges_47760_mod()
DrawAndEventsInGame_47560_mod/MouseAndKeysEvents_17A00(turn)
DrawAndEventsInGame_47560_mod/PaletteChanges_47760_mod()
DrawAndEventsInGame_47560_mod/MouseAndKeysEvents_17A00(turn)
DrawAndEventsInGame_47560_mod/PaletteChanges_47760_mod()
DrawAndEventsInGame_47560_mod/MouseAndKeysEvents_17A00(turn)
DrawAndEventsInGame_47560_mod/PaletteChanges_47760_mod()
DrawAndEventsInGame_47560_mod/MouseAndKeysEvents_17A00(turn)
DrawAndEventsInGame_47560_mod/PaletteChanges_47760_mod()
DrawAndEventsInGame_47560_mod/MouseAndKeysEvents_17A00(turn)
DrawAndEventsInGame_47560_mod/PaletteChanges_47760_mod()
DrawAndEventsInGame_47560_mod/MouseAndKeysEvents_17A00(turn)
DrawAndEventsInGame_47560_mod/PaletteChanges_47760_mod()
DrawAndEventsInGame_47560_mod/MouseAndKeysEvents_17A00(turn)
DrawAndEventsInGame_47560_mod/PaletteChanges_47760_mod()
DrawAndEventsInGame_47560_mod/MouseAndKeysEvents_17A00(turn)
DrawAndEventsInGame_47560_mod/PaletteChanges_47760_mod()
DrawAndEventsInGame_47560_mod/MouseAndKeysEvents_17A00(turn)
DrawAndEventsInGame_47560_mod/PaletteChanges_47760_mod()
DrawAndEventsInGame_47560_mod/MouseAndKeysEvents_17A00(turn)
DrawAndEventsInGame_47560_mod/PaletteChanges_47760_mod()
DrawAndEventsInGame_47560_mod/MouseAndKeysEvents_17A00(turn)
DrawAndEventsInGame_47560_mod/PaletteChanges_47760_mod()
DrawAndEventsInGame_47560_mod/MouseAndKeysEvents_17A00(turn)
DrawAndEventsInGame_47560_mod/PaletteChanges_47760_mod()
DrawAndEventsInGame_47560_mod/MouseAndKeysEvents_17A00(turn)
DrawAndEventsInGame_47560_mod/PaletteChanges_47760_mod()
DrawAndEventsInGame_47560_mod/MouseAndKeysEvents_17A00(turn)
DrawAndEventsInGame_47560_mod/PaletteChanges_47760_mod()
DrawAndEventsInGame_47560_mod/MouseAndKeysEvents_17A00(turn)
DrawAndEventsInGame_47560_mod/PaletteChanges_47760_mod()
DrawAndEventsInGame_47560_mod/MouseAndKeysEvents_17A00(turn)
DrawAndEventsInGame_47560_mod/PaletteChanges_47760_mod()
DrawAndEventsInGame_47560_mod/MouseAndKeysEvents_17A00(turn)
DrawAndEventsInGame_47560_mod/PaletteChanges_47760_mod()
DrawAndEventsInGame_47560_mod/MouseAndKeysEvents_17A00(turn)
DrawAndEventsInGame_47560_mod/PaletteChanges_47760_mod()
DrawAndEventsInGame_47560_mod/MouseAndKeysEvents_17A00(turn)
DrawAndEventsInGame_47560_mod/PaletteChanges_47760_mod()
DrawAndEventsInGame_47560_mod/MouseAndKeysEvents_17A00(turn)
DrawAndEventsInGame_47560_mod/PaletteChanges_47760_mod()
DrawAndEventsInGame_47560_mod/MouseAndKeysEvents_17A00(turn)
DrawAndEventsInGame_47560_mod/PaletteChanges_47760_mod()
DrawAndEventsInGame_47560_mod/MouseAndKeysEvents_17A00(turn)
DrawAndEventsInGame_47560_mod/PaletteChanges_47760_mod()
DrawAndEventsInGame_47560_mod/MouseAndKeysEvents_17A00(turn)
DrawAndEventsInGame_47560_mod/PaletteChanges_47760_mod()
DrawAndEventsInGame_47560_mod/MouseAndKeysEvents_17A00(turn)
DrawAndEventsInGame_47560_mod/PaletteChanges_47760_mod()
DrawAndEventsInGame_47560_mod/MouseAndKeysEvents_17A00(turn)
DrawAndEventsInGame_47560_mod/PaletteChanges_47760_mod()
DrawAndEventsInGame_47560_mod/MouseAndKeysEvents_17A00(turn)
DrawAndEventsInGame_47560_mod/PaletteChanges_47760_mod()
DrawAndEventsInGame_47560_mod/MouseAndKeysEvents_17A00(turn)
DrawAndEventsInGame_47560_mod/PaletteChanges_47760_mod()
DrawAndEventsInGame_47560_mod/MouseAndKeysEvents_17A00(turn)
DrawAndEventsInGame_47560_mod/PaletteChanges_47760_mod()
DrawAndEventsInGame_47560_mod/MouseAndKeysEvents_17A00(turn)
DrawAndEventsInGame_47560_mod/PaletteChanges_47760_mod()
DrawAndEventsInGame_47560_mod/MouseAndKeysEvents_17A00(turn)
DrawAndEventsInGame_47560_mod/PaletteChanges_47760_mod()
DrawAndEventsInGame_47560_mod/MouseAndKeysEvents_17A00(turn)
DrawAndEventsInGame_47560_mod/PaletteChanges_47760_mod()
DrawAndEventsInGame_47560_mod/MouseAndKeysEvents_17A00(turn)
DrawAndEventsInGame_47560_mod/PaletteChanges_47760_mod()
DrawAndEventsInGame_47560_mod/MouseAndKeysEvents_17A00(turn)
DrawAndEventsInGame_47560_mod/PaletteChanges_47760_mod()
DrawAndEventsInGame_47560_mod/MouseAndKeysEvents_17A00(turn)
DrawAndEventsInGame_47560_mod/PaletteChanges_47760_mod()
DrawAndEventsInGame_47560_mod/MouseAndKeysEvents_17A00(turn)
DrawAndEventsInGame_47560_mod/PaletteChanges_47760_mod()
DrawAndEventsInGame_47560_mod/MouseAndKeysEvents_17A00(turn)
DrawAndEventsInGame_47560_mod/PaletteChanges_47760_mod()
DrawAndEventsInGame_47560_mod/MouseAndKeysEvents_17A00(turn)
DrawAndEventsInGame_47560_mod/PaletteChanges_47760_mod()
DrawAndEventsInGame_47560_mod/MouseAndKeysEvents_17A00(turn)
DrawAndEventsInGame_47560_mod/PaletteChanges_47760_mod()
DrawAndEventsInGame_47560_mod/MouseAndKeysEvents_17A00(turn)
DrawAndEventsInGame_47560_mod/PaletteChanges_47760_mod()
DrawAndEventsInGame_47560_mod/MouseAndKeysEvents_17A00(turn)
DrawAndEventsInGame_47560_mod/PaletteChanges_47760_mod()
DrawAndEventsInGame_47560_mod/MouseAndKeysEvents_17A00(turn)
DrawAndEventsInGame_47560_mod/PaletteChanges_47760_mod()
DrawAndEventsInGame_47560_mod/MouseAndKeysEvents_17A00(turn)
DrawAndEventsInGame_47560_mod/PaletteChanges_47760_mod()
DrawAndEventsInGame_47560_mod/MouseAndKeysEvents_17A00(turn)
DrawAndEventsInGame_47560_mod/PaletteChanges_47760_mod()
DrawAndEventsInGame_47560_mod/MouseAndKeysEvents_17A00(turn)
DrawAndEventsInGame_47560_mod/PaletteChanges_47760_mod()
DrawAndEventsInGame_47560_mod/MouseAndKeysEvents_17A00(turn)
DrawAndEventsInGame_47560_mod/PaletteChanges_47760_mod()
DrawAndEventsInGame_47560_mod/MouseAndKeysEvents_17A00(turn)
DrawAndEventsInGame_47560_mod/PaletteChanges_47760_mod()
DrawAndEventsInGame_47560_mod/MouseAndKeysEvents_17A00(turn)
DrawAndEventsInGame_47560_mod/PaletteChanges_47760_mod()
DrawAndEventsInGame_47560_mod/MouseAndKeysEvents_17A00(turn)
DrawAndEventsInGame_47560_mod/PaletteChanges_47760_mod()
DrawAndEventsInGame_47560_mod/MouseAndKeysEvents_17A00(turn)
DrawAndEventsInGame_47560_mod/PaletteChanges_47760_mod()
DrawAndEventsInGame_47560_mod/MouseAndKeysEvents_17A00(turn)
DrawAndEventsInGame_47560_mod/PaletteChanges_47760_mod()
DrawAndEventsInGame_47560_mod/MouseAndKeysEvents_17A00(turn)
DrawAndEventsInGame_47560_mod/PaletteChanges_47760_mod()
DrawAndEventsInGame_47560_mod/MouseAndKeysEvents_17A00(turn)
DrawAndEventsInGame_47560_mod/PaletteChanges_47760_mod()
DrawAndEventsInGame_47560_mod/MouseAndKeysEvents_17A00(turn)
DrawAndEventsInGame_47560_mod/PaletteChanges_47760_mod()
DrawAndEventsInGame_47560_mod/MouseAndKeysEvents_17A00(turn)
DrawAndEventsInGame_47560_mod/PaletteChanges_47760_mod()
DrawAndEventsInGame_47560_mod/MouseAndKeysEvents_17A00(turn)
DrawAndEventsInGame_47560_mod/PaletteChanges_47760_mod()
DrawAndEventsInGame_47560_mod/MouseAndKeysEvents_17A00(turn)
DrawAndEventsInGame_47560_mod/PaletteChanges_47760_mod()
DrawAndEventsInGame_47560_mod/MouseAndKeysEvents_17A00(turn)
DrawAndEventsInGame_47560_mod/PaletteChanges_47760_mod()
DrawAndEventsInGame_47560_mod/MouseAndKeysEvents_17A00(turn)
DrawAndEventsInGame_47560_mod/PaletteChanges_47760_mod()
DrawAndEventsInGame_47560_mod/MouseAndKeysEvents_17A00(turn)
DrawAndEventsInGame_47560_mod/PaletteChanges_47760_mod()
DrawAndEventsInGame_47560_mod/MouseAndKeysEvents_17A00(turn)
DrawAndEventsInGame_47560_mod/PaletteChanges_47760_mod()
DrawAndEventsInGame_47560_mod/MouseAndKeysEvents_17A00(turn)
DrawAndEventsInGame_47560_mod/PaletteChanges_47760_mod()
DrawAndEventsInGame_47560_mod/MouseAndKeysEvents_17A00(turn)
DrawAndEventsInGame_47560_mod/PaletteChanges_47760_mod()
DrawAndEventsInGame_47560_mod/MouseAndKeysEvents_17A00(turn)
DrawAndEventsInGame_47560_mod/PaletteChanges_47760_mod()
DrawAndEventsInGame_47560_mod/MouseAndKeysEvents_17A00(turn)
DrawAndEventsInGame_47560_mod/PaletteChanges_47760_mod()
DrawAndEventsInGame_47560_mod/MouseAndKeysEvents_17A00(turn)
DrawAndEventsInGame_47560_mod/PaletteChanges_47760_mod()
DrawAndEventsInGame_47560_mod/MouseAndKeysEvents_17A00(turn)
DrawAndEventsInGame_47560_mod/PaletteChanges_47760_mod()
DrawAndEventsInGame_47560_mod/MouseAndKeysEvents_17A00(turn)
DrawAndEventsInGame_47560_mod/PaletteChanges_47760_mod()
DrawAndEventsInGame_47560_mod/MouseAndKeysEvents_17A00(turn)
DrawAndEventsInGame_47560_mod/PaletteChanges_47760_mod()
DrawAndEventsInGame_47560_mod/MouseAndKeysEvents_17A00(turn)
DrawAndEventsInGame_47560_mod/PaletteChanges_47760_mod()
DrawAndEventsInGame_47560_mod/MouseAndKeysEvents_17A00(turn)
DrawAndEventsInGame_47560_mod/PaletteChanges_47760_mod()
DrawAndEventsInGame_47560_mod/MouseAndKeysEvents_17A00(turn)
DrawAndEventsInGame_47560_mod/PaletteChanges_47760_mod()
DrawAndEventsInGame_47560_mod/MouseAndKeysEvents_17A00(turn)
DrawAndEventsInGame_47560_mod/PaletteChanges_47760_mod()
DrawAndEventsInGame_47560_mod/MouseAndKeysEvents_17A00(turn)
DrawAndEventsInGame_47560_mod/PaletteChanges_47760_mod()
DrawAndEventsInGame_47560_mod/MouseAndKeysEvents_17A00(turn)
DrawAndEventsInGame_47560_mod/PaletteChanges_47760_mod()
DrawAndEventsInGame_47560_mod/MouseAndKeysEvents_17A00(turn)
DrawAndEventsInGame_47560_mod/PaletteChanges_47760_mod()
DrawAndEventsInGame_47560_mod/MouseAndKeysEvents_17A00(turn)
DrawAndEventsInGame_47560_mod/PaletteChanges_47760_mod()
DrawAndEventsInGame_47560_mod/MouseAndKeysEvents_17A00(turn)
DrawAndEventsInGame_47560_mod/PaletteChanges_47760_mod()
DrawAndEventsInGame_47560_mod/MouseAndKeysEvents_17A00(turn)
DrawAndEventsInGame_47560_mod/PaletteChanges_47760_mod()
DrawAndEventsInGame_47560_mod/MouseAndKeysEvents_17A00(turn)
DrawAndEventsInGame_47560_mod/PaletteChanges_47760_mod()
DrawAndEventsInGame_47560_mod/MouseAndKeysEvents_17A00(turn)
DrawAndEventsInGame_47560_mod/PaletteChanges_47760_mod()
DrawAndEventsInGame_47560_mod/MouseAndKeysEvents_17A00(turn)
DrawAndEventsInGame_47560_mod/PaletteChanges_47760_mod()
DrawAndEventsInGame_47560_mod/MouseAndKeysEvents_17A00(turn)
DrawAndEventsInGame_47560_mod/PaletteChanges_47760_mod()
DrawAndEventsInGame_47560_mod/MouseAndKeysEvents_17A00(turn)
DrawAndEventsInGame_47560_mod/PaletteChanges_47760_mod()
DrawAndEventsInGame_47560_mod/MouseAndKeysEvents_17A00(turn)
DrawAndEventsInGame_47560_mod/PaletteChanges_47760_mod()
DrawAndEventsInGame_47560_mod/MouseAndKeysEvents_17A00(turn)
DrawAndEventsInGame_47560_mod/PaletteChanges_47760_mod()
DrawAndEventsInGame_47560_mod/MouseAndKeysEvents_17A00(turn)
DrawAndEventsInGame_47560_mod/PaletteChanges_47760_mod()
DrawAndEventsInGame_47560_mod/MouseAndKeysEvents_17A00(turn)
DrawAndEventsInGame_47560_mod/PaletteChanges_47760_mod()
DrawAndEventsInGame_47560_mod/MouseAndKeysEvents_17A00(turn)
DrawAndEventsInGame_47560_mod/PaletteChanges_47760_mod()
DrawAndEventsInGame_47560_mod/MouseAndKeysEvents_17A00(turn)
DrawAndEventsInGame_47560_mod/PaletteChanges_47760_mod()
DrawAndEventsInGame_47560_mod/MouseAndKeysEvents_17A00(turn)
DrawAndEventsInGame_47560_mod/PaletteChanges_47760_mod()
DrawAndEventsInGame_47560_mod/MouseAndKeysEvents_17A00(turn)
DrawAndEventsInGame_47560_mod/PaletteChanges_47760_mod()
DrawAndEventsInGame_47560_mod/MouseAndKeysEvents_17A00(turn)
DrawAndEventsInGame_47560_mod/PaletteChanges_47760_mod()
DrawAndEventsInGame_47560_mod/MouseAndKeysEvents_17A00(turn)
DrawAndEventsInGame_47560_mod/PaletteChanges_47760_mod()
DrawAndEventsInGame_47560_mod/MouseAndKeysEvents_17A00(turn)
DrawAndEventsInGame_47560_mod/PaletteChanges_47760_mod()
DrawAndEventsInGame_47560_mod/MouseAndKeysEvents_17A00(turn)
DrawAndEventsInGame_47560_mod/PaletteChanges_47760_mod()
DrawAndEventsInGame_47560_mod/MouseAndKeysEvents_17A00(turn)
DrawAndEventsInGame_47560_mod/PaletteChanges_47760_mod()
DrawAndEventsInGame_47560_mod/MouseAndKeysEvents_17A00(turn)
DrawAndEventsInGame_47560_mod/PaletteChanges_47760_mod()
DrawAndEventsInGame_47560_mod/MouseAndKeysEvents_17A00(turn)
DrawAndEventsInGame_47560_mod/PaletteChanges_47760_mod()
DrawAndEventsInGame_47560_mod/MouseAndKeysEvents_17A00(turn)
DrawAndEventsInGame_47560_mod/PaletteChanges_47760_mod()
DrawAndEventsInGame_47560_mod/MouseAndKeysEvents_17A00(turn)
DrawAndEventsInGame_47560_mod/PaletteChanges_47760_mod()
DrawAndEventsInGame_47560_mod/MouseAndKeysEvents_17A00(turn)
DrawAndEventsInGame_47560_mod/PaletteChanges_47760_mod()
DrawAndEventsInGame_47560_mod/MouseAndKeysEvents_17A00(turn)
DrawAndEventsInGame_47560_mod/PaletteChanges_47760_mod()
DrawAndEventsInGame_47560_mod/MouseAndKeysEvents_17A00(turn)
DrawAndEventsInGame_47560_mod/PaletteChanges_47760_mod()
DrawAndEventsInGame_47560_mod/MouseAndKeysEvents_17A00(turn)
DrawAndEventsInGame_47560_mod/PaletteChanges_47760_mod()
DrawAndEventsInGame_47560_mod/MouseAndKeysEvents_17A00(turn)
DrawAndEventsInGame_47560_mod/PaletteChanges_47760_mod()
DrawAndEventsInGame_47560_mod/MouseAndKeysEvents_17A00(turn)
DrawAndEventsInGame_47560_mod/PaletteChanges_47760_mod()
DrawAndEventsInGame_47560_mod/MouseAndKeysEvents_17A00(turn)
DrawAndEventsInGame_47560_mod/PaletteChanges_47760_mod()
DrawAndEventsInGame_47560_mod/MouseAndKeysEvents_17A00(turn)
DrawAndEventsInGame_47560_mod/PaletteChanges_47760_mod()
DrawAndEventsInGame_47560_mod/MouseAndKeysEvents_17A00(turn)
DrawAndEventsInGame_47560_mod/PaletteChanges_47760_mod()
DrawAndEventsInGame_47560_mod/MouseAndKeysEvents_17A00(turn)
DrawAndEventsInGame_47560_mod/PaletteChanges_47760_mod()
DrawAndEventsInGame_47560_mod/MouseAndKeysEvents_17A00(turn)
DrawAndEventsInGame_47560_mod/PaletteChanges_47760_mod()
DrawAndEventsInGame_47560_mod/MouseAndKeysEvents_17A00(turn)
DrawAndEventsInGame_47560_mod/PaletteChanges_47760_mod()
DrawAndEventsInGame_47560_mod/MouseAndKeysEvents_17A00(turn)
DrawAndEventsInGame_47560_mod/PaletteChanges_47760_mod()
DrawAndEventsInGame_47560_mod/MouseAndKeysEvents_17A00(turn)
DrawAndEventsInGame_47560_mod/PaletteChanges_47760_mod()
DrawAndEventsInGame_47560_mod/MouseAndKeysEvents_17A00(turn)
DrawAndEventsInGame_47560_mod/PaletteChanges_47760_mod()
DrawAndEventsInGame_47560_mod/MouseAndKeysEvents_17A00(turn)
DrawAndEventsInGame_47560_mod/PaletteChanges_47760_mod()
DrawAndEventsInGame_47560_mod/MouseAndKeysEvents_17A00(turn)
DrawAndEventsInGame_47560_mod/PaletteChanges_47760_mod()
DrawAndEventsInGame_47560_mod/MouseAndKeysEvents_17A00(turn)
DrawAndEventsInGame_47560_mod/PaletteChanges_47760_mod()
DrawAndEventsInGame_47560_mod/MouseAndKeysEvents_17A00(turn)
DrawAndEventsInGame_47560_mod/PaletteChanges_47760_mod()
DrawAndEventsInGame_47560_mod/MouseAndKeysEvents_17A00(turn)
DrawAndEventsInGame_47560_mod/PaletteChanges_47760_mod()
DrawAndEventsInGame_47560_mod/MouseAndKeysEvents_17A00(turn)
DrawAndEventsInGame_47560_mod/PaletteChanges_47760_mod()
DrawAndEventsInGame_47560_mod/MouseAndKeysEvents_17A00(turn)
DrawAndEventsInGame_47560_mod/PaletteChanges_47760_mod()
DrawAndEventsInGame_47560_mod/MouseAndKeysEvents_17A00(turn)
DrawAndEventsInGame_47560_mod/PaletteChanges_47760_mod()
DrawAndEventsInGame_47560_mod/MouseAndKeysEvents_17A00(turn)
DrawAndEventsInGame_47560_mod/PaletteChanges_47760_mod()
DrawAndEventsInGame_47560_mod/MouseAndKeysEvents_17A00(turn)
DrawAndEventsInGame_47560_mod/PaletteChanges_47760_mod()
DrawAndEventsInGame_47560_mod/MouseAndKeysEvents_17A00(turn)
DrawAndEventsInGame_47560_mod/PaletteChanges_47760_mod()
DrawAndEventsInGame_47560_mod/MouseAndKeysEvents_17A00(turn)
DrawAndEventsInGame_47560_mod/PaletteChanges_47760_mod()
DrawAndEventsInGame_47560_mod/MouseAndKeysEvents_17A00(turn)
DrawAndEventsInGame_47560_mod/PaletteChanges_47760_mod()
DrawAndEventsInGame_47560_mod/MouseAndKeysEvents_17A00(turn)
DrawAndEventsInGame_47560_mod/PaletteChanges_47760_mod()
DrawAndEventsInGame_47560_mod/MouseAndKeysEvents_17A00(turn)
DrawAndEventsInGame_47560_mod/PaletteChanges_47760_mod()
DrawAndEventsInGame_47560_mod/MouseAndKeysEvents_17A00(turn)
DrawAndEventsInGame_47560_mod/PaletteChanges_47760_mod()
DrawAndEventsInGame_47560_mod/MouseAndKeysEvents_17A00(turn)
DrawAndEventsInGame_47560_mod/PaletteChanges_47760_mod()
DrawAndEventsInGame_47560_mod/MouseAndKeysEvents_17A00(turn)
DrawAndEventsInGame_47560_mod/PaletteChanges_47760_mod()
DrawAndEventsInGame_47560_mod/MouseAndKeysEvents_17A00(turn)
DrawAndEventsInGame_47560_mod/PaletteChanges_47760_mod()
DrawAndEventsInGame_47560_mod/MouseAndKeysEvents_17A00(turn)
DrawAndEventsInGame_47560_mod/PaletteChanges_47760_mod()
DrawAndEventsInGame_47560_mod/MouseAndKeysEvents_17A00(turn)
DrawAndEventsInGame_47560_mod/PaletteChanges_47760_mod()
DrawAndEventsInGame_47560_mod/MouseAndKeysEvents_17A00(turn)
DrawAndEventsInGame_47560_mod/PaletteChanges_47760_mod()
DrawAndEventsInGame_47560_mod/MouseAndKeysEvents_17A00(turn)
DrawAndEventsInGame_47560_mod/PaletteChanges_47760_mod()
DrawAndEventsInGame_47560_mod/MouseAndKeysEvents_17A00(turn)
DrawAndEventsInGame_47560_mod/PaletteChanges_47760_mod()
DrawAndEventsInGame_47560_mod/MouseAndKeysEvents_17A00(turn)
DrawAndEventsInGame_47560_mod/PaletteChanges_47760_mod()
DrawAndEventsInGame_47560_mod/MouseAndKeysEvents_17A00(turn)
DrawAndEventsInGame_47560_mod/PaletteChanges_47760_mod()
DrawAndEventsInGame_47560_mod/MouseAndKeysEvents_17A00(turn)
DrawAndEventsInGame_47560_mod/PaletteChanges_47760_mod()
DrawAndEventsInGame_47560_mod/MouseAndKeysEvents_17A00(turn)
DrawAndEventsInGame_47560_mod/PaletteChanges_47760_mod()
DrawAndEventsInGame_47560_mod/MouseAndKeysEvents_17A00(turn)
DrawAndEventsInGame_47560_mod/PaletteChanges_47760_mod()
DrawAndEventsInGame_47560_mod/MouseAndKeysEvents_17A00(turn)
DrawAndEventsInGame_47560_mod/PaletteChanges_47760_mod()
DrawAndEventsInGame_47560_mod/MouseAndKeysEvents_17A00(turn)
DrawAndEventsInGame_47560_mod/PaletteChanges_47760_mod()
DrawAndEventsInGame_47560_mod/MouseAndKeysEvents_17A00(turn)
DrawAndEventsInGame_47560_mod/PaletteChanges_47760_mod()
DrawAndEventsInGame_47560_mod/MouseAndKeysEvents_17A00(turn)
DrawAndEventsInGame_47560_mod/PaletteChanges_47760_mod()
DrawAndEventsInGame_47560_mod/MouseAndKeysEvents_17A00(turn)
DrawAndEventsInGame_47560_mod/PaletteChanges_47760_mod()
DrawAndEventsInGame_47560_mod/MouseAndKeysEvents_17A00(turn)
DrawAndEventsInGame_47560_mod/PaletteChanges_47760_mod()
DrawAndEventsInGame_47560_mod/MouseAndKeysEvents_17A00(turn)
DrawAndEventsInGame_47560_mod/PaletteChanges_47760_mod()
DrawAndEventsInGame_47560_mod/MouseAndKeysEvents_17A00(turn)
DrawAndEventsInGame_47560_mod/PaletteChanges_47760_mod()
DrawAndEventsInGame_47560_mod/MouseAndKeysEvents_17A00(turn)
DrawAndEventsInGame_47560_mod/PaletteChanges_47760_mod()
DrawAndEventsInGame_47560_mod/MouseAndKeysEvents_17A00(turn)
DrawAndEventsInGame_47560_mod/PaletteChanges_47760_mod()
DrawAndEventsInGame_47560_mod/MouseAndKeysEvents_17A00(turn)
DrawAndEventsInGame_47560_mod/PaletteChanges_47760_mod()
DrawAndEventsInGame_47560_mod/MouseAndKeysEvents_17A00(turn)
DrawAndEventsInGame_47560_mod/PaletteChanges_47760_mod()
DrawAndEventsInGame_47560_mod/MouseAndKeysEvents_17A00(turn)
DrawAndEventsInGame_47560_mod/PaletteChanges_47760_mod()
DrawAndEventsInGame_47560_mod/MouseAndKeysEvents_17A00(turn)
DrawAndEventsInGame_47560_mod/PaletteChanges_47760_mod()
DrawAndEventsInGame_47560_mod/MouseAndKeysEvents_17A00(turn)
DrawAndEventsInGame_47560_mod/PaletteChanges_47760_mod()
DrawAndEventsInGame_47560_mod/MouseAndKeysEvents_17A00(turn)
DrawAndEventsInGame_47560_mod/PaletteChanges_47760_mod()
DrawAndEventsInGame_47560_mod/MouseAndKeysEvents_17A00(turn)
DrawAndEventsInGame_47560_mod/PaletteChanges_47760_mod()
DrawAndEventsInGame_47560_mod/MouseAndKeysEvents_17A00(turn)
DrawAndEventsInGame_47560_mod/PaletteChanges_47760_mod()
DrawAndEventsInGame_47560_mod/MouseAndKeysEvents_17A00(turn)
DrawAndEventsInGame_47560_mod/PaletteChanges_47760_mod()
DrawAndEventsInGame_47560_mod/MouseAndKeysEvents_17A00(turn)
DrawAndEventsInGame_47560_mod/PaletteChanges_47760_mod()
DrawAndEventsInGame_47560_mod/MouseAndKeysEvents_17A00(turn)
DrawAndEventsInGame_47560_mod/PaletteChanges_47760_mod()
DrawAndEventsInGame_47560_mod/MouseAndKeysEvents_17A00(turn)
DrawAndEventsInGame_47560_mod/PaletteChanges_47760_mod()
DrawAndEventsInGame_47560_mod/MouseAndKeysEvents_17A00(turn)
DrawAndEventsInGame_47560_mod/PaletteChanges_47760_mod()
DrawAndEventsInGame_47560_mod/MouseAndKeysEvents_17A00(turn)
DrawAndEventsInGame_47560_mod/PaletteChanges_47760_mod()
DrawAndEventsInGame_47560_mod/MouseAndKeysEvents_17A00(turn)
DrawAndEventsInGame_47560_mod/PaletteChanges_47760_mod()
DrawAndEventsInGame_47560_mod/MouseAndKeysEvents_17A00(turn)
DrawAndEventsInGame_47560_mod/PaletteChanges_47760_mod()
DrawAndEventsInGame_47560_mod/MouseAndKeysEvents_17A00(turn)
DrawAndEventsInGame_47560_mod/PaletteChanges_47760_mod()
DrawAndEventsInGame_47560_mod/MouseAndKeysEvents_17A00(turn)
DrawAndEventsInGame_47560_mod/PaletteChanges_47760_mod()
DrawAndEventsInGame_47560_mod/MouseAndKeysEvents_17A00(turn)
DrawAndEventsInGame_47560_mod/PaletteChanges_47760_mod()
DrawAndEventsInGame_47560_mod/MouseAndKeysEvents_17A00(turn)
DrawAndEventsInGame_47560_mod/PaletteChanges_47760_mod()
DrawAndEventsInGame_47560_mod/MouseAndKeysEvents_17A00(turn)
DrawAndEventsInGame_47560_mod/PaletteChanges_47760_mod()
DrawAndEventsInGame_47560_mod/MouseAndKeysEvents_17A00(turn)
DrawAndEventsInGame_47560_mod/PaletteChanges_47760_mod()
DrawAndEventsInGame_47560_mod/MouseAndKeysEvents_17A00(turn)
DrawAndEventsInGame_47560_mod/PaletteChanges_47760_mod()
DrawAndEventsInGame_47560_mod/MouseAndKeysEvents_17A00(turn)
DrawAndEventsInGame_47560_mod/PaletteChanges_47760_mod()
DrawAndEventsInGame_47560_mod/MouseAndKeysEvents_17A00(turn)
DrawAndEventsInGame_47560_mod/PaletteChanges_47760_mod()
DrawAndEventsInGame_47560_mod/MouseAndKeysEvents_17A00(turn)
DrawAndEventsInGame_47560_mod/PaletteChanges_47760_mod()
DrawAndEventsInGame_47560_mod/MouseAndKeysEvents_17A00(turn)
DrawAndEventsInGame_47560_mod/PaletteChanges_47760_mod()
DrawAndEventsInGame_47560_mod/MouseAndKeysEvents_17A00(turn)
DrawAndEventsInGame_47560_mod/PaletteChanges_47760_mod()
DrawAndEventsInGame_47560_mod/MouseAndKeysEvents_17A00(turn)
DrawAndEventsInGame_47560_mod/PaletteChanges_47760_mod()
DrawAndEventsInGame_47560_mod/MouseAndKeysEvents_17A00(turn)
DrawAndEventsInGame_47560_mod/PaletteChanges_47760_mod()
DrawAndEventsInGame_47560_mod/MouseAndKeysEvents_17A00(turn)
DrawAndEventsInGame_47560_mod/PaletteChanges_47760_mod()
DrawAndEventsInGame_47560_mod/MouseAndKeysEvents_17A00(turn)
DrawAndEventsInGame_47560_mod/PaletteChanges_47760_mod()
DrawAndEventsInGame_47560_mod/MouseAndKeysEvents_17A00(turn)
DrawAndEventsInGame_47560_mod/PaletteChanges_47760_mod()
DrawAndEventsInGame_47560_mod/MouseAndKeysEvents_17A00(turn)
DrawAndEventsInGame_47560_mod/PaletteChanges_47760_mod()
DrawAndEventsInGame_47560_mod/MouseAndKeysEvents_17A00(turn)
DrawAndEventsInGame_47560_mod/PaletteChanges_47760_mod()
DrawAndEventsInGame_47560_mod/MouseAndKeysEvents_17A00(turn)
DrawAndEventsInGame_47560_mod/PaletteChanges_47760_mod()
DrawAndEventsInGame_47560_mod/MouseAndKeysEvents_17A00(turn)
DrawAndEventsInGame_47560_mod/PaletteChanges_47760_mod()
DrawAndEventsInGame_47560_mod/MouseAndKeysEvents_17A00(turn)
DrawAndEventsInGame_47560_mod/PaletteChanges_47760_mod()
DrawAndEventsInGame_47560_mod/MouseAndKeysEvents_17A00(turn)
DrawAndEventsInGame_47560_mod/PaletteChanges_47760_mod()
DrawAndEventsInGame_47560_mod/MouseAndKeysEvents_17A00(turn)
DrawAndEventsInGame_47560_mod/PaletteChanges_47760_mod()
DrawAndEventsInGame_47560_mod/MouseAndKeysEvents_17A00(turn)
DrawAndEventsInGame_47560_mod/PaletteChanges_47760_mod()
DrawAndEventsInGame_47560_mod/MouseAndKeysEvents_17A00(turn)
DrawAndEventsInGame_47560_mod/PaletteChanges_47760_mod()
DrawAndEventsInGame_47560_mod/MouseAndKeysEvents_17A00(turn)
DrawAndEventsInGame_47560_mod/PaletteChanges_47760_mod()
DrawAndEventsInGame_47560_mod/MouseAndKeysEvents_17A00(turn)
DrawAndEventsInGame_47560_mod/PaletteChanges_47760_mod()
DrawAndEventsInGame_47560_mod/MouseAndKeysEvents_17A00(turn)
DrawAndEventsInGame_47560_mod/PaletteChanges_47760_mod()
DrawAndEventsInGame_47560_mod/MouseAndKeysEvents_17A00(turn)
DrawAndEventsInGame_47560_mod/PaletteChanges_47760_mod()
DrawAndEventsInGame_47560_mod/MouseAndKeysEvents_17A00(turn)
DrawAndEventsInGame_47560_mod/PaletteChanges_47760_mod()
DrawAndEventsInGame_47560_mod/MouseAndKeysEvents_17A00(turn)
DrawAndEventsInGame_47560_mod/PaletteChanges_47760_mod()
DrawAndEventsInGame_47560_mod/MouseAndKeysEvents_17A00(turn)
DrawAndEventsInGame_47560_mod/PaletteChanges_47760_mod()
DrawAndEventsInGame_47560_mod/MouseAndKeysEvents_17A00(turn)
DrawAndEventsInGame_47560_mod/PaletteChanges_47760_mod()
DrawAndEventsInGame_47560_mod/MouseAndKeysEvents_17A00(turn)
DrawAndEventsInGame_47560_mod/PaletteChanges_47760_mod()
DrawAndEventsInGame_47560_mod/MouseAndKeysEvents_17A00(turn)
DrawAndEventsInGame_47560_mod/PaletteChanges_47760_mod()
DrawAndEventsInGame_47560_mod/MouseAndKeysEvents_17A00(turn)
DrawAndEventsInGame_47560_mod/PaletteChanges_47760_mod()
DrawAndEventsInGame_47560_mod/MouseAndKeysEvents_17A00(turn)
DrawAndEventsInGame_47560_mod/PaletteChanges_47760_mod()
DrawAndEventsInGame_47560_mod/MouseAndKeysEvents_17A00(turn)
DrawAndEventsInGame_47560_mod/PaletteChanges_47760_mod()
DrawAndEventsInGame_47560_mod/MouseAndKeysEvents_17A00(turn)
DrawAndEventsInGame_47560_mod/PaletteChanges_47760_mod()
DrawAndEventsInGame_47560_mod/MouseAndKeysEvents_17A00(turn)
DrawAndEventsInGame_47560_mod/PaletteChanges_47760_mod()
DrawAndEventsInGame_47560_mod/MouseAndKeysEvents_17A00(turn)
DrawAndEventsInGame_47560_mod/PaletteChanges_47760_mod()
DrawAndEventsInGame_47560_mod/MouseAndKeysEvents_17A00(turn)
DrawAndEventsInGame_47560_mod/PaletteChanges_47760_mod()
DrawAndEventsInGame_47560_mod/MouseAndKeysEvents_17A00(turn)
DrawAndEventsInGame_47560_mod/PaletteChanges_47760_mod()
DrawAndEventsInGame_47560_mod/MouseAndKeysEvents_17A00(turn)
DrawAndEventsInGame_47560_mod/PaletteChanges_47760_mod()
DrawAndEventsInGame_47560_mod/MouseAndKeysEvents_17A00(turn)
DrawAndEventsInGame_47560_mod/PaletteChanges_47760_mod()
DrawAndEventsInGame_47560_mod/MouseAndKeysEvents_17A00(turn)
DrawAndEventsInGame_47560_mod/PaletteChanges_47760_mod()
DrawAndEventsInGame_47560_mod/MouseAndKeysEvents_17A00(turn)
DrawAndEventsInGame_47560_mod/PaletteChanges_47760_mod()
DrawAndEventsInGame_47560_mod/MouseAndKeysEvents_17A00(turn)
DrawAndEventsInGame_47560_mod/PaletteChanges_47760_mod()
DrawAndEventsInGame_47560_mod/MouseAndKeysEvents_17A00(turn)
DrawAndEventsInGame_47560_mod/PaletteChanges_47760_mod()
DrawAndEventsInGame_47560_mod/MouseAndKeysEvents_17A00(turn)
DrawAndEventsInGame_47560_mod/PaletteChanges_47760_mod()
DrawAndEventsInGame_47560_mod/MouseAndKeysEvents_17A00(turn)
DrawAndEventsInGame_47560_mod/PaletteChanges_47760_mod()
DrawAndEventsInGame_47560_mod/MouseAndKeysEvents_17A00(turn)
DrawAndEventsInGame_47560_mod/PaletteChanges_47760_mod()
DrawAndEventsInGame_47560_mod/MouseAndKeysEvents_17A00(turn)
DrawAndEventsInGame_47560_mod/PaletteChanges_47760_mod()
DrawAndEventsInGame_47560_mod/MouseAndKeysEvents_17A00(turn)
DrawAndEventsInGame_47560_mod/PaletteChanges_47760_mod()
DrawAndEventsInGame_47560_mod/MouseAndKeysEvents_17A00(turn)
DrawAndEventsInGame_47560_mod/PaletteChanges_47760_mod()
DrawAndEventsInGame_47560_mod/MouseAndKeysEvents_17A00(turn)
DrawAndEventsInGame_47560_mod/PaletteChanges_47760_mod()
DrawAndEventsInGame_47560_mod/MouseAndKeysEvents_17A00(turn)
DrawAndEventsInGame_47560_mod/PaletteChanges_47760_mod()
DrawAndEventsInGame_47560_mod/MouseAndKeysEvents_17A00(turn)
DrawAndEventsInGame_47560_mod/PaletteChanges_47760_mod()
DrawAndEventsInGame_47560_mod/MouseAndKeysEvents_17A00(turn)
DrawAndEventsInGame_47560_mod/PaletteChanges_47760_mod()
DrawAndEventsInGame_47560_mod/MouseAndKeysEvents_17A00(turn)
DrawAndEventsInGame_47560_mod/PaletteChanges_47760_mod()
DrawAndEventsInGame_47560_mod/MouseAndKeysEvents_17A00(turn)
DrawAndEventsInGame_47560_mod/PaletteChanges_47760_mod()
DrawAndEventsInGame_47560_mod/MouseAndKeysEvents_17A00(turn)
DrawAndEventsInGame_47560_mod/PaletteChanges_47760_mod()
DrawAndEventsInGame_47560_mod/MouseAndKeysEvents_17A00(turn)
DrawAndEventsInGame_47560_mod/PaletteChanges_47760_mod()
DrawAndEventsInGame_47560_mod/MouseAndKeysEvents_17A00(turn)
DrawAndEventsInGame_47560_mod/PaletteChanges_47760_mod()
DrawAndEventsInGame_47560_mod/MouseAndKeysEvents_17A00(turn)
DrawAndEventsInGame_47560_mod/PaletteChanges_47760_mod()
DrawAndEventsInGame_47560_mod/MouseAndKeysEvents_17A00(turn)
DrawAndEventsInGame_47560_mod/PaletteChanges_47760_mod()
DrawAndEventsInGame_47560_mod/MouseAndKeysEvents_17A00(turn)
DrawAndEventsInGame_47560_mod/PaletteChanges_47760_mod()
DrawAndEventsInGame_47560_mod/MouseAndKeysEvents_17A00(turn)
DrawAndEventsInGame_47560_mod/PaletteChanges_47760_mod()
DrawAndEventsInGame_47560_mod/MouseAndKeysEvents_17A00(turn)
DrawAndEventsInGame_47560_mod/PaletteChanges_47760_mod()
DrawAndEventsInGame_47560_mod/MouseAndKeysEvents_17A00(turn)
DrawAndEventsInGame_47560_mod/PaletteChanges_47760_mod()
DrawAndEventsInGame_47560_mod/MouseAndKeysEvents_17A00(turn)
DrawAndEventsInGame_47560_mod/PaletteChanges_47760_mod()
DrawAndEventsInGame_47560_mod/MouseAndKeysEvents_17A00(turn)
DrawAndEventsInGame_47560_mod/PaletteChanges_47760_mod()
DrawAndEventsInGame_47560_mod/MouseAndKeysEvents_17A00(turn)
DrawAndEventsInGame_47560_mod/PaletteChanges_47760_mod()
DrawAndEventsInGame_47560_mod/MouseAndKeysEvents_17A00(turn)
DrawAndEventsInGame_47560_mod/PaletteChanges_47760_mod()
DrawAndEventsInGame_47560_mod/MouseAndKeysEvents_17A00(turn)
DrawAndEventsInGame_47560_mod/PaletteChanges_47760_mod()
DrawAndEventsInGame_47560_mod/MouseAndKeysEvents_17A00(turn)
DrawAndEventsInGame_47560_mod/PaletteChanges_47760_mod()
DrawAndEventsInGame_47560_mod/MouseAndKeysEvents_17A00(turn)
DrawAndEventsInGame_47560_mod/PaletteChanges_47760_mod()
DrawAndEventsInGame_47560_mod/MouseAndKeysEvents_17A00(turn)
DrawAndEventsInGame_47560_mod/PaletteChanges_47760_mod()
DrawAndEventsInGame_47560_mod/MouseAndKeysEvents_17A00(turn)
DrawAndEventsInGame_47560_mod/PaletteChanges_47760_mod()
DrawAndEventsInGame_47560_mod/MouseAndKeysEvents_17A00(turn)
DrawAndEventsInGame_47560_mod/PaletteChanges_47760_mod()
DrawAndEventsInGame_47560_mod/MouseAndKeysEvents_17A00(turn)
DrawAndEventsInGame_47560_mod/PaletteChanges_47760_mod()
DrawAndEventsInGame_47560_mod/MouseAndKeysEvents_17A00(turn)
DrawAndEventsInGame_47560_mod/PaletteChanges_47760_mod()
DrawAndEventsInGame_47560_mod/MouseAndKeysEvents_17A00(turn)
DrawAndEventsInGame_47560_mod/PaletteChanges_47760_mod()
DrawAndEventsInGame_47560_mod/MouseAndKeysEvents_17A00(turn)
DrawAndEventsInGame_47560_mod/PaletteChanges_47760_mod()
DrawAndEventsInGame_47560_mod/MouseAndKeysEvents_17A00(turn)
DrawAndEventsInGame_47560_mod/PaletteChanges_47760_mod()
DrawAndEventsInGame_47560_mod/MouseAndKeysEvents_17A00(turn)
DrawAndEventsInGame_47560_mod/PaletteChanges_47760_mod()
DrawAndEventsInGame_47560_mod/MouseAndKeysEvents_17A00(turn)
DrawAndEventsInGame_47560_mod/PaletteChanges_47760_mod()
DrawAndEventsInGame_47560_mod/MouseAndKeysEvents_17A00(turn)
DrawAndEventsInGame_47560_mod/PaletteChanges_47760_mod()
DrawAndEventsInGame_47560_mod/MouseAndKeysEvents_17A00(turn)
DrawAndEventsInGame_47560_mod/PaletteChanges_47760_mod()
DrawAndEventsInGame_47560_mod/MouseAndKeysEvents_17A00(turn)
DrawAndEventsInGame_47560_mod/PaletteChanges_47760_mod()
DrawAndEventsInGame_47560_mod/MouseAndKeysEvents_17A00(turn)
DrawAndEventsInGame_47560_mod/PaletteChanges_47760_mod()
DrawAndEventsInGame_47560_mod/MouseAndKeysEvents_17A00(turn)
DrawAndEventsInGame_47560_mod/PaletteChanges_47760_mod()
DrawAndEventsInGame_47560_mod/MouseAndKeysEvents_17A00(turn)
DrawAndEventsInGame_47560_mod/PaletteChanges_47760_mod()
DrawAndEventsInGame_47560_mod/MouseAndKeysEvents_17A00(turn)
DrawAndEventsInGame_47560_mod/PaletteChanges_47760_mod()
DrawAndEventsInGame_47560_mod/MouseAndKeysEvents_17A00(turn)
DrawAndEventsInGame_47560_mod/PaletteChanges_47760_mod()
DrawAndEventsInGame_47560_mod/MouseAndKeysEvents_17A00(turn)
DrawAndEventsInGame_47560_mod/PaletteChanges_47760_mod()
DrawAndEventsInGame_47560_mod/MouseAndKeysEvents_17A00(turn)
DrawAndEventsInGame_47560_mod/PaletteChanges_47760_mod()
DrawAndEventsInGame_47560_mod/MouseAndKeysEvents_17A00(turn)
DrawAndEventsInGame_47560_mod/PaletteChanges_47760_mod()
DrawAndEventsInGame_47560_mod/MouseAndKeysEvents_17A00(turn)
DrawAndEventsInGame_47560_mod/PaletteChanges_47760_mod()
DrawAndEventsInGame_47560_mod/MouseAndKeysEvents_17A00(turn)
DrawAndEventsInGame_47560_mod/PaletteChanges_47760_mod()
DrawAndEventsInGame_47560_mod/MouseAndKeysEvents_17A00(turn)
DrawAndEventsInGame_47560_mod/PaletteChanges_47760_mod()
DrawAndEventsInGame_47560_mod/MouseAndKeysEvents_17A00(turn)
DrawAndEventsInGame_47560_mod/PaletteChanges_47760_mod()
DrawAndEventsInGame_47560_mod/MouseAndKeysEvents_17A00(turn)
DrawAndEventsInGame_47560_mod/PaletteChanges_47760_mod()
DrawAndEventsInGame_47560_mod/MouseAndKeysEvents_17A00(turn)
DrawAndEventsInGame_47560_mod/PaletteChanges_47760_mod()
DrawAndEventsInGame_47560_mod/MouseAndKeysEvents_17A00(turn)
DrawAndEventsInGame_47560_mod/PaletteChanges_47760_mod()
DrawAndEventsInGame_47560_mod/MouseAndKeysEvents_17A00(turn)
DrawAndEventsInGame_47560_mod/PaletteChanges_47760_mod()
DrawAndEventsInGame_47560_mod/MouseAndKeysEvents_17A00(turn)
DrawAndEventsInGame_47560_mod/PaletteChanges_47760_mod()
DrawAndEventsInGame_47560_mod/MouseAndKeysEvents_17A00(turn)
DrawAndEventsInGame_47560_mod/PaletteChanges_47760_mod()
DrawAndEventsInGame_47560_mod/MouseAndKeysEvents_17A00(turn)
DrawAndEventsInGame_47560_mod/PaletteChanges_47760_mod()
DrawAndEventsInGame_47560_mod/MouseAndKeysEvents_17A00(turn)
DrawAndEventsInGame_47560_mod/PaletteChanges_47760_mod()
DrawAndEventsInGame_47560_mod/MouseAndKeysEvents_17A00(turn)
DrawAndEventsInGame_47560_mod/PaletteChanges_47760_mod()
DrawAndEventsInGame_47560_mod/MouseAndKeysEvents_17A00(turn)
DrawAndEventsInGame_47560_mod/PaletteChanges_47760_mod()
DrawAndEventsInGame_47560_mod/MouseAndKeysEvents_17A00(turn)
DrawAndEventsInGame_47560_mod/PaletteChanges_47760_mod()
DrawAndEventsInGame_47560_mod/MouseAndKeysEvents_17A00(turn)
DrawAndEventsInGame_47560_mod/PaletteChanges_47760_mod()
DrawAndEventsInGame_47560_mod/MouseAndKeysEvents_17A00(turn)
DrawAndEventsInGame_47560_mod/PaletteChanges_47760_mod()
DrawAndEventsInGame_47560_mod/MouseAndKeysEvents_17A00(turn)
DrawAndEventsInGame_47560_mod/PaletteChanges_47760_mod()
DrawAndEventsInGame_47560_mod/MouseAndKeysEvents_17A00(turn)
DrawAndEventsInGame_47560_mod/PaletteChanges_47760_mod()
DrawAndEventsInGame_47560_mod/MouseAndKeysEvents_17A00(turn)
DrawAndEventsInGame_47560_mod/PaletteChanges_47760_mod()
DrawAndEventsInGame_47560_mod/MouseAndKeysEvents_17A00(turn)
DrawAndEventsInGame_47560_mod/PaletteChanges_47760_mod()
DrawAndEventsInGame_47560_mod/MouseAndKeysEvents_17A00(turn)
DrawAndEventsInGame_47560_mod/PaletteChanges_47760_mod()
DrawAndEventsInGame_47560_mod/MouseAndKeysEvents_17A00(turn)
DrawAndEventsInGame_47560_mod/PaletteChanges_47760_mod()
DrawAndEventsInGame_47560_mod/MouseAndKeysEvents_17A00(turn)
DrawAndEventsInGame_47560_mod/PaletteChanges_47760_mod()
DrawAndEventsInGame_47560_mod/MouseAndKeysEvents_17A00(turn)
DrawAndEventsInGame_47560_mod/PaletteChanges_47760_mod()
DrawAndEventsInGame_47560_mod/MouseAndKeysEvents_17A00(turn)
DrawAndEventsInGame_47560_mod/PaletteChanges_47760_mod()
DrawAndEventsInGame_47560_mod/MouseAndKeysEvents_17A00(turn)
DrawAndEventsInGame_47560_mod/PaletteChanges_47760_mod()
DrawAndEventsInGame_47560_mod/MouseAndKeysEvents_17A00(turn)
DrawAndEventsInGame_47560_mod/PaletteChanges_47760_mod()
DrawAndEventsInGame_47560_mod/MouseAndKeysEvents_17A00(turn)
DrawAndEventsInGame_47560_mod/PaletteChanges_47760_mod()
DrawAndEventsInGame_47560_mod/MouseAndKeysEvents_17A00(turn)
DrawAndEventsInGame_47560_mod/PaletteChanges_47760_mod()
DrawAndEventsInGame_47560_mod/MouseAndKeysEvents_17A00(turn)
DrawAndEventsInGame_47560_mod/PaletteChanges_47760_mod()
DrawAndEventsInGame_47560_mod/MouseAndKeysEvents_17A00(turn)
DrawAndEventsInGame_47560_mod/PaletteChanges_47760_mod()
DrawAndEventsInGame_47560_mod/MouseAndKeysEvents_17A00(turn)
DrawAndEventsInGame_47560_mod/PaletteChanges_47760_mod()
DrawAndEventsInGame_47560_mod/MouseAndKeysEvents_17A00(turn)
DrawAndEventsInGame_47560_mod/PaletteChanges_47760_mod()
DrawAndEventsInGame_47560_mod/MouseAndKeysEvents_17A00(turn)
DrawAndEventsInGame_47560_mod/PaletteChanges_47760_mod()
DrawAndEventsInGame_47560_mod/MouseAndKeysEvents_17A00(turn)
DrawAndEventsInGame_47560_mod/PaletteChanges_47760_mod()
DrawAndEventsInGame_47560_mod/MouseAndKeysEvents_17A00(turn)
DrawAndEventsInGame_47560_mod/PaletteChanges_47760_mod()
DrawAndEventsInGame_47560_mod/MouseAndKeysEvents_17A00(turn)
DrawAndEventsInGame_47560_mod/PaletteChanges_47760_mod()
DrawAndEventsInGame_47560_mod/MouseAndKeysEvents_17A00(turn)
DrawAndEventsInGame_47560_mod/PaletteChanges_47760_mod()
DrawAndEventsInGame_47560_mod/MouseAndKeysEvents_17A00(turn)
DrawAndEventsInGame_47560_mod/PaletteChanges_47760_mod()
DrawAndEventsInGame_47560_mod/MouseAndKeysEvents_17A00(turn)
DrawAndEventsInGame_47560_mod/PaletteChanges_47760_mod()
DrawAndEventsInGame_47560_mod/MouseAndKeysEvents_17A00(turn)
DrawAndEventsInGame_47560_mod/PaletteChanges_47760_mod()
DrawAndEventsInGame_47560_mod/MouseAndKeysEvents_17A00(turn)
DrawAndEventsInGame_47560_mod/PaletteChanges_47760_mod()
DrawAndEventsInGame_47560_mod/MouseAndKeysEvents_17A00(turn)
DrawAndEventsInGame_47560_mod/PaletteChanges_47760_mod()
DrawAndEventsInGame_47560_mod/MouseAndKeysEvents_17A00(turn)
DrawAndEventsInGame_47560_mod/PaletteChanges_47760_mod()
DrawAndEventsInGame_47560_mod/MouseAndKeysEvents_17A00(turn)
DrawAndEventsInGame_47560_mod/PaletteChanges_47760_mod()
DrawAndEventsInGame_47560_mod/MouseAndKeysEvents_17A00(turn)
DrawAndEventsInGame_47560_mod/PaletteChanges_47760_mod()
DrawAndEventsInGame_47560_mod/MouseAndKeysEvents_17A00(turn)
DrawAndEventsInGame_47560_mod/PaletteChanges_47760_mod()
DrawAndEventsInGame_47560_mod/MouseAndKeysEvents_17A00(turn)
DrawAndEventsInGame_47560_mod/PaletteChanges_47760_mod()
DrawAndEventsInGame_47560_mod/MouseAndKeysEvents_17A00(turn)
DrawAndEventsInGame_47560_mod/PaletteChanges_47760_mod()
DrawAndEventsInGame_47560_mod/MouseAndKeysEvents_17A00(turn)
DrawAndEventsInGame_47560_mod/PaletteChanges_47760_mod()
DrawAndEventsInGame_47560_mod/MouseAndKeysEvents_17A00(turn)
DrawAndEventsInGame_47560_mod/PaletteChanges_47760_mod()
DrawAndEventsInGame_47560_mod/MouseAndKeysEvents_17A00(turn)
DrawAndEventsInGame_47560_mod/PaletteChanges_47760_mod()
DrawAndEventsInGame_47560_mod/MouseAndKeysEvents_17A00(turn)
DrawAndEventsInGame_47560_mod/PaletteChanges_47760_mod()
DrawAndEventsInGame_47560_mod/MouseAndKeysEvents_17A00(turn)
DrawAndEventsInGame_47560_mod/PaletteChanges_47760_mod()
DrawAndEventsInGame_47560_mod/MouseAndKeysEvents_17A00(turn)
DrawAndEventsInGame_47560_mod/PaletteChanges_47760_mod()
DrawAndEventsInGame_47560_mod/MouseAndKeysEvents_17A00(turn)
DrawAndEventsInGame_47560_mod/PaletteChanges_47760_mod()
DrawAndEventsInGame_47560_mod/MouseAndKeysEvents_17A00(turn)
DrawAndEventsInGame_47560_mod/PaletteChanges_47760_mod()
DrawAndEventsInGame_47560_mod/MouseAndKeysEvents_17A00(turn)
DrawAndEventsInGame_47560_mod/PaletteChanges_47760_mod()
DrawAndEventsInGame_47560_mod/MouseAndKeysEvents_17A00(turn)
DrawAndEventsInGame_47560_mod/PaletteChanges_47760_mod()
DrawAndEventsInGame_47560_mod/MouseAndKeysEvents_17A00(turn)
DrawAndEventsInGame_47560_mod/PaletteChanges_47760_mod()
DrawAndEventsInGame_47560_mod/MouseAndKeysEvents_17A00(turn)
DrawAndEventsInGame_47560_mod/PaletteChanges_47760_mod()
DrawAndEventsInGame_47560_mod/MouseAndKeysEvents_17A00(turn)
DrawAndEventsInGame_47560_mod/PaletteChanges_47760_mod()
DrawAndEventsInGame_47560_mod/MouseAndKeysEvents_17A00(turn)
DrawAndEventsInGame_47560_mod/PaletteChanges_47760_mod()
DrawAndEventsInGame_47560_mod/MouseAndKeysEvents_17A00(turn)
DrawAndEventsInGame_47560_mod/PaletteChanges_47760_mod()
DrawAndEventsInGame_47560_mod/MouseAndKeysEvents_17A00(turn)
DrawAndEventsInGame_47560_mod/PaletteChanges_47760_mod()
DrawAndEventsInGame_47560_mod/MouseAndKeysEvents_17A00(turn)
DrawAndEventsInGame_47560_mod/PaletteChanges_47760_mod()
DrawAndEventsInGame_47560_mod/MouseAndKeysEvents_17A00(turn)
DrawAndEventsInGame_47560_mod/PaletteChanges_47760_mod()
DrawAndEventsInGame_47560_mod/MouseAndKeysEvents_17A00(turn)
DrawAndEventsInGame_47560_mod/PaletteChanges_47760_mod()
DrawAndEventsInGame_47560_mod/MouseAndKeysEvents_17A00(turn)
DrawAndEventsInGame_47560_mod/PaletteChanges_47760_mod()
DrawAndEventsInGame_47560_mod/MouseAndKeysEvents_17A00(turn)
DrawAndEventsInGame_47560_mod/PaletteChanges_47760_mod()
DrawAndEventsInGame_47560_mod/MouseAndKeysEvents_17A00(turn)
DrawAndEventsInGame_47560_mod/PaletteChanges_47760_mod()
DrawAndEventsInGame_47560_mod/MouseAndKeysEvents_17A00(turn)
DrawAndEventsInGame_47560_mod/PaletteChanges_47760_mod()
DrawAndEventsInGame_47560_mod/MouseAndKeysEvents_17A00(turn)
DrawAndEventsInGame_47560_mod/PaletteChanges_47760_mod()
DrawAndEventsInGame_47560_mod/MouseAndKeysEvents_17A00(turn)
DrawAndEventsInGame_47560_mod/PaletteChanges_47760_mod()
DrawAndEventsInGame_47560_mod/MouseAndKeysEvents_17A00(turn)
DrawAndEventsInGame_47560_mod/PaletteChanges_47760_mod()
DrawAndEventsInGame_47560_mod/MouseAndKeysEvents_17A00(turn)
DrawAndEventsInGame_47560_mod/PaletteChanges_47760_mod()
DrawAndEventsInGame_47560_mod/MouseAndKeysEvents_17A00(turn)
DrawAndEventsInGame_47560_mod/PaletteChanges_47760_mod()
DrawAndEventsInGame_47560_mod/MouseAndKeysEvents_17A00(turn)
DrawAndEventsInGame_47560_mod/PaletteChanges_47760_mod()
DrawAndEventsInGame_47560_mod/MouseAndKeysEvents_17A00(turn)
DrawAndEventsInGame_47560_mod/PaletteChanges_47760_mod()
DrawAndEventsInGame_47560_mod/MouseAndKeysEvents_17A00(turn)
DrawAndEventsInGame_47560_mod/PaletteChanges_47760_mod()
DrawAndEventsInGame_47560_mod/MouseAndKeysEvents_17A00(turn)
DrawAndEventsInGame_47560_mod/PaletteChanges_47760_mod()
DrawAndEventsInGame_47560_mod/MouseAndKeysEvents_17A00(turn)
DrawAndEventsInGame_47560_mod/PaletteChanges_47760_mod()
DrawAndEventsInGame_47560_mod/MouseAndKeysEvents_17A00(turn)
DrawAndEventsInGame_47560_mod/PaletteChanges_47760_mod()
DrawAndEventsInGame_47560_mod/MouseAndKeysEvents_17A00(turn)
DrawAndEventsInGame_47560_mod/PaletteChanges_47760_mod()
DrawAndEventsInGame_47560_mod/MouseAndKeysEvents_17A00(turn)
DrawAndEventsInGame_47560_mod/PaletteChanges_47760_mod()
DrawAndEventsInGame_47560_mod/MouseAndKeysEvents_17A00(turn)
DrawAndEventsInGame_47560_mod/PaletteChanges_47760_mod()
DrawAndEventsInGame_47560_mod/MouseAndKeysEvents_17A00(turn)
DrawAndEventsInGame_47560_mod/PaletteChanges_47760_mod()
DrawAndEventsInGame_47560_mod/MouseAndKeysEvents_17A00(turn)
DrawAndEventsInGame_47560_mod/PaletteChanges_47760_mod()
DrawAndEventsInGame_47560_mod/MouseAndKeysEvents_17A00(turn)
DrawAndEventsInGame_47560_mod/PaletteChanges_47760_mod()
DrawAndEventsInGame_47560_mod/MouseAndKeysEvents_17A00(turn)
DrawAndEventsInGame_47560_mod/PaletteChanges_47760_mod()
DrawAndEventsInGame_47560_mod/MouseAndKeysEvents_17A00(turn)
DrawAndEventsInGame_47560_mod/PaletteChanges_47760_mod()
DrawAndEventsInGame_47560_mod/MouseAndKeysEvents_17A00(turn)
DrawAndEventsInGame_47560_mod/PaletteChanges_47760_mod()
DrawAndEventsInGame_47560_mod/MouseAndKeysEvents_17A00(turn)
DrawAndEventsInGame_47560_mod/PaletteChanges_47760_mod()
DrawAndEventsInGame_47560_mod/MouseAndKeysEvents_17A00(turn)
DrawAndEventsInGame_47560_mod/PaletteChanges_47760_mod()
DrawAndEventsInGame_47560_mod/MouseAndKeysEvents_17A00(turn)
DrawAndEventsInGame_47560_mod/PaletteChanges_47760_mod()
DrawAndEventsInGame_47560_mod/MouseAndKeysEvents_17A00(turn)
DrawAndEventsInGame_47560_mod/PaletteChanges_47760_mod()
DrawAndEventsInGame_47560_mod/MouseAndKeysEvents_17A00(turn)
DrawAndEventsInGame_47560_mod/PaletteChanges_47760_mod()
DrawAndEventsInGame_47560_mod/MouseAndKeysEvents_17A00(turn)
DrawAndEventsInGame_47560_mod/PaletteChanges_47760_mod()
DrawAndEventsInGame_47560_mod/MouseAndKeysEvents_17A00(turn)
DrawAndEventsInGame_47560_mod/PaletteChanges_47760_mod()
DrawAndEventsInGame_47560_mod/MouseAndKeysEvents_17A00(turn)
DrawAndEventsInGame_47560_mod/PaletteChanges_47760_mod()
DrawAndEventsInGame_47560_mod/MouseAndKeysEvents_17A00(turn)
DrawAndEventsInGame_47560_mod/PaletteChanges_47760_mod()
DrawAndEventsInGame_47560_mod/MouseAndKeysEvents_17A00(turn)
DrawAndEventsInGame_47560_mod/PaletteChanges_47760_mod()
DrawAndEventsInGame_47560_mod/MouseAndKeysEvents_17A00(turn)
DrawAndEventsInGame_47560_mod/PaletteChanges_47760_mod()
DrawAndEventsInGame_47560_mod/MouseAndKeysEvents_17A00(turn)
DrawAndEventsInGame_47560_mod/PaletteChanges_47760_mod()
DrawAndEventsInGame_47560_mod/MouseAndKeysEvents_17A00(turn)
DrawAndEventsInGame_47560_mod/PaletteChanges_47760_mod()
DrawAndEventsInGame_47560_mod/MouseAndKeysEvents_17A00(turn)
DrawAndEventsInGame_47560_mod/PaletteChanges_47760_mod()
DrawAndEventsInGame_47560_mod/MouseAndKeysEvents_17A00(turn)
DrawAndEventsInGame_47560_mod/PaletteChanges_47760_mod()
DrawAndEventsInGame_47560_mod/MouseAndKeysEvents_17A00(turn)
DrawAndEventsInGame_47560_mod/PaletteChanges_47760_mod()
DrawAndEventsInGame_47560_mod/MouseAndKeysEvents_17A00(turn)
DrawAndEventsInGame_47560_mod/PaletteChanges_47760_mod()
DrawAndEventsInGame_47560_mod/MouseAndKeysEvents_17A00(turn)
DrawAndEventsInGame_47560_mod/PaletteChanges_47760_mod()
DrawAndEventsInGame_47560_mod/MouseAndKeysEvents_17A00(turn)
DrawAndEventsInGame_47560_mod/PaletteChanges_47760_mod()
DrawAndEventsInGame_47560_mod/MouseAndKeysEvents_17A00(turn)
DrawAndEventsInGame_47560_mod/PaletteChanges_47760_mod()
DrawAndEventsInGame_47560_mod/MouseAndKeysEvents_17A00(turn)
DrawAndEventsInGame_47560_mod/PaletteChanges_47760_mod()
DrawAndEventsInGame_47560_mod/MouseAndKeysEvents_17A00(turn)
DrawAndEventsInGame_47560_mod/PaletteChanges_47760_mod()
DrawAndEventsInGame_47560_mod/MouseAndKeysEvents_17A00(turn)
DrawAndEventsInGame_47560_mod/PaletteChanges_47760_mod()
DrawAndEventsInGame_47560_mod/MouseAndKeysEvents_17A00(turn)
DrawAndEventsInGame_47560_mod/PaletteChanges_47760_mod()
DrawAndEventsInGame_47560_mod/MouseAndKeysEvents_17A00(turn)
DrawAndEventsInGame_47560_mod/PaletteChanges_47760_mod()
DrawAndEventsInGame_47560_mod/MouseAndKeysEvents_17A00(turn)
DrawAndEventsInGame_47560_mod/PaletteChanges_47760_mod()
DrawAndEventsInGame_47560_mod/MouseAndKeysEvents_17A00(turn)
DrawAndEventsInGame_47560_mod/PaletteChanges_47760_mod()
DrawAndEventsInGame_47560_mod/MouseAndKeysEvents_17A00(turn)
DrawAndEventsInGame_47560_mod/PaletteChanges_47760_mod()
DrawAndEventsInGame_47560_mod/MouseAndKeysEvents_17A00(turn)
DrawAndEventsInGame_47560_mod/PaletteChanges_47760_mod()
DrawAndEventsInGame_47560_mod/MouseAndKeysEvents_17A00(turn)
DrawAndEventsInGame_47560_mod/PaletteChanges_47760_mod()
DrawAndEventsInGame_47560_mod/MouseAndKeysEvents_17A00(turn)
DrawAndEventsInGame_47560_mod/PaletteChanges_47760_mod()
DrawAndEventsInGame_47560_mod/MouseAndKeysEvents_17A00(turn)
DrawAndEventsInGame_47560_mod/PaletteChanges_47760_mod()
DrawAndEventsInGame_47560_mod/MouseAndKeysEvents_17A00(turn)
DrawAndEventsInGame_47560_mod/PaletteChanges_47760_mod()
DrawAndEventsInGame_47560_mod/MouseAndKeysEvents_17A00(turn)
DrawAndEventsInGame_47560_mod/PaletteChanges_47760_mod()
DrawAndEventsInGame_47560_mod/MouseAndKeysEvents_17A00(turn)
DrawAndEventsInGame_47560_mod/PaletteChanges_47760_mod()
DrawAndEventsInGame_47560_mod/MouseAndKeysEvents_17A00(turn)
DrawAndEventsInGame_47560_mod/PaletteChanges_47760_mod()
DrawAndEventsInGame_47560_mod/MouseAndKeysEvents_17A00(turn)
DrawAndEventsInGame_47560_mod/PaletteChanges_47760_mod()
DrawAndEventsInGame_47560_mod/MouseAndKeysEvents_17A00(turn)
DrawAndEventsInGame_47560_mod/PaletteChanges_47760_mod()
DrawAndEventsInGame_47560_mod/MouseAndKeysEvents_17A00(turn)
DrawAndEventsInGame_47560_mod/PaletteChanges_47760_mod()
DrawAndEventsInGame_47560_mod/MouseAndKeysEvents_17A00(turn)
DrawAndEventsInGame_47560_mod/PaletteChanges_47760_mod()
DrawAndEventsInGame_47560_mod/MouseAndKeysEvents_17A00(turn)
DrawAndEventsInGame_47560_mod/PaletteChanges_47760_mod()
DrawAndEventsInGame_47560_mod/MouseAndKeysEvents_17A00(turn)
DrawAndEventsInGame_47560_mod/PaletteChanges_47760_mod()
DrawAndEventsInGame_47560_mod/MouseAndKeysEvents_17A00(turn)
DrawAndEventsInGame_47560_mod/PaletteChanges_47760_mod()
DrawAndEventsInGame_47560_mod/MouseAndKeysEvents_17A00(turn)
DrawAndEventsInGame_47560_mod/PaletteChanges_47760_mod()
DrawAndEventsInGame_47560_mod/MouseAndKeysEvents_17A00(turn)
DrawAndEventsInGame_47560_mod/PaletteChanges_47760_mod()
DrawAndEventsInGame_47560_mod/MouseAndKeysEvents_17A00(turn)
DrawAndEventsInGame_47560_mod/PaletteChanges_47760_mod()
DrawAndEventsInGame_47560_mod/MouseAndKeysEvents_17A00(turn)
DrawAndEventsInGame_47560_mod/PaletteChanges_47760_mod()
DrawAndEventsInGame_47560_mod/MouseAndKeysEvents_17A00(turn)
DrawAndEventsInGame_47560_mod/PaletteChanges_47760_mod()
DrawAndEventsInGame_47560_mod/MouseAndKeysEvents_17A00(turn)
DrawAndEventsInGame_47560_mod/PaletteChanges_47760_mod()
DrawAndEventsInGame_47560_mod/MouseAndKeysEvents_17A00(turn)
DrawAndEventsInGame_47560_mod/PaletteChanges_47760_mod()
DrawAndEventsInGame_47560_mod/MouseAndKeysEvents_17A00(turn)
DrawAndEventsInGame_47560_mod/PaletteChanges_47760_mod()
DrawAndEventsInGame_47560_mod/MouseAndKeysEvents_17A00(turn)
DrawAndEventsInGame_47560_mod/PaletteChanges_47760_mod()
DrawAndEventsInGame_47560_mod/MouseAndKeysEvents_17A00(turn)
DrawAndEventsInGame_47560_mod/PaletteChanges_47760_mod()
DrawAndEventsInGame_47560_mod/MouseAndKeysEvents_17A00(turn)
